CREATE TABLE IF NOT EXISTS Appliance_Brightness (
    "appliance_brightness_id" INT,
    "appliance_id" INT,
    "brightness" INT,
    "start_time" VARCHAR(4) ,
    "end_time" VARCHAR(5) 
);
INSERT INTO Appliance_Brightness VALUES
    (1,11,74,'0:34','1:39'),
    (2,11,59,'4:21','9:31'),
    (3,11,38,'4:29','7:48'),
    (4,11,99,'6:43','8:46'),
    (5,11,30,'6:47','9:41'),
    (6,11,94,'9:15','18:47'),
    (7,11,78,'0:56','9:39'),
    (8,11,67,'9:00','12:22'),
    (9,11,83,'7:15','5:47'),
    (10,11,31,'7:06','5:57');
CREATE TABLE IF NOT EXISTS Battery (
    "battery_id" INT,
    "building_id" INT,
    "percentage_charged" NUMERIC(3, 0),
    "system_status" VARCHAR(3) 
);
INSERT INTO Battery VALUES
    (1,1,88,'ON'),
    (2,2,57,'OFF'),
    (3,3,9,'ON'),
    (4,4,100,'ON'),
    (5,5,10,'ON'),
    (6,6,11,'ON'),
    (7,7,13,'OFF'),
    (8,8,64,'ON'),
    (9,9,1,'ON'),
    (10,10,94,'ON'),
    (11,11,58,'ON'),
    (12,12,60,'ON'),
    (13,13,82,'OFF'),
    (14,14,66,'ON'),
    (15,15,16,'ON');
CREATE TABLE IF NOT EXISTS Building (
    "building_id" INT,
    "building_name" VARCHAR(8) ,
    "city" VARCHAR(3) ,
    "street" VARCHAR(13) ,
    "postcode" VARCHAR(6) ,
    "country" VARCHAR(5) ,
    "nr_of_floors" INT
);
INSERT INTO Building VALUES
    (1,'Solar 1','UAE','Blackbird','6178FH','Dubai',5),
    (2,'Solar 2','UAE','Almo','4600YI','Dubai',2),
    (3,'Solar 3','UAE','Merrick','1770TU','Dubai',3),
    (4,'Solar 4','UAE','Messerschmidt','5629TA','Dubai',2),
    (5,'Solar 5','UAE','Anhalt','5630MA','Dubai',4),
    (6,'Solar 6','UAE','Hudson','6455TT','Dubai',3),
    (7,'Solar 7','UAE','Waywood','8926GG','Dubai',5),
    (8,'Solar 8','UAE','East','5640MG','Dubai',4),
    (9,'Solar 9','UAE','Prairieview','5513RR','Dubai',3),
    (10,'Solar 10','UAE','Bunker Hill','5493ZZ','Dubai',5),
    (11,'Solar 11','UAE','Basil','1149TY','Dubai',2),
    (12,'Solar 12','UAE','Kipling','4276YY','Dubai',4),
    (13,'Solar 13','UAE','Ryan','7896GG','Dubai',2),
    (14,'Solar 14','UAE','Kropf','2434MM','Dubai',4),
    (15,'Solar 15','UAE','Westend','6942JJ','Dubai',3);
CREATE TABLE IF NOT EXISTS Family (
    "family_id" INT,
    "house_id" INT,
    "nr_of_members" INT
);
INSERT INTO Family VALUES
    (1,1,3),
    (2,2,3),
    (3,3,2),
    (4,4,2),
    (5,5,2),
    (6,6,2),
    (7,7,3),
    (8,8,2);
CREATE TABLE IF NOT EXISTS Faucet (
    "faucet_id" INT,
    "appliance_id" INT,
    "avg_water_consumed_per_day" INT,
    "faucet_status" VARCHAR(3) 
);
INSERT INTO Faucet VALUES
    (1,2,689,'OFF'),
    (2,4,644,'OFF'),
    (3,5,99,'ON'),
    (4,6,587,'OFF'),
    (5,7,702,'OFF'),
    (6,9,326,'OFF'),
    (7,12,555,'ON');
CREATE TABLE IF NOT EXISTS Faucet_Readings (
    "faucet_readings_id" INT,
    "faucet_id" INT,
    "reading_time" VARCHAR(20) ,
    "water_consumed" INT,
    "hot_water_reading" INT,
    "cold_water_reading" INT
);
INSERT INTO Faucet_Readings VALUES
    (1,6,'2018-04-21 1:10:00',1,1,0),
    (2,6,'2018-04-21 1:20:00',5,3,2),
    (3,2,'2018-04-21 1:30:00',11,6,5),
    (4,5,'2018-04-21 1:40:00',7,0,7),
    (5,1,'2018-04-21 1:50:00',6,3,3),
    (6,2,'2018-04-21 2:00:00',12,8,4),
    (7,6,'2018-04-21 2:10:00',4,3,1),
    (8,4,'2018-04-21 2:20:00',9,2,7),
    (9,2,'2018-04-21 2:30:00',13,7,6),
    (10,5,'2018-04-21 2:40:00',4,4,0),
    (11,7,'2018-04-21 2:50:00',10,2,8),
    (12,4,'2018-04-21 3:00:00',9,6,3),
    (13,3,'2018-04-21 3:10:00',12,4,8),
    (14,6,'2018-04-21 3:20:00',13,7,6),
    (15,7,'2018-04-21 3:30:00',11,7,4),
    (16,5,'2018-04-21 3:40:00',12,5,7),
    (17,6,'2018-04-21 3:50:00',8,4,4),
    (18,1,'2018-04-21 4:00:00',10,5,5),
    (19,2,'2018-04-21 4:10:00',10,7,3),
    (20,3,'2018-04-21 4:20:00',11,5,6),
    (21,3,'2018-04-21 4:30:00',10,3,7),
    (22,4,'2018-04-21 4:40:00',10,8,2),
    (23,6,'2018-04-21 4:50:00',5,3,2),
    (24,1,'2018-04-21 5:00:00',6,5,1),
    (25,6,'2018-04-21 5:10:00',8,2,6),
    (26,6,'2018-04-21 5:20:00',6,4,2),
    (27,4,'2018-04-21 5:30:00',10,2,8),
    (28,2,'2018-04-21 5:40:00',11,8,3),
    (29,7,'2018-04-21 5:50:00',15,7,8),
    (30,1,'2018-04-21 6:00:00',11,8,3),
    (31,2,'2018-04-21 6:10:00',4,4,0),
    (32,2,'2018-04-21 6:20:00',4,1,3),
    (33,1,'2018-04-21 6:30:00',9,6,3),
    (34,2,'2018-04-21 6:40:00',9,1,8),
    (35,7,'2018-04-21 6:50:00',10,5,5),
    (36,3,'2018-04-21 7:00:00',4,0,4),
    (37,5,'2018-04-21 7:10:00',12,4,8),
    (38,3,'2018-04-21 7:20:00',8,1,7),
    (39,5,'2018-04-21 7:30:00',12,6,6),
    (40,2,'2018-04-21 7:40:00',9,3,6),
    (41,4,'2018-04-21 7:50:00',1,1,0),
    (42,2,'2018-04-21 8:00:00',3,2,1),
    (43,7,'2018-04-21 8:10:00',8,4,4),
    (44,1,'2018-04-21 8:20:00',2,1,1),
    (45,2,'2018-04-21 8:30:00',5,3,2),
    (46,3,'2018-04-21 8:40:00',14,8,6),
    (47,6,'2018-04-21 8:50:00',5,1,4),
    (48,4,'2018-04-21 9:00:00',11,8,3),
    (49,6,'2018-04-21 9:10:00',11,3,8),
    (50,3,'2018-04-21 9:20:00',4,3,1),
    (51,3,'2018-04-21 9:30:00',7,4,3),
    (52,6,'2018-04-21 9:40:00',2,2,0),
    (53,2,'2018-04-21 9:50:00',4,2,2),
    (54,5,'2018-04-21 10:00:00',1,1,0),
    (55,3,'2018-04-21 10:10:00',1,0,1),
    (56,6,'2018-04-21 10:20:00',12,7,5),
    (57,5,'2018-04-21 10:30:00',4,3,1),
    (58,4,'2018-04-21 10:40:00',9,7,2),
    (59,3,'2018-04-21 10:50:00',10,3,7),
    (60,1,'2018-04-21 11:00:00',8,6,2),
    (61,3,'2018-04-21 11:10:00',9,4,5),
    (62,4,'2018-04-21 11:20:00',10,6,4),
    (63,2,'2018-04-21 11:30:00',12,7,5),
    (64,4,'2018-04-21 11:40:00',8,4,4),
    (65,5,'2018-04-21 11:50:00',4,2,2),
    (66,4,'2018-04-21 12:00:00',10,8,2),
    (67,1,'2018-04-21 12:10:00',4,4,0),
    (68,2,'2018-04-21 12:20:00',10,5,5),
    (69,2,'2018-04-21 12:30:00',7,0,7),
    (70,3,'2018-04-21 12:40:00',12,4,8),
    (71,2,'2018-04-21 12:50:00',8,7,1),
    (72,3,'2018-04-21 13:00:00',6,4,2),
    (73,1,'2018-04-21 13:10:00',5,4,1),
    (74,7,'2018-04-21 13:20:00',11,8,3),
    (75,2,'2018-04-21 13:30:00',8,0,8),
    (76,4,'2018-04-21 13:40:00',9,4,5),
    (77,1,'2018-04-21 13:50:00',3,3,0),
    (78,3,'2018-04-21 14:00:00',8,3,5),
    (79,4,'2018-04-21 14:10:00',3,2,1),
    (80,1,'2018-04-21 14:20:00',11,4,7),
    (81,1,'2018-04-21 14:30:00',14,7,7),
    (82,6,'2018-04-21 14:40:00',11,5,6),
    (83,3,'2018-04-21 14:50:00',6,1,5),
    (84,1,'2018-04-21 15:00:00',7,4,3),
    (85,1,'2018-04-21 15:10:00',6,1,5),
    (86,3,'2018-04-21 15:20:00',13,8,5),
    (87,6,'2018-04-21 15:30:00',9,2,7),
    (88,7,'2018-04-21 15:40:00',3,1,2),
    (89,6,'2018-04-21 15:50:00',2,2,0),
    (90,7,'2018-04-21 16:00:00',10,2,8),
    (91,4,'2018-04-21 16:10:00',10,2,8),
    (92,3,'2018-04-21 16:20:00',9,2,7),
    (93,1,'2018-04-21 16:30:00',9,4,5),
    (94,2,'2018-04-21 16:40:00',10,3,7),
    (95,5,'2018-04-21 16:50:00',10,8,2),
    (96,1,'2018-04-21 17:00:00',6,3,3),
    (97,1,'2018-04-21 17:10:00',8,7,1),
    (98,7,'2018-04-21 17:20:00',12,7,5),
    (99,3,'2018-04-21 17:30:00',14,6,8),
    (100,6,'2018-04-21 17:40:00',12,8,4),
    (101,5,'2018-04-21 17:50:00',2,2,0),
    (102,2,'2018-04-21 18:00:00',5,1,4),
    (103,2,'2018-04-21 18:10:00',10,8,2),
    (104,7,'2018-04-21 18:20:00',5,0,5),
    (105,6,'2018-04-21 18:30:00',3,2,1),
    (106,6,'2018-04-21 18:40:00',8,0,8),
    (107,1,'2018-04-21 18:50:00',9,5,4),
    (108,4,'2018-04-21 19:00:00',6,3,3),
    (109,5,'2018-04-21 19:10:00',7,3,4),
    (110,2,'2018-04-21 19:20:00',1,1,0),
    (111,4,'2018-04-21 19:30:00',6,0,6),
    (112,6,'2018-04-21 19:40:00',12,4,8),
    (113,4,'2018-04-21 19:50:00',3,0,3),
    (114,3,'2018-04-21 20:00:00',9,4,5),
    (115,3,'2018-04-21 20:10:00',8,2,6),
    (116,3,'2018-04-21 20:20:00',10,4,6),
    (117,3,'2018-04-21 20:30:00',13,7,6),
    (118,7,'2018-04-21 20:40:00',11,6,5),
    (119,5,'2018-04-21 20:50:00',13,6,7),
    (120,4,'2018-04-21 21:00:00',0,0,0),
    (121,1,'2018-04-21 21:10:00',1,0,1),
    (122,3,'2018-04-21 21:20:00',6,4,2),
    (123,2,'2018-04-21 21:30:00',16,8,8),
    (124,5,'2018-04-21 21:40:00',3,3,0),
    (125,6,'2018-04-21 21:50:00',10,6,4),
    (126,2,'2018-04-21 22:00:00',12,7,5),
    (127,5,'2018-04-21 22:10:00',9,1,8),
    (128,7,'2018-04-21 22:20:00',1,1,0),
    (129,4,'2018-04-21 22:30:00',8,1,7),
    (130,4,'2018-04-21 22:40:00',9,1,8),
    (131,6,'2018-04-21 22:50:00',8,4,4),
    (132,4,'2018-04-21 23:00:00',11,6,5),
    (133,2,'2018-04-21 23:10:00',1,0,1),
    (134,7,'2018-04-21 23:20:00',10,6,4),
    (135,4,'2018-04-21 23:30:00',8,7,1),
    (136,4,'2018-04-21 23:40:00',6,0,6),
    (137,3,'2018-04-21 23:50:00',4,3,1),
    (138,7,'2018-04-22 0:00:00',13,5,8),
    (139,7,'2018-04-22 0:10:00',13,8,5),
    (140,7,'2018-04-22 0:20:00',6,5,1),
    (141,6,'2018-04-22 0:30:00',8,2,6),
    (142,7,'2018-04-22 0:40:00',10,4,8),
    (143,2,'2018-04-22 0:50:00',NULL,4,6),
    (144,2,'2018-04-22 1:00:00',6,2,4),
    (145,3,'2018-04-22 1:10:00',10,8,2),
    (146,4,'2018-04-22 1:20:00',14,7,7),
    (147,6,'2018-04-22 1:30:00',5,4,1),
    (148,6,'2018-04-22 1:40:00',9,8,1),
    (149,2,'2018-04-22 1:50:00',14,8,6),
    (150,4,'2018-04-22 2:00:00',2,0,2),
    (151,6,'2018-04-22 2:10:00',11,6,5),
    (152,6,'2018-04-22 2:20:00',7,4,3),
    (153,1,'2018-04-22 2:30:00',3,1,2),
    (154,6,'2018-04-22 2:40:00',5,5,0),
    (155,4,'2018-04-22 2:50:00',10,7,3),
    (156,6,'2018-04-22 3:00:00',10,5,5),
    (157,1,'2018-04-22 3:10:00',5,3,2),
    (158,6,'2018-04-22 3:20:00',3,3,0),
    (159,4,'2018-04-22 3:30:00',14,8,6),
    (160,7,'2018-04-22 3:40:00',3,0,3),
    (161,3,'2018-04-22 3:50:00',13,5,8),
    (162,4,'2018-04-22 4:00:00',6,2,4),
    (163,5,'2018-04-22 4:10:00',11,5,6),
    (164,5,'2018-04-22 4:20:00',4,2,2),
    (165,7,'2018-04-22 4:30:00',8,0,8),
    (166,1,'2018-04-22 4:40:00',5,3,2),
    (167,5,'2018-04-22 4:50:00',12,8,4),
    (168,6,'2018-04-22 5:00:00',0,0,0),
    (169,2,'2018-04-22 5:10:00',14,8,6),
    (170,2,'2018-04-22 5:20:00',14,7,7),
    (171,6,'2018-04-22 5:30:00',10,3,7),
    (172,5,'2018-04-22 5:40:00',0,0,0),
    (173,5,'2018-04-22 5:50:00',5,0,5),
    (174,2,'2018-04-22 6:00:00',14,8,6),
    (175,4,'2018-04-22 6:10:00',9,2,7),
    (176,7,'2018-04-22 6:20:00',8,6,2),
    (177,3,'2018-04-22 6:30:00',14,7,7),
    (178,3,'2018-04-22 6:40:00',5,4,1),
    (179,7,'2018-04-22 6:50:00',12,5,7),
    (180,5,'2018-04-22 7:00:00',14,7,7),
    (181,6,'2018-04-22 7:10:00',10,6,4),
    (182,1,'2018-04-22 7:20:00',10,7,3),
    (183,7,'2018-04-22 7:30:00',9,7,2),
    (184,6,'2018-04-22 7:40:00',4,3,1),
    (185,6,'2018-04-22 7:50:00',2,2,0),
    (186,5,'2018-04-22 8:00:00',2,0,2),
    (187,7,'2018-04-22 8:10:00',2,0,2),
    (188,1,'2018-04-22 8:20:00',9,5,4),
    (189,7,'2018-04-22 8:30:00',6,4,2),
    (190,2,'2018-04-22 8:40:00',7,4,3),
    (191,2,'2018-04-22 8:50:00',3,1,2),
    (192,3,'2018-04-22 9:00:00',13,8,5),
    (193,6,'2018-04-22 9:10:00',7,2,5),
    (194,3,'2018-04-22 9:20:00',9,7,2),
    (195,6,'2018-04-22 9:30:00',9,3,6),
    (196,3,'2018-04-22 9:40:00',2,0,2),
    (197,5,'2018-04-22 9:50:00',0,0,0),
    (198,5,'2018-04-22 10:00:00',16,8,8),
    (199,2,'2018-04-22 10:10:00',1,1,0),
    (200,5,'2018-04-22 10:20:00',9,2,7),
    (201,6,'2018-04-22 10:30:00',9,1,8),
    (202,6,'2018-04-22 10:40:00',5,4,1),
    (203,7,'2018-04-22 10:50:00',11,5,6),
    (204,2,'2018-04-22 11:00:00',11,7,4),
    (205,7,'2018-04-22 11:10:00',10,6,4),
    (206,7,'2018-04-22 11:20:00',15,8,7),
    (207,3,'2018-04-22 11:30:00',10,8,2),
    (208,7,'2018-04-22 11:40:00',11,5,6),
    (209,6,'2018-04-22 11:50:00',9,2,7),
    (210,7,'2018-04-22 12:00:00',7,4,3),
    (211,7,'2018-04-22 12:10:00',9,5,4),
    (212,4,'2018-04-22 12:20:00',11,5,6),
    (213,5,'2018-04-22 12:30:00',8,7,1),
    (214,7,'2018-04-22 12:40:00',6,3,3),
    (215,4,'2018-04-22 12:50:00',5,2,3),
    (216,4,'2018-04-22 13:00:00',7,5,2),
    (217,2,'2018-04-22 13:10:00',12,4,8),
    (218,3,'2018-04-22 13:20:00',4,1,3),
    (219,3,'2018-04-22 13:30:00',13,6,7),
    (220,5,'2018-04-22 13:40:00',8,2,6),
    (221,3,'2018-04-22 13:50:00',11,4,7),
    (222,6,'2018-04-22 14:00:00',3,0,3),
    (223,5,'2018-04-22 14:10:00',7,2,5),
    (224,1,'2018-04-22 14:20:00',4,3,1),
    (225,7,'2018-04-22 14:30:00',7,2,5),
    (226,3,'2018-04-22 14:40:00',6,5,1),
    (227,6,'2018-04-22 14:50:00',13,5,8),
    (228,1,'2018-04-22 15:00:00',12,8,4),
    (229,3,'2018-04-22 15:10:00',9,7,2),
    (230,6,'2018-04-22 15:20:00',11,5,6),
    (231,1,'2018-04-22 15:30:00',12,4,8),
    (232,7,'2018-04-22 15:40:00',8,1,7),
    (233,5,'2018-04-22 15:50:00',12,6,6),
    (234,2,'2018-04-22 16:00:00',4,0,4),
    (235,4,'2018-04-22 16:10:00',12,8,4),
    (236,1,'2018-04-22 16:20:00',11,7,4),
    (237,6,'2018-04-22 16:30:00',7,4,3),
    (238,4,'2018-04-22 16:40:00',9,7,2),
    (239,5,'2018-04-22 16:50:00',14,7,7),
    (240,1,'2018-04-22 17:00:00',11,8,3),
    (241,3,'2018-04-22 17:10:00',1,1,0),
    (242,3,'2018-04-22 17:20:00',0,0,0),
    (243,3,'2018-04-22 17:30:00',14,8,6),
    (244,6,'2018-04-22 17:40:00',8,7,1),
    (245,7,'2018-04-22 17:50:00',6,0,6),
    (246,7,'2018-04-22 18:00:00',6,6,0),
    (247,7,'2018-04-22 18:10:00',13,5,8),
    (248,6,'2018-04-22 18:20:00',5,0,5),
    (249,4,'2018-04-22 18:30:00',10,7,3),
    (250,1,'2018-04-22 18:40:00',12,5,7);
INSERT INTO Faucet_Readings VALUES
    (251,2,'2018-04-22 18:50:00',10,5,5),
    (252,6,'2018-04-22 19:00:00',7,6,1),
    (253,6,'2018-04-22 19:10:00',15,8,7),
    (254,4,'2018-04-22 19:20:00',7,2,5),
    (255,3,'2018-04-22 19:30:00',8,1,7),
    (256,7,'2018-04-22 19:40:00',3,1,2),
    (257,1,'2018-04-22 19:50:00',1,1,0),
    (258,3,'2018-04-22 20:00:00',9,4,5),
    (259,1,'2018-04-22 20:10:00',5,2,3),
    (260,5,'2018-04-22 20:20:00',12,8,4),
    (261,3,'2018-04-22 20:30:00',7,7,0),
    (262,1,'2018-04-22 20:40:00',10,5,5),
    (263,1,'2018-04-22 20:50:00',4,3,1),
    (264,2,'2018-04-22 21:00:00',8,6,2),
    (265,7,'2018-04-22 21:10:00',6,4,2),
    (266,2,'2018-04-22 21:20:00',7,5,2),
    (267,1,'2018-04-22 21:30:00',6,1,5),
    (268,5,'2018-04-22 21:40:00',7,5,2),
    (269,3,'2018-04-22 21:50:00',6,3,3),
    (270,2,'2018-04-22 22:00:00',5,0,5),
    (271,5,'2018-04-22 22:10:00',6,6,0),
    (272,2,'2018-04-22 22:20:00',0,0,0),
    (273,1,'2018-04-22 22:30:00',9,1,8),
    (274,3,'2018-04-22 22:40:00',9,3,6),
    (275,2,'2018-04-22 22:50:00',3,1,2),
    (276,5,'2018-04-22 23:00:00',1,1,0),
    (277,3,'2018-04-22 23:10:00',5,5,0),
    (278,7,'2018-04-22 23:20:00',5,5,0),
    (279,4,'2018-04-22 23:30:00',8,8,0),
    (280,5,'2018-04-22 23:40:00',7,5,2),
    (281,2,'2018-04-22 23:50:00',6,6,0),
    (282,6,'2018-04-23 00:00.000',3,0,3),
    (283,3,'2018-04-23 00:10.000',11,6,5),
    (284,3,'2018-04-23 00:20.000',9,8,1),
    (285,2,'2018-04-23 00:30.000',3,2,1),
    (286,1,'2018-04-23 00:40.000',10,6,4),
    (287,3,'2018-04-23 00:50.000',6,1,5),
    (288,3,'2018-04-23 1:00.000',14,8,6),
    (289,1,'2018-04-23 1:10:00',6,0,6),
    (290,2,'2018-04-23 1:20:00',9,2,7),
    (291,3,'2018-04-23 1:30:00',5,2,3),
    (292,2,'2018-04-23 1:40:00',10,4,6),
    (293,5,'2018-04-23 1:50:00',3,2,1),
    (294,3,'2018-04-23 2:00:00',14,6,8),
    (295,1,'2018-04-23 2:10:00',15,7,8),
    (296,3,'2018-04-23 2:20:00',3,1,2),
    (297,3,'2018-04-23 2:30:00',8,0,8),
    (298,4,'2018-04-23 2:40:00',6,5,1),
    (299,5,'2018-04-23 2:50:00',9,2,7),
    (300,7,'2018-04-23 3:00:00',6,1,5),
    (301,4,'2018-04-23 3:10:00',5,2,3),
    (302,7,'2018-04-23 3:20:00',3,1,2),
    (303,6,'2018-04-23 3:30:00',9,8,1),
    (304,1,'2018-04-23 3:40:00',6,6,0),
    (305,1,'2018-04-23 3:50:00',7,4,3),
    (306,2,'2018-04-23 4:00:00',4,0,4),
    (307,1,'2018-04-23 4:10:00',10,4,6),
    (308,4,'2018-04-23 4:20:00',8,5,3),
    (309,6,'2018-04-23 4:30:00',11,5,6),
    (310,3,'2018-04-23 4:40:00',4,4,0),
    (311,1,'2018-04-23 4:50:00',4,2,2),
    (312,5,'2018-04-23 5:00:00',13,8,5),
    (313,3,'2018-04-23 5:10:00',2,2,0),
    (314,7,'2018-04-23 5:20:00',4,1,3),
    (315,4,'2018-04-23 5:30:00',9,1,8),
    (316,5,'2018-04-23 5:40:00',7,7,0),
    (317,4,'2018-04-23 5:50:00',4,1,3),
    (318,2,'2018-04-23 6:00:00',13,5,8),
    (319,5,'2018-04-23 6:10:00',6,2,4),
    (320,4,'2018-04-23 6:20:00',15,7,8),
    (321,7,'2018-04-23 6:30:00',6,3,3),
    (322,5,'2018-04-23 6:40:00',3,2,1),
    (323,1,'2018-04-23 6:50:00',3,1,2),
    (324,1,'2018-04-23 7:00:00',14,7,7),
    (325,3,'2018-04-23 7:10:00',10,7,3),
    (326,5,'2018-04-23 7:20:00',3,2,1),
    (327,6,'2018-04-23 7:30:00',15,8,7),
    (328,4,'2018-04-23 7:40:00',6,5,1),
    (329,2,'2018-04-23 7:50:00',14,7,7),
    (330,5,'2018-04-23 8:00:00',4,4,0),
    (331,5,'2018-04-23 8:10:00',8,1,7),
    (332,4,'2018-04-23 8:20:00',6,3,3),
    (333,4,'2018-04-23 8:30:00',10,2,8),
    (334,4,'2018-04-23 8:40:00',7,3,4),
    (335,6,'2018-04-23 8:50:00',7,0,7),
    (336,6,'2018-04-23 9:00:00',5,2,3),
    (337,7,'2018-04-23 9:10:00',9,1,8),
    (338,7,'2018-04-23 9:20:00',11,5,6),
    (339,4,'2018-04-23 9:30:00',1,1,0),
    (340,7,'2018-04-23 9:40:00',8,2,6),
    (341,5,'2018-04-23 9:50:00',10,4,6),
    (342,3,'2018-04-23 10:00:00',3,3,0),
    (343,7,'2018-04-23 10:10:00',9,4,5),
    (344,3,'2018-04-23 10:20:00',13,6,7),
    (345,1,'2018-04-23 10:30:00',7,6,1),
    (346,3,'2018-04-23 10:40:00',7,4,3),
    (347,7,'2018-04-23 10:50:00',6,3,3),
    (348,7,'2018-04-23 11:00:00',6,6,0),
    (349,6,'2018-04-23 11:10:00',5,5,0),
    (350,1,'2018-04-23 11:20:00',5,2,3),
    (351,1,'2018-04-23 11:30:00',8,6,2),
    (352,1,'2018-04-23 11:40:00',8,6,2),
    (353,7,'2018-04-23 11:50:00',11,4,7),
    (354,5,'2018-04-23 12:00:00',6,6,0),
    (355,6,'2018-04-23 12:10:00',6,1,5),
    (356,3,'2018-04-23 12:20:00',9,6,3),
    (357,4,'2018-04-23 12:30:00',9,1,8),
    (358,7,'2018-04-23 12:40:00',5,4,1),
    (359,6,'2018-04-23 12:50:00',4,2,2),
    (360,1,'2018-04-23 13:00:00',15,8,7),
    (361,7,'2018-04-23 13:10:00',4,3,1),
    (362,5,'2018-04-23 13:20:00',2,2,0),
    (363,6,'2018-04-23 13:30:00',6,5,1),
    (364,7,'2018-04-23 13:40:00',3,3,0),
    (365,1,'2018-04-23 13:50:00',13,6,7),
    (366,4,'2018-04-23 14:00:00',13,7,6),
    (367,4,'2018-04-23 14:10:00',6,3,3),
    (368,2,'2018-04-23 14:20:00',15,8,7),
    (369,5,'2018-04-23 14:30:00',9,8,1),
    (370,5,'2018-04-23 14:40:00',7,0,7),
    (371,6,'2018-04-23 14:50:00',15,7,8),
    (372,1,'2018-04-23 15:00:00',7,0,7),
    (373,4,'2018-04-23 15:10:00',10,2,8),
    (374,4,'2018-04-23 15:20:00',10,7,3),
    (375,1,'2018-04-23 15:30:00',6,2,4),
    (376,6,'2018-04-23 15:40:00',9,7,2),
    (377,4,'2018-04-23 15:50:00',5,0,5),
    (378,5,'2018-04-23 16:00:00',4,1,3),
    (379,3,'2018-04-23 16:10:00',9,2,7),
    (380,6,'2018-04-23 16:20:00',7,2,5),
    (381,1,'2018-04-23 16:30:00',10,5,5),
    (382,7,'2018-04-23 16:40:00',4,1,3),
    (383,7,'2018-04-23 16:50:00',7,1,6),
    (384,1,'2018-04-23 17:00:00',16,8,8),
    (385,7,'2018-04-23 17:10:00',15,8,7),
    (386,4,'2018-04-23 17:20:00',14,8,6),
    (387,7,'2018-04-23 17:30:00',2,0,2),
    (388,5,'2018-04-23 17:40:00',4,4,0),
    (389,2,'2018-04-23 17:50:00',8,2,6),
    (390,2,'2018-04-23 18:00:00',10,2,8),
    (391,5,'2018-04-23 18:10:00',9,1,8),
    (392,1,'2018-04-23 18:20:00',5,0,5),
    (393,2,'2018-04-23 18:30:00',5,1,4),
    (394,7,'2018-04-23 18:40:00',9,1,8),
    (395,6,'2018-04-23 18:50:00',11,4,7),
    (396,1,'2018-04-23 19:00:00',13,5,8),
    (397,7,'2018-04-23 19:10:00',11,4,7),
    (398,2,'2018-04-23 19:20:00',10,3,7),
    (399,7,'2018-04-23 19:30:00',12,6,6),
    (400,2,'2018-04-23 19:40:00',9,4,5),
    (401,3,'2018-04-23 19:50:00',9,7,2),
    (402,6,'2018-04-23 20:00:00',9,8,1),
    (403,1,'2018-04-23 20:10:00',11,4,7),
    (404,4,'2018-04-23 20:20:00',9,8,1),
    (405,1,'2018-04-23 20:30:00',13,7,6),
    (406,3,'2018-04-23 20:40:00',5,4,1),
    (407,4,'2018-04-23 20:50:00',4,0,4),
    (408,2,'2018-04-23 21:00:00',6,3,3),
    (409,1,'2018-04-23 21:10:00',4,2,2),
    (410,2,'2018-04-23 21:20:00',2,2,0),
    (411,5,'2018-04-23 21:30:00',3,3,0),
    (412,6,'2018-04-23 21:40:00',12,6,6),
    (413,4,'2018-04-23 21:50:00',13,6,7),
    (414,4,'2018-04-23 22:00:00',10,6,4),
    (415,4,'2018-04-23 22:10:00',8,4,4),
    (416,1,'2018-04-23 22:20:00',8,1,7),
    (417,5,'2018-04-23 22:30:00',5,3,2),
    (418,7,'2018-04-23 22:40:00',5,0,5),
    (419,2,'2018-04-23 22:50:00',9,7,2),
    (420,6,'2018-04-23 23:00:00',7,7,0),
    (421,7,'2018-04-23 23:10:00',5,5,0),
    (422,1,'2018-04-23 23:20:00',8,1,7),
    (423,5,'2018-04-23 23:30:00',12,6,6),
    (424,3,'2018-04-23 23:40:00',9,1,8),
    (425,3,'2018-04-23 23:50:00',2,0,2),
    (426,6,'2018-04-24 0:00:00',7,7,0),
    (427,3,'2018-04-24 0:10:00',12,5,7),
    (428,5,'2018-04-24 0:20:00',5,3,2),
    (429,3,'2018-04-24 0:30:00',8,1,7),
    (430,2,'2018-04-24 0:40:00',14,8,6),
    (431,3,'2018-04-24 0:50:00',14,8,6),
    (432,2,'2018-04-24 1:00:00',10,5,5),
    (433,7,'2018-04-24 1:10:00',12,5,7),
    (434,4,'2018-04-24 1:20:00',13,5,8),
    (435,4,'2018-04-24 1:30:00',5,0,5),
    (436,6,'2018-04-24 1:40:00',11,7,4),
    (437,6,'2018-04-24 1:50:00',11,5,6),
    (438,7,'2018-04-24 2:00:00',9,4,5),
    (439,2,'2018-04-24 2:10:00',10,5,5),
    (440,2,'2018-04-24 2:20:00',2,0,2),
    (441,4,'2018-04-24 2:30:00',6,4,2),
    (442,4,'2018-04-24 2:40:00',8,8,0),
    (443,6,'2018-04-24 2:50:00',9,5,4),
    (444,3,'2018-04-24 3:00:00',11,5,6),
    (445,2,'2018-04-24 3:10:00',7,5,2),
    (446,4,'2018-04-24 3:20:00',10,3,7),
    (447,5,'2018-04-24 3:30:00',15,7,8),
    (448,3,'2018-04-24 3:40:00',4,0,4),
    (449,3,'2018-04-24 3:50:00',12,7,5),
    (450,1,'2018-04-24 4:00:00',13,7,6),
    (451,5,'2018-04-24 4:10:00',6,1,5),
    (452,4,'2018-04-24 4:20:00',6,0,6),
    (453,3,'2018-04-24 4:30:00',10,5,5),
    (454,1,'2018-04-24 4:40:00',5,0,5),
    (455,6,'2018-04-24 4:50:00',5,1,4),
    (456,4,'2018-04-24 5:00:00',9,7,2),
    (457,3,'2018-04-24 5:10:00',6,3,3),
    (458,7,'2018-04-24 5:20:00',13,7,6),
    (459,5,'2018-04-24 5:30:00',9,5,4),
    (460,2,'2018-04-24 5:40:00',7,3,4),
    (461,7,'2018-04-24 5:50:00',9,3,6),
    (462,2,'2018-04-24 6:00:00',14,8,6),
    (463,5,'2018-04-24 6:10:00',15,7,8),
    (464,3,'2018-04-24 6:20:00',9,1,8),
    (465,1,'2018-04-24 6:30:00',8,5,3),
    (466,2,'2018-04-24 6:40:00',12,6,6),
    (467,2,'2018-04-24 6:50:00',3,0,3),
    (468,4,'2018-04-24 7:00:00',8,5,3),
    (469,4,'2018-04-24 7:10:00',13,8,5),
    (470,4,'2018-04-24 7:20:00',14,8,6),
    (471,5,'2018-04-24 7:30:00',3,3,0),
    (472,1,'2018-04-24 7:40:00',10,3,7),
    (473,3,'2018-04-24 7:50:00',4,2,2),
    (474,1,'2018-04-24 8:00:00',5,2,3),
    (475,7,'2018-04-24 8:10:00',2,1,1),
    (476,6,'2018-04-24 8:20:00',12,5,7),
    (477,7,'2018-04-24 8:30:00',13,8,5),
    (478,7,'2018-04-24 8:40:00',12,6,6),
    (479,3,'2018-04-24 8:50:00',11,5,6),
    (480,1,'2018-04-24 9:00:00',16,8,8),
    (481,7,'2018-04-24 9:10:00',16,8,8),
    (482,2,'2018-04-24 9:20:00',5,5,0),
    (483,2,'2018-04-24 9:30:00',8,7,1),
    (484,7,'2018-04-24 9:40:00',9,6,3),
    (485,7,'2018-04-24 9:50:00',12,8,4),
    (486,2,'2018-04-24 10:00:00',5,4,1),
    (487,5,'2018-04-24 10:10:00',3,3,0),
    (488,2,'2018-04-24 10:20:00',7,4,3),
    (489,2,'2018-04-24 10:30:00',10,3,7),
    (490,4,'2018-04-24 10:40:00',0,0,0),
    (491,7,'2018-04-24 10:50:00',3,1,2),
    (492,6,'2018-04-24 11:00:00',5,2,3),
    (493,5,'2018-04-24 11:10:00',7,7,0),
    (494,7,'2018-04-24 11:20:00',12,5,7),
    (495,5,'2018-04-24 11:30:00',6,0,6),
    (496,2,'2018-04-24 11:40:00',13,6,7),
    (497,4,'2018-04-24 11:50:00',9,8,1),
    (498,6,'2018-04-24 12:00:00',11,8,3),
    (499,2,'2018-04-24 12:10:00',13,8,5),
    (500,7,'2018-04-24 12:20:00',0,0,0);
INSERT INTO Faucet_Readings VALUES
    (501,3,'2018-04-24 12:30:00',0,0,0),
    (502,1,'2018-04-24 12:40:00',0,0,0),
    (503,3,'2018-04-24 12:50:00',0,0,0),
    (504,6,'2018-04-24 13:00:00',0,0,0),
    (505,6,'2018-04-24 13:10:00',0,0,0),
    (506,2,'2018-04-24 13:20:00',0,0,0),
    (507,5,'2018-04-24 13:30:00',0,0,0),
    (508,1,'2018-04-24 13:40:00',0,0,0),
    (509,1,'2018-04-24 13:50:00',0,0,0),
    (510,5,'2018-04-24 14:00:00',0,0,0),
    (511,6,'2018-04-24 14:10:00',0,0,0),
    (512,7,'2018-04-24 14:20:00',0,0,0),
    (513,1,'2018-04-24 14:30:00',0,0,0),
    (514,3,'2018-04-24 14:40:00',0,0,0),
    (515,5,'2018-04-24 14:50:00',0,0,0),
    (516,3,'2018-04-24 15:00:00',0,0,0),
    (517,6,'2018-04-24 15:10:00',0,0,0),
    (518,2,'2018-04-24 15:20:00',0,0,0),
    (519,4,'2018-04-24 15:30:00',0,0,0),
    (520,4,'2018-04-24 15:40:00',0,0,0),
    (521,3,'2018-04-24 15:50:00',0,0,0),
    (522,2,'2018-04-24 16:00:00',0,0,0),
    (523,6,'2018-04-24 16:10:00',0,0,0),
    (524,7,'2018-04-24 16:20:00',0,0,0),
    (525,7,'2018-04-24 16:30:00',0,0,0),
    (526,3,'2018-04-24 16:40:00',0,0,0),
    (527,3,'2018-04-24 16:50:00',0,0,0),
    (528,7,'2018-04-24 17:00:00',0,0,0),
    (529,3,'2018-04-24 17:10:00',0,0,0),
    (530,3,'2018-04-24 17:20:00',0,0,0),
    (531,6,'2018-04-24 17:30:00',0,0,0),
    (532,3,'2018-04-24 17:40:00',0,0,0),
    (533,2,'2018-04-24 17:50:00',0,0,0),
    (534,5,'2018-04-24 18:00:00',0,0,0),
    (535,2,'2018-04-24 18:10:00',0,0,0),
    (536,7,'2018-04-24 18:20:00',0,0,0),
    (537,6,'2018-04-24 18:30:00',0,0,0),
    (538,4,'2018-04-24 18:40:00',0,0,0),
    (539,1,'2018-04-24 18:50:00',0,0,0),
    (540,6,'2018-04-24 19:00:00',0,0,0),
    (541,4,'2018-04-24 19:10:00',0,0,0),
    (542,2,'2018-04-24 19:20:00',0,0,0),
    (543,1,'2018-04-24 19:30:00',0,0,0),
    (544,5,'2018-04-24 19:40:00',0,0,0),
    (545,4,'2018-04-24 19:50:00',0,0,0),
    (546,2,'2018-04-24 20:00:00',0,0,0),
    (547,1,'2018-04-24 20:10:00',0,0,0),
    (548,3,'2018-04-24 20:20:00',0,0,0),
    (549,6,'2018-04-24 20:30:00',0,0,0),
    (550,4,'2018-04-24 20:40:00',0,0,0),
    (551,6,'2018-04-24 20:50:00',0,0,0),
    (552,6,'2018-04-24 21:00:00',0,0,0),
    (553,6,'2018-04-24 21:10:00',0,0,0),
    (554,3,'2018-04-24 21:20:00',0,0,0),
    (555,2,'2018-04-24 21:30:00',0,0,0),
    (556,5,'2018-04-24 21:40:00',0,0,0),
    (557,5,'2018-04-24 21:50:00',0,0,0),
    (558,7,'2018-04-24 22:00:00',0,0,0),
    (559,4,'2018-04-24 22:10:00',0,0,0),
    (560,5,'2018-04-24 22:20:00',0,0,0),
    (561,5,'2018-04-24 22:30:00',0,0,0),
    (562,6,'2018-04-24 22:40:00',0,0,0),
    (563,6,'2018-04-24 22:50:00',0,0,0),
    (564,3,'2018-04-24 23:00:00',0,0,0),
    (565,5,'2018-04-24 23:10:00',0,0,0),
    (566,3,'2018-04-24 23:20:00',0,0,0),
    (567,7,'2018-04-24 23:30:00',0,0,0),
    (568,1,'2018-04-24 23:40:00',0,0,0),
    (569,2,'2018-04-24 23:50:00',0,0,0),
    (570,5,'2018-04-25 0:00:00',0,0,0),
    (571,5,'2018-04-25 0:10:00',0,0,0),
    (572,2,'2018-04-25 0:20:00',0,0,0),
    (573,5,'2018-04-25 0:30:00',0,0,0),
    (574,4,'2018-04-25 0:40:00',0,0,0),
    (575,3,'2018-04-25 0:50:00',0,0,0),
    (576,6,'2018-04-25 1:00:00',0,0,0),
    (577,4,'2018-04-25 1:10:00',0,0,0),
    (578,5,'2018-04-25 1:20:00',0,0,0),
    (579,3,'2018-04-25 1:30:00',0,0,0),
    (580,6,'2018-04-25 1:40:00',0,0,0),
    (581,3,'2018-04-25 1:50:00',0,0,0),
    (582,3,'2018-04-25 2:00:00',0,0,0),
    (583,2,'2018-04-25 2:10:00',0,0,0),
    (584,7,'2018-04-25 2:20:00',0,0,0),
    (585,1,'2018-04-25 2:30:00',0,0,0),
    (586,1,'2018-04-25 2:40:00',0,0,0),
    (587,1,'2018-04-25 2:50:00',0,0,0),
    (588,2,'2018-04-25 3:00:00',0,0,0),
    (589,5,'2018-04-25 3:10:00',0,0,0),
    (590,1,'2018-04-25 3:20:00',0,0,0),
    (591,3,'2018-04-25 3:30:00',0,0,0),
    (592,1,'2018-04-25 3:40:00',0,0,0),
    (593,5,'2018-04-25 3:50:00',0,0,0),
    (594,7,'2018-04-25 4:00:00',0,0,0),
    (595,6,'2018-04-25 4:10:00',0,0,0),
    (596,6,'2018-04-25 4:20:00',0,0,0),
    (597,2,'2018-04-25 4:30:00',0,0,0),
    (598,6,'2018-04-25 4:40:00',0,0,0),
    (599,4,'2018-04-25 4:50:00',0,0,0),
    (600,5,'2018-04-25 5:00:00',0,0,0),
    (601,6,'2018-04-25 5:10:00',0,0,0),
    (602,3,'2018-04-25 5:20:00',0,0,0),
    (603,2,'2018-04-25 5:30:00',0,0,0),
    (604,3,'2018-04-25 5:40:00',0,0,0),
    (605,5,'2018-04-25 5:50:00',0,0,0),
    (606,2,'2018-04-25 6:00:00',0,0,0),
    (607,4,'2018-04-25 6:10:00',0,0,0),
    (608,5,'2018-04-25 6:20:00',0,0,0),
    (609,2,'2018-04-25 6:30:00',0,0,0),
    (610,1,'2018-04-25 6:40:00',0,0,0),
    (611,4,'2018-04-25 6:50:00',0,0,0),
    (612,3,'2018-04-25 7:00:00',0,0,0),
    (613,5,'2018-04-25 7:10:00',0,0,0),
    (614,1,'2018-04-25 7:20:00',0,0,0),
    (615,1,'2018-04-25 7:30:00',0,0,0),
    (616,5,'2018-04-25 7:40:00',0,0,0),
    (617,7,'2018-04-25 7:50:00',0,0,0),
    (618,6,'2018-04-25 8:00:00',0,0,0),
    (619,3,'2018-04-25 8:10:00',0,0,0),
    (620,4,'2018-04-25 8:20:00',0,0,0),
    (621,5,'2018-04-25 8:30:00',0,0,0),
    (622,5,'2018-04-25 8:40:00',0,0,0),
    (623,1,'2018-04-25 8:50:00',0,0,0),
    (624,7,'2018-04-25 9:00:00',0,0,0),
    (625,1,'2018-04-25 9:10:00',0,0,0),
    (626,4,'2018-04-25 9:20:00',0,0,0),
    (627,7,'2018-04-25 9:30:00',0,0,0),
    (628,6,'2018-04-25 9:40:00',0,0,0),
    (629,3,'2018-04-25 9:50:00',0,0,0),
    (630,5,'2018-04-25 10:00:00',0,0,0),
    (631,6,'2018-04-25 10:10:00',0,0,0),
    (632,3,'2018-04-25 10:20:00',0,0,0),
    (633,5,'2018-04-25 10:30:00',0,0,0),
    (634,6,'2018-04-25 10:40:00',0,0,0),
    (635,6,'2018-04-25 10:50:00',0,0,0),
    (636,1,'2018-04-25 11:00:00',0,0,0),
    (637,6,'2018-04-25 11:10:00',0,0,0),
    (638,7,'2018-04-25 11:20:00',0,0,0),
    (639,5,'2018-04-25 11:30:00',0,0,0),
    (640,7,'2018-04-25 11:40:00',0,0,0),
    (641,7,'2018-04-25 11:50:00',0,0,0),
    (642,6,'2018-04-25 12:00:00',0,0,0),
    (643,7,'2018-04-25 12:10:00',0,0,0),
    (644,5,'2018-04-25 12:20:00',0,0,0),
    (645,6,'2018-04-25 12:30:00',0,0,0),
    (646,5,'2018-04-25 12:40:00',0,0,0),
    (647,6,'2018-04-25 12:50:00',0,0,0),
    (648,1,'2018-04-25 13:00:00',0,0,0),
    (649,2,'2018-04-25 13:10:00',0,0,0),
    (650,7,'2018-04-25 13:20:00',0,0,0),
    (651,2,'2018-04-25 13:30:00',0,0,0),
    (652,3,'2018-04-25 13:40:00',0,0,0),
    (653,4,'2018-04-25 13:50:00',0,0,0),
    (654,6,'2018-04-25 14:00:00',0,0,0),
    (655,5,'2018-04-25 14:10:00',0,0,0),
    (656,1,'2018-04-25 14:20:00',0,0,0),
    (657,2,'2018-04-25 14:30:00',0,0,0),
    (658,2,'2018-04-25 14:40:00',0,0,0),
    (659,3,'2018-04-25 14:50:00',0,0,0),
    (660,5,'2018-04-25 15:00:00',0,0,0),
    (661,7,'2018-04-25 15:10:00',0,0,0),
    (662,3,'2018-04-25 15:20:00',0,0,0),
    (663,2,'2018-04-25 15:30:00',0,0,0),
    (664,1,'2018-04-25 15:40:00',0,0,0),
    (665,7,'2018-04-25 15:50:00',0,0,0),
    (666,5,'2018-04-25 16:00:00',0,0,0),
    (667,5,'2018-04-25 16:10:00',0,0,0),
    (668,1,'2018-04-25 16:20:00',0,0,0),
    (669,2,'2018-04-25 16:30:00',0,0,0),
    (670,2,'2018-04-25 16:40:00',0,0,0),
    (671,6,'2018-04-25 16:50:00',0,0,0),
    (672,3,'2018-04-25 17:00:00',0,0,0),
    (673,5,'2018-04-25 17:10:00',0,0,0),
    (674,5,'2018-04-25 17:20:00',0,0,0),
    (675,4,'2018-04-25 17:30:00',0,0,0),
    (676,5,'2018-04-25 17:40:00',0,0,0),
    (677,1,'2018-04-25 17:50:00',0,0,0),
    (678,3,'2018-04-25 18:00:00',0,0,0),
    (679,2,'2018-04-25 18:10:00',0,0,0),
    (680,6,'2018-04-25 18:20:00',0,0,0),
    (681,6,'2018-04-25 18:30:00',0,0,0),
    (682,2,'2018-04-25 18:40:00',0,0,0),
    (683,5,'2018-04-25 18:50:00',0,0,0),
    (684,3,'2018-04-25 19:00:00',0,0,0),
    (685,2,'2018-04-25 19:10:00',0,0,0),
    (686,1,'2018-04-25 19:20:00',0,0,0),
    (687,6,'2018-04-25 19:30:00',0,0,0),
    (688,3,'2018-04-25 19:40:00',0,0,0),
    (689,4,'2018-04-25 19:50:00',0,0,0),
    (690,4,'2018-04-25 20:00:00',0,0,0),
    (691,7,'2018-04-25 20:10:00',0,0,0),
    (692,3,'2018-04-25 20:20:00',0,0,0),
    (693,5,'2018-04-25 20:30:00',0,0,0),
    (694,7,'2018-04-25 20:40:00',0,0,0),
    (695,5,'2018-04-25 20:50:00',0,0,0),
    (696,3,'2018-04-25 21:00:00',0,0,0),
    (697,5,'2018-04-25 21:10:00',0,0,0),
    (698,4,'2018-04-25 21:20:00',0,0,0),
    (699,2,'2018-04-25 21:30:00',0,0,0),
    (700,1,'2018-04-25 21:40:00',0,0,0),
    (701,6,'2018-04-25 21:50:00',0,0,0),
    (702,7,'2018-04-25 22:00:00',0,0,0),
    (703,5,'2018-04-25 22:10:00',0,0,0),
    (704,6,'2018-04-25 22:20:00',0,0,0),
    (705,4,'2018-04-25 22:30:00',0,0,0),
    (706,7,'2018-04-25 22:40:00',0,0,0),
    (707,3,'2018-04-25 22:50:00',0,0,0),
    (708,1,'2018-04-25 23:00:00',0,0,0),
    (709,1,'2018-04-25 23:10:00',0,0,0),
    (710,6,'2018-04-25 23:20:00',0,0,0),
    (711,6,'2018-04-25 23:30:00',0,0,0),
    (712,7,'2018-04-25 23:40:00',0,0,0),
    (713,7,'2018-04-25 23:50:00',0,0,0),
    (714,1,'2018-04-26 0:00:00',0,0,0),
    (715,2,'2018-04-26 0:10:00',0,0,0),
    (716,2,'2018-04-26 0:20:00',0,0,0),
    (717,6,'2018-04-26 0:30:00',0,0,0),
    (718,2,'2018-04-26 0:40:00',0,0,0),
    (719,5,'2018-04-26 0:50:00',0,0,0),
    (720,6,'2018-04-26 1:00:00',0,0,0),
    (721,2,'2018-04-26 1:10:00',0,0,0),
    (722,5,'2018-04-26 1:20:00',0,0,0),
    (723,7,'2018-04-26 1:30:00',0,0,0),
    (724,1,'2018-04-26 1:40:00',0,0,0),
    (725,3,'2018-04-26 1:50:00',0,0,0),
    (726,6,'2018-04-26 2:00:00',0,0,0),
    (727,2,'2018-04-26 2:10:00',0,0,0),
    (728,1,'2018-04-26 2:20:00',0,0,0),
    (729,2,'2018-04-26 2:30:00',0,0,0),
    (730,6,'2018-04-26 2:40:00',0,0,0),
    (731,7,'2018-04-26 2:50:00',0,0,0),
    (732,3,'2018-04-26 3:00:00',0,0,0),
    (733,1,'2018-04-26 3:10:00',0,0,0),
    (734,6,'2018-04-26 3:20:00',0,0,0),
    (735,2,'2018-04-26 3:30:00',0,0,0),
    (736,5,'2018-04-26 3:40:00',0,0,0),
    (737,2,'2018-04-26 3:50:00',0,0,0),
    (738,6,'2018-04-26 4:00:00',0,0,0),
    (739,7,'2018-04-26 4:10:00',0,0,0),
    (740,4,'2018-04-26 4:20:00',0,0,0),
    (741,2,'2018-04-26 4:30:00',0,0,0),
    (742,3,'2018-04-26 4:40:00',0,0,0),
    (743,3,'2018-04-26 4:50:00',0,0,0),
    (744,3,'2018-04-26 5:00:00',0,0,0),
    (745,2,'2018-04-26 5:10:00',0,0,0),
    (746,6,'2018-04-26 5:20:00',0,0,0),
    (747,7,'2018-04-26 5:30:00',0,0,0),
    (748,6,'2018-04-26 5:40:00',0,0,0),
    (749,4,'2018-04-26 5:50:00',0,0,0),
    (750,2,'2018-04-26 6:00:00',26,10,5);
INSERT INTO Faucet_Readings VALUES
    (751,3,'2018-04-26 6:10:00',30,7,9),
    (752,7,'2018-04-26 6:20:00',34,9,5),
    (753,4,'2018-04-26 6:30:00',31,6,6),
    (754,4,'2018-04-26 6:40:00',27,7,5),
    (755,3,'2018-04-26 6:50:00',25,5,7),
    (756,4,'2018-04-26 7:00:00',24,9,9),
    (757,2,'2018-04-26 7:10:00',30,5,5),
    (758,2,'2018-04-26 7:20:00',21,6,10),
    (759,4,'2018-04-26 7:30:00',28,9,7),
    (760,4,'2018-04-26 7:40:00',37,9,6),
    (761,3,'2018-04-26 7:50:00',23,8,7),
    (762,3,'2018-04-26 8:00:00',28,10,8),
    (763,7,'2018-04-26 8:10:00',40,5,7),
    (764,4,'2018-04-26 8:20:00',40,7,5),
    (765,7,'2018-04-26 8:30:00',29,5,7),
    (766,7,'2018-04-26 8:40:00',27,6,7),
    (767,2,'2018-04-26 8:50:00',35,6,10),
    (768,4,'2018-04-26 9:00:00',26,7,6),
    (769,6,'2018-04-26 9:10:00',35,7,8),
    (770,5,'2018-04-26 9:20:00',39,8,5),
    (771,6,'2018-04-26 9:30:00',27,7,5),
    (772,5,'2018-04-26 9:40:00',22,10,7),
    (773,7,'2018-04-26 9:50:00',27,6,7),
    (774,6,'2018-04-26 10:00:00',31,7,7),
    (775,5,'2018-04-26 10:10:00',36,8,10),
    (776,6,'2018-04-26 10:20:00',23,10,8),
    (777,3,'2018-04-26 10:30:00',37,8,8),
    (778,2,'2018-04-26 10:40:00',36,8,9),
    (779,3,'2018-04-26 10:50:00',28,9,7),
    (780,5,'2018-04-26 11:00:00',34,6,5),
    (781,7,'2018-04-26 11:10:00',30,7,6),
    (782,5,'2018-04-26 11:20:00',20,7,6),
    (783,1,'2018-04-26 11:30:00',24,6,10),
    (784,6,'2018-04-26 11:40:00',30,8,10),
    (785,3,'2018-04-26 11:50:00',30,6,5),
    (786,2,'2018-04-26 12:00:00',24,8,5),
    (787,3,'2018-04-26 12:10:00',23,5,5),
    (788,5,'2018-04-26 12:20:00',33,5,9),
    (789,6,'2018-04-26 12:30:00',24,10,5),
    (790,1,'2018-04-26 12:40:00',36,10,5),
    (791,7,'2018-04-26 12:50:00',25,8,9),
    (792,1,'2018-04-26 13:00:00',25,9,10),
    (793,2,'2018-04-26 13:10:00',20,5,10),
    (794,1,'2018-04-26 13:20:00',23,9,9),
    (795,3,'2018-04-26 13:30:00',40,10,10),
    (796,4,'2018-04-26 13:40:00',39,8,7),
    (797,5,'2018-04-26 13:50:00',35,5,10),
    (798,1,'2018-04-26 14:00:00',23,9,7),
    (799,1,'2018-04-26 14:10:00',20,5,7),
    (800,5,'2018-04-26 14:20:00',25,9,6),
    (801,3,'2018-04-26 14:30:00',24,5,9),
    (802,3,'2018-04-26 14:40:00',21,5,8),
    (803,6,'2018-04-26 14:50:00',27,8,8),
    (804,6,'2018-04-26 15:00:00',29,7,6),
    (805,2,'2018-04-26 15:10:00',38,5,6),
    (806,4,'2018-04-26 15:20:00',32,9,6),
    (807,2,'2018-04-26 15:30:00',26,7,8),
    (808,6,'2018-04-26 15:40:00',20,6,5),
    (809,6,'2018-04-26 15:50:00',31,9,10),
    (810,2,'2018-04-26 16:00:00',31,10,8),
    (811,5,'2018-04-26 16:10:00',35,6,7),
    (812,5,'2018-04-26 16:20:00',34,8,9),
    (813,7,'2018-04-26 16:30:00',32,6,10),
    (814,5,'2018-04-26 16:40:00',24,5,8),
    (815,7,'2018-04-26 16:50:00',33,8,10),
    (816,4,'2018-04-26 17:00:00',31,9,6),
    (817,3,'2018-04-26 17:10:00',29,9,8),
    (818,6,'2018-04-26 17:20:00',30,6,7),
    (819,5,'2018-04-26 17:30:00',31,6,9),
    (820,7,'2018-04-26 17:40:00',37,8,6),
    (821,2,'2018-04-26 17:50:00',37,7,8),
    (822,2,'2018-04-26 18:00:00',29,6,6),
    (823,1,'2018-04-26 18:10:00',26,8,8),
    (824,3,'2018-04-26 18:20:00',31,7,7),
    (825,3,'2018-04-26 18:30:00',36,8,5),
    (826,1,'2018-04-26 18:40:00',39,8,6),
    (827,6,'2018-04-26 18:50:00',29,7,7),
    (828,6,'2018-04-26 19:00:00',26,10,7),
    (829,4,'2018-04-26 19:10:00',23,6,8),
    (830,3,'2018-04-26 19:20:00',39,9,7),
    (831,3,'2018-04-26 19:30:00',40,5,8),
    (832,3,'2018-04-26 19:40:00',37,7,6),
    (833,4,'2018-04-26 19:50:00',26,8,9),
    (834,1,'2018-04-26 20:00:00',29,10,9),
    (835,4,'2018-04-26 20:10:00',40,9,10),
    (836,5,'2018-04-26 20:20:00',39,10,8),
    (837,4,'2018-04-26 20:30:00',32,9,5),
    (838,6,'2018-04-26 20:40:00',20,9,9),
    (839,5,'2018-04-26 20:50:00',29,6,9),
    (840,2,'2018-04-26 21:00:00',28,8,8),
    (841,1,'2018-04-26 21:10:00',21,9,5),
    (842,6,'2018-04-26 21:20:00',24,9,7),
    (843,3,'2018-04-26 21:30:00',38,7,5),
    (844,5,'2018-04-26 21:40:00',37,9,10),
    (845,6,'2018-04-26 21:50:00',24,9,10),
    (846,2,'2018-04-26 22:00:00',20,6,10),
    (847,3,'2018-04-26 22:10:00',35,5,7),
    (848,5,'2018-04-26 22:20:00',24,9,6),
    (849,4,'2018-04-26 22:30:00',39,8,9),
    (850,5,'2018-04-26 22:40:00',28,8,5),
    (851,3,'2018-04-26 22:50:00',40,9,8),
    (852,7,'2018-04-26 23:00:00',35,6,8),
    (853,7,'2018-04-26 23:10:00',32,9,8),
    (854,7,'2018-04-26 23:20:00',33,5,9),
    (855,1,'2018-04-26 23:30:00',22,9,9),
    (856,3,'2018-04-26 23:40:00',38,10,9),
    (857,3,'2018-04-26 23:50:00',24,9,10),
    (858,3,'2018-04-27 0:00:00',27,9,6),
    (859,6,'2018-04-27 0:10:00',33,6,8),
    (860,5,'2018-04-27 0:20:00',40,6,9),
    (861,1,'2018-04-27 0:30:00',27,5,10),
    (862,5,'2018-04-27 0:40:00',26,6,10),
    (863,7,'2018-04-27 0:50:00',27,8,6),
    (864,2,'2018-04-27 1:00:00',40,7,10),
    (865,6,'2018-04-27 1:10:00',40,6,9),
    (866,3,'2018-04-27 1:20:00',21,5,10),
    (867,4,'2018-04-27 1:30:00',35,6,10),
    (868,6,'2018-04-27 1:40:00',30,8,8),
    (869,6,'2018-04-27 1:50:00',40,10,5),
    (870,2,'2018-04-27 2:00:00',21,5,5),
    (871,2,'2018-04-27 2:10:00',31,6,10),
    (872,7,'2018-04-27 2:20:00',29,6,7),
    (873,5,'2018-04-27 2:30:00',37,7,7),
    (874,6,'2018-04-27 2:40:00',39,9,8),
    (875,3,'2018-04-27 2:50:00',56,55,1),
    (876,5,'2018-04-27 3:00:00',51,50,1),
    (877,6,'2018-04-27 3:10:00',67,64,3),
    (878,1,'2018-04-27 3:20:00',63,61,2),
    (879,5,'2018-04-27 3:30:00',80,79,1),
    (880,6,'2018-04-27 3:40:00',87,86,1),
    (881,4,'2018-04-27 3:50:00',64,64,0),
    (882,4,'2018-04-27 4:00:00',76,76,0),
    (883,3,'2018-04-27 4:10:00',89,85,4),
    (884,3,'2018-04-27 4:20:00',92,92,0),
    (885,4,'2018-04-27 4:30:00',64,63,1),
    (886,6,'2018-04-27 4:40:00',66,64,2),
    (887,6,'2018-04-27 4:50:00',85,82,3),
    (888,1,'2018-04-27 5:00:00',92,88,4),
    (889,1,'2018-04-27 5:10:00',61,61,0),
    (890,1,'2018-04-27 5:20:00',85,83,2),
    (891,7,'2018-04-27 5:30:00',96,91,5),
    (892,3,'2018-04-27 5:40:00',90,87,3),
    (893,3,'2018-04-27 5:50:00',89,85,4),
    (894,1,'2018-04-27 6:00:00',99,99,0),
    (895,1,'2018-04-27 6:10:00',53,51,2),
    (896,6,'2018-04-27 6:20:00',92,92,0),
    (897,4,'2018-04-27 6:30:00',54,52,2),
    (898,3,'2018-04-27 6:40:00',98,94,4),
    (899,1,'2018-04-27 6:50:00',91,89,2),
    (900,4,'2018-04-27 7:00:00',90,88,2),
    (901,7,'2018-04-27 7:10:00',101,100,1),
    (902,2,'2018-04-27 7:20:00',95,95,0),
    (903,7,'2018-04-27 7:30:00',92,89,3),
    (904,2,'2018-04-27 7:40:00',83,82,1),
    (905,2,'2018-04-27 7:50:00',98,93,5),
    (906,6,'2018-04-27 8:00:00',94,94,0),
    (907,5,'2018-04-27 8:10:00',86,84,2),
    (908,4,'2018-04-27 8:20:00',91,88,3),
    (909,6,'2018-04-27 8:30:00',85,83,2),
    (910,5,'2018-04-27 8:40:00',86,84,2),
    (911,4,'2018-04-27 8:50:00',100,100,0),
    (912,6,'2018-04-27 9:00:00',94,91,3),
    (913,6,'2018-04-27 9:10:00',83,81,2),
    (914,6,'2018-04-27 9:20:00',101,100,1),
    (915,6,'2018-04-27 9:30:00',102,99,3),
    (916,4,'2018-04-27 9:40:00',104,99,5),
    (917,1,'2018-04-27 9:50:00',84,83,1),
    (918,5,'2018-04-27 10:00:00',99,95,4),
    (919,6,'2018-04-27 10:10:00',93,93,0),
    (920,7,'2018-04-27 10:20:00',85,82,3),
    (921,7,'2018-04-27 10:30:00',98,98,0),
    (922,1,'2018-04-27 10:40:00',84,84,0),
    (923,3,'2018-04-27 10:50:00',100,98,2),
    (924,6,'2018-04-27 11:00:00',85,81,4),
    (925,4,'2018-04-27 11:10:00',87,85,2),
    (926,4,'2018-04-27 11:20:00',86,86,0),
    (927,3,'2018-04-27 11:30:00',98,96,2),
    (928,4,'2018-04-27 11:40:00',84,84,0),
    (929,2,'2018-04-27 11:50:00',91,90,1),
    (930,3,'2018-04-27 12:00:00',99,94,5),
    (931,7,'2018-04-27 12:10:00',97,97,0),
    (932,2,'2018-04-27 12:20:00',83,80,3),
    (933,6,'2018-04-27 12:30:00',97,92,5),
    (934,7,'2018-04-27 12:40:00',89,88,1),
    (935,1,'2018-04-27 12:50:00',97,97,0),
    (936,4,'2018-04-27 13:00:00',92,89,3),
    (937,7,'2018-04-27 13:10:00',101,97,4),
    (938,5,'2018-04-27 13:20:00',92,91,1),
    (939,4,'2018-04-27 13:30:00',104,99,5),
    (940,7,'2018-04-27 13:40:00',86,84,2),
    (941,6,'2018-04-27 13:50:00',89,84,5),
    (942,4,'2018-04-27 14:00:00',98,93,5),
    (943,4,'2018-04-27 14:10:00',93,90,3),
    (944,4,'2018-04-27 14:20:00',98,98,0),
    (945,5,'2018-04-27 14:30:00',83,80,3),
    (946,2,'2018-04-27 14:40:00',84,80,4),
    (947,1,'2018-04-27 14:50:00',88,86,2),
    (948,6,'2018-04-27 15:00:00',100,98,2),
    (949,1,'2018-04-27 15:10:00',90,85,5),
    (950,1,'2018-04-27 15:20:00',101,96,5),
    (951,5,'2018-04-27 15:30:00',91,89,2),
    (952,4,'2018-04-27 15:40:00',90,89,1),
    (953,2,'2018-04-27 15:50:00',88,86,2),
    (954,2,'2018-04-27 16:00:00',90,90,0),
    (955,3,'2018-04-27 16:10:00',86,86,0),
    (956,6,'2018-04-27 16:20:00',87,87,0),
    (957,4,'2018-04-27 16:30:00',102,99,3),
    (958,5,'2018-04-27 16:40:00',98,95,3),
    (959,3,'2018-04-27 16:50:00',102,100,2),
    (960,3,'2018-04-27 17:00:00',93,93,0),
    (961,2,'2018-04-27 17:10:00',84,80,4),
    (962,4,'2018-04-27 17:20:00',95,94,1),
    (963,2,'2018-04-27 17:30:00',97,97,0),
    (964,3,'2018-04-27 17:40:00',98,94,4),
    (965,2,'2018-04-27 17:50:00',89,88,1),
    (966,5,'2018-04-27 18:00:00',90,85,5),
    (967,6,'2018-04-27 18:10:00',89,88,1),
    (968,5,'2018-04-27 18:20:00',102,97,5),
    (969,4,'2018-04-27 18:30:00',100,96,4),
    (970,7,'2018-04-27 18:40:00',89,89,0),
    (971,7,'2018-04-27 18:50:00',85,80,5),
    (972,2,'2018-04-27 19:00:00',85,84,1),
    (973,4,'2018-04-27 19:10:00',98,93,5),
    (974,1,'2018-04-27 19:20:00',85,83,2),
    (975,3,'2018-04-27 19:30:00',97,96,1),
    (976,5,'2018-04-27 19:40:00',95,93,2),
    (977,5,'2018-04-27 19:50:00',100,97,3),
    (978,5,'2018-04-27 20:00:00',85,82,3),
    (979,2,'2018-04-27 20:10:00',84,82,2),
    (980,4,'2018-04-27 20:20:00',85,84,1),
    (981,3,'2018-04-27 20:30:00',87,83,4),
    (982,6,'2018-04-27 20:40:00',92,90,2),
    (983,6,'2018-04-27 20:50:00',91,90,1),
    (984,4,'2018-04-27 21:00:00',97,95,2),
    (985,6,'2018-04-27 21:10:00',88,86,2),
    (986,5,'2018-04-27 21:20:00',82,82,0),
    (987,6,'2018-04-27 21:30:00',98,95,3),
    (988,5,'2018-04-27 21:40:00',97,97,0),
    (989,5,'2018-04-27 21:50:00',94,89,5),
    (990,3,'2018-04-27 22:00:00',88,84,4),
    (991,4,'2018-04-27 22:10:00',99,98,1),
    (992,6,'2018-04-27 22:20:00',105,100,5),
    (993,5,'2018-04-27 22:30:00',82,82,0),
    (994,1,'2018-04-27 22:40:00',85,84,1),
    (995,1,'2018-04-27 22:50:00',84,83,1),
    (996,5,'2018-04-27 23:00:00',98,94,4),
    (997,6,'2018-04-27 23:10:00',96,91,5),
    (998,6,'2018-04-27 23:20:00',97,92,5),
    (999,7,'2018-04-27 23:30:00',98,97,1),
    (1000,7,'2018-04-27 23:40:00',98,96,2);
CREATE TABLE IF NOT EXISTS Houses_Flats (
    "house_id" INT,
    "building_id" INT,
    "floor_nr" INT,
    "house_rating" INT,
    "energy_budget" INT
);
INSERT INTO Houses_Flats VALUES
    (1,1,1,1,1000),
    (2,1,1,2,1000),
    (3,1,2,3,1000),
    (4,1,2,1,1000),
    (5,1,3,1,1000),
    (6,1,3,4,1000),
    (7,1,4,2,1000),
    (8,1,4,4,1000),
    (9,1,5,1,1000),
    (10,1,5,1,1000);
CREATE TABLE IF NOT EXISTS Grid (
    "grid_id" INT,
    "current_power_stored" INT
);
INSERT INTO Grid VALUES
    (1,100);
CREATE TABLE IF NOT EXISTS Light (
    "light_id" INT,
    "room_id" INT,
    "color_temperature" INT,
    "brightness" INT
);
INSERT INTO Light VALUES
    (1,1,3608,390),
    (2,2,4999,354),
    (3,3,3714,537),
    (4,4,4833,613),
    (5,5,2637,634),
    (6,6,5864,627),
    (7,7,3497,469),
    (8,8,4807,507),
    (9,9,5356,514),
    (10,10,5147,472),
    (11,11,3989,391),
    (12,12,4875,509),
    (13,13,5805,353),
    (14,14,4503,494),
    (15,15,4416,562),
    (16,16,5631,620),
    (17,17,5590,599),
    (18,18,5716,637),
    (19,19,6253,350),
    (20,20,6129,425),
    (21,21,6330,588),
    (22,22,2950,672),
    (23,23,5437,476),
    (24,24,2644,439),
    (25,25,3504,624),
    (26,26,4666,609),
    (27,27,5303,486),
    (28,28,2819,476),
    (29,29,5125,697),
    (30,30,5556,554),
    (31,31,6100,569),
    (32,32,2763,454),
    (33,33,5227,615),
    (34,34,6189,590),
    (35,35,2773,554),
    (36,36,3499,656),
    (37,37,4960,447),
    (38,38,2801,374),
    (39,39,3623,572),
    (40,40,2515,595),
    (41,41,5693,393),
    (42,42,3405,614),
    (43,43,4369,524),
    (44,44,3842,657),
    (45,45,6488,502),
    (46,46,2052,694),
    (47,47,3271,379),
    (48,48,4910,526),
    (49,49,4097,386),
    (50,50,5227,463);
CREATE TABLE IF NOT EXISTS List_Of_Possible_Appliances (
    "appliance_id" INT,
    "appliance_name" VARCHAR(15) ,
    "maximum_output_voltage" INT,
    "minimum_output_voltage" INT,
    "last_brightness" INT
);
INSERT INTO List_Of_Possible_Appliances VALUES
    (1,'Microwave Oven',1500,1000,NULL),
    (2,'Game console',180,20,NULL),
    (3,'Coffe machine',42,62,NULL),
    (4,'Blender',240,220,NULL),
    (5,'Laptop',18,20,NULL),
    (6,'Ceiling fan',110,120,NULL),
    (7,'LED TV',52,48,NULL),
    (8,'Clothes iron',220,100,NULL),
    (9,'Cellphone',4,6,NULL),
    (10,'Fridge',200,100,NULL),
    (11,'Bed lamp',5,4,24),
    (12,'Dishwasher',82,78,NULL),
    (13,'Washing Machine',112,108,NULL);
CREATE TABLE IF NOT EXISTS Person_Activity (
    "activity_id" INT,
    "person_id" INT,
    "start_time" VARCHAR(5) ,
    "activity_duration" INT,
    "end_time" VARCHAR(5) ,
    "activity_type" VARCHAR(8) 
);
INSERT INTO Person_Activity VALUES
    (1,13,'7:33',8,'15:33','Sleeping'),
    (2,14,'7:32',1,'8:32','Reading'),
    (3,7,'0:38',2,'2:38','Football'),
    (4,17,'2:12',1,'3:12','Reading'),
    (5,9,'17:01',4,'21:01','Tennis'),
    (6,10,'18:05',6,'0:05','Sleeping'),
    (7,4,'14:54',6,'20:54','Sleeping'),
    (8,3,'23:52',4,'3:52','Tennis'),
    (9,5,'16:49',6,'22:49','Sleeping'),
    (10,12,'19:54',2,'21:54','Football'),
    (11,1,'4:36',2,'6:36','Football'),
    (12,17,'2:22',1,'3:22','Reading'),
    (13,14,'10:25',5,'15:25','TV'),
    (14,13,'10:35',6,'16:35','Sleeping'),
    (15,12,'17:05',1,'18:05','Reading'),
    (16,12,'22:00',7,'5:00','Sleeping'),
    (17,2,'20:24',8,'4:24','Sleeping'),
    (18,5,'9:27',2,'11:27','Football'),
    (19,6,'16:46',5,'21:46','TV'),
    (20,1,'16:11',8,'0:11','Sleeping'),
    (21,8,'21:29',6,'3:29','Sleeping'),
    (22,13,'13:54',6,'19:54','Sleeping'),
    (23,11,'3:01',6,'9:01','Sleeping'),
    (24,9,'7:49',8,'15:49','Sleeping'),
    (25,3,'14:22',5,'19:22','TV'),
    (26,6,'15:14',4,'19:14','Tennis'),
    (27,5,'22:23',5,'3:23','TV'),
    (28,15,'3:07',7,'10:07','Sleeping'),
    (29,6,'20:05',1,'21:05','Reading'),
    (30,12,'12:41',6,'18:41','Sleeping'),
    (31,13,'23:46',2,'1:46','Football'),
    (32,16,'18:16',3,'21:16','Acting'),
    (33,1,'6:10',6,'12:10','Sleeping'),
    (34,4,'23:09',2,'1:09','Football'),
    (35,4,'10:22',7,'17:22','Sleeping'),
    (36,9,'11:34',2,'13:34','Football'),
    (37,10,'9:40',1,'10:40','Reading'),
    (38,5,'3:09',7,'10:09','Sleeping'),
    (39,8,'14:27',1,'15:27','Reading'),
    (40,11,'11:15',5,'16:15','TV'),
    (41,11,'7:34',5,'12:34','TV'),
    (42,4,'17:30',3,'20:30','Acting'),
    (43,1,'22:14',2,'0:14','Football'),
    (44,5,'15:40',1,'16:40','Reading'),
    (45,8,'6:58',6,'12:58','Sleeping'),
    (46,13,'16:13',1,'17:13','Reading'),
    (47,6,'9:12',3,'12:12','Acting'),
    (48,15,'1:19',4,'5:19','Tennis'),
    (49,2,'13:28',3,'16:28','Acting'),
    (50,4,'3:30',4,'7:30','Tennis'),
    (51,7,'2:15',4,'6:15','Tennis'),
    (52,8,'14:12',8,'22:12','Sleeping'),
    (53,17,'22:59',3,'1:59','Acting'),
    (54,1,'2:21',7,'9:21','Sleeping'),
    (55,13,'3:14',2,'5:14','Football'),
    (56,3,'18:37',4,'22:37','Tennis'),
    (57,17,'8:22',5,'13:22','TV'),
    (58,6,'8:33',5,'13:33','TV'),
    (59,8,'20:39',2,'22:39','Football'),
    (60,10,'11:37',5,'16:37','TV'),
    (61,13,'13:50',8,'21:50','Sleeping'),
    (62,14,'22:01',5,'3:01','TV'),
    (63,2,'6:48',7,'13:48','Sleeping'),
    (64,16,'4:38',2,'6:38','Football'),
    (65,13,'5:16',8,'13:16','Sleeping'),
    (66,2,'22:52',5,'3:52','TV'),
    (67,7,'3:08',6,'9:08','Sleeping'),
    (68,4,'16:55',7,'23:55','Sleeping'),
    (69,1,'0:08',2,'2:08','Football'),
    (70,17,'5:42',6,'11:42','Sleeping'),
    (71,12,'17:48',8,'1:48','Sleeping'),
    (72,1,'23:09',3,'2:09','Acting'),
    (73,2,'4:53',5,'9:53','TV'),
    (74,7,'3:46',7,'10:46','Sleeping'),
    (75,15,'8:10',1,'9:10','Reading'),
    (76,15,'20:11',6,'2:11','Sleeping'),
    (77,3,'3:07',7,'10:07','Sleeping'),
    (78,11,'19:46',1,'20:46','Reading'),
    (79,7,'1:41',8,'9:41','Sleeping'),
    (80,12,'8:38',7,'15:38','Sleeping'),
    (81,6,'10:24',1,'11:24','Reading'),
    (82,16,'9:17',2,'11:17','Football'),
    (83,15,'17:55',5,'22:55','TV'),
    (84,7,'16:40',3,'19:40','Acting'),
    (85,8,'21:15',6,'3:15','Sleeping'),
    (86,11,'13:46',7,'20:46','Sleeping'),
    (87,4,'11:28',8,'19:28','Sleeping'),
    (88,15,'16:54',8,'0:54','Sleeping'),
    (89,3,'15:29',7,'22:29','Sleeping'),
    (90,9,'6:31',4,'10:31','Tennis'),
    (91,11,'1:29',8,'9:29','Sleeping'),
    (92,16,'0:07',1,'1:07','Reading'),
    (93,1,'17:16',6,'23:16','Sleeping'),
    (94,13,'17:30',8,'1:30','Sleeping'),
    (95,13,'1:07',7,'8:07','Sleeping'),
    (96,6,'1:11',2,'3:11','Football'),
    (97,13,'8:33',2,'10:33','Football'),
    (98,7,'16:06',2,'18:06','Football'),
    (99,10,'18:09',4,'22:09','Tennis'),
    (100,1,'10:45',4,'14:45','Tennis'),
    (101,12,'2:26',6,'8:26','Sleeping'),
    (102,12,'7:57',8,'15:57','Sleeping'),
    (103,3,'10:56',4,'14:56','Tennis'),
    (104,4,'15:24',6,'21:24','Sleeping'),
    (105,7,'17:09',4,'21:09','Tennis'),
    (106,17,'17:21',3,'20:21','Acting'),
    (107,9,'6:42',3,'9:42','Acting'),
    (108,12,'5:04',1,'6:04','Reading'),
    (109,7,'19:12',4,'23:12','Tennis'),
    (110,3,'15:57',6,'21:57','Sleeping'),
    (111,5,'21:36',5,'2:36','TV'),
    (112,1,'8:00',2,'10:00','Football'),
    (113,4,'19:06',3,'22:06','Acting'),
    (114,15,'0:13',2,'2:13','Football'),
    (115,5,'12:53',4,'16:53','Tennis'),
    (116,6,'2:23',4,'6:23','Tennis'),
    (117,9,'8:19',2,'10:19','Football'),
    (118,12,'18:48',1,'19:48','Reading'),
    (119,13,'8:51',2,'10:51','Football'),
    (120,13,'13:40',6,'19:40','Sleeping'),
    (121,8,'12:09',7,'19:09','Sleeping'),
    (122,2,'6:17',2,'8:17','Football'),
    (123,3,'6:42',2,'8:42','Football'),
    (124,5,'8:15',1,'9:15','Reading'),
    (125,14,'9:38',5,'14:38','TV'),
    (126,1,'13:57',3,'16:57','Acting'),
    (127,15,'6:23',5,'11:23','TV'),
    (128,15,'14:33',4,'18:33','Tennis'),
    (129,6,'23:50',8,'7:50','Sleeping'),
    (130,17,'22:40',7,'5:40','Sleeping'),
    (131,4,'20:55',3,'23:55','Acting'),
    (132,9,'20:22',3,'23:22','Acting'),
    (133,16,'10:19',3,'13:19','Acting'),
    (134,13,'10:44',4,'14:44','Tennis'),
    (135,8,'19:44',2,'21:44','Football'),
    (136,9,'16:20',3,'19:20','Acting'),
    (137,9,'21:02',1,'22:02','Reading'),
    (138,7,'13:29',3,'16:29','Acting'),
    (139,3,'4:30',7,'11:30','Sleeping'),
    (140,3,'16:44',1,'17:44','Reading'),
    (141,10,'10:21',5,'15:21','TV'),
    (142,15,'0:44',5,'5:44','TV'),
    (143,1,'11:57',7,'18:57','Sleeping'),
    (144,17,'14:34',5,'19:34','TV'),
    (145,4,'5:50',3,'8:50','Acting'),
    (146,2,'20:59',4,'0:59','Tennis'),
    (147,10,'17:36',7,'0:36','Sleeping'),
    (148,16,'15:17',5,'20:17','TV'),
    (149,3,'3:17',3,'6:17','Acting'),
    (150,1,'15:10',2,'17:10','Football'),
    (151,10,'23:46',7,'6:46','Sleeping'),
    (152,3,'1:25',7,'8:25','Sleeping'),
    (153,14,'7:45',2,'9:45','Football'),
    (154,6,'3:25',1,'4:25','Reading'),
    (155,8,'17:21',3,'20:21','Acting'),
    (156,1,'20:28',1,'21:28','Reading'),
    (157,16,'11:32',6,'17:32','Sleeping'),
    (158,8,'20:33',5,'1:33','TV'),
    (159,13,'14:14',6,'20:14','Sleeping'),
    (160,8,'2:04',4,'6:04','Tennis'),
    (161,4,'5:31',2,'7:31','Football'),
    (162,11,'14:23',6,'20:23','Sleeping'),
    (163,17,'19:08',4,'23:08','Tennis'),
    (164,17,'21:10',2,'23:10','Football'),
    (165,3,'11:53',4,'15:53','Tennis'),
    (166,13,'19:29',5,'0:29','TV'),
    (167,8,'19:20',8,'3:20','Sleeping'),
    (168,5,'14:38',2,'16:38','Football'),
    (169,7,'7:24',7,'14:24','Sleeping'),
    (170,11,'19:35',4,'23:35','Tennis'),
    (171,2,'22:35',7,'5:35','Sleeping'),
    (172,8,'15:21',5,'20:21','TV'),
    (173,11,'16:28',6,'22:28','Sleeping'),
    (174,5,'1:19',6,'7:19','Sleeping'),
    (175,2,'18:33',6,'0:33','Sleeping'),
    (176,7,'17:41',8,'1:41','Sleeping'),
    (177,10,'17:00',6,'23:00','Sleeping'),
    (178,4,'23:06',4,'3:06','Tennis'),
    (179,11,'8:13',4,'12:13','Tennis'),
    (180,4,'2:10',7,'9:10','Sleeping'),
    (181,12,'0:42',1,'1:42','Reading'),
    (182,16,'8:44',8,'16:44','Sleeping'),
    (183,2,'5:24',1,'6:24','Reading'),
    (184,13,'8:38',2,'10:38','Football'),
    (185,6,'17:36',8,'1:36','Sleeping'),
    (186,16,'12:06',2,'14:06','Football'),
    (187,10,'2:28',3,'5:28','Acting'),
    (188,1,'8:11',2,'10:11','Football'),
    (189,6,'17:06',4,'21:06','Tennis'),
    (190,9,'8:19',4,'12:19','Tennis'),
    (191,15,'17:25',7,'0:25','Sleeping'),
    (192,13,'3:11',5,'8:11','TV'),
    (193,17,'16:43',4,'20:43','Tennis'),
    (194,9,'6:32',5,'11:32','TV'),
    (195,4,'7:57',5,'12:57','TV'),
    (196,5,'9:47',6,'15:47','Sleeping'),
    (197,9,'4:57',3,'7:57','Acting'),
    (198,1,'15:13',7,'22:13','Sleeping'),
    (199,16,'14:07',8,'22:07','Sleeping'),
    (200,15,'3:34',3,'6:34','Acting'),
    (201,9,'6:25',8,'14:25','Sleeping'),
    (202,5,'1:44',7,'8:44','Sleeping'),
    (203,9,'3:34',4,'7:34','Tennis'),
    (204,10,'13:25',3,'16:25','Acting'),
    (205,7,'6:21',6,'12:21','Sleeping'),
    (206,13,'23:15',6,'5:15','Sleeping'),
    (207,17,'17:23',7,'0:23','Sleeping'),
    (208,2,'19:24',8,'3:24','Sleeping'),
    (209,7,'22:22',4,'2:22','Tennis'),
    (210,16,'8:57',5,'13:57','TV'),
    (211,14,'12:47',2,'14:47','Football'),
    (212,16,'1:35',2,'3:35','Football'),
    (213,4,'8:05',2,'10:05','Football'),
    (214,2,'7:10',1,'8:10','Reading'),
    (215,15,'11:01',3,'14:01','Acting'),
    (216,7,'22:56',7,'5:56','Sleeping'),
    (217,6,'14:20',8,'22:20','Sleeping'),
    (218,10,'10:41',2,'12:41','Football'),
    (219,5,'21:50',8,'5:50','Sleeping'),
    (220,7,'13:24',7,'20:24','Sleeping'),
    (221,5,'20:50',7,'3:50','Sleeping'),
    (222,12,'12:05',7,'19:05','Sleeping'),
    (223,15,'13:15',8,'21:15','Sleeping'),
    (224,5,'19:01',3,'22:01','Acting'),
    (225,8,'2:51',3,'5:51','Acting'),
    (226,15,'16:35',3,'19:35','Acting'),
    (227,8,'23:00',3,'2:00','Acting'),
    (228,7,'9:44',7,'16:44','Sleeping'),
    (229,15,'3:46',3,'6:46','Acting'),
    (230,8,'22:38',4,'2:38','Tennis'),
    (231,6,'2:52',1,'3:52','Reading'),
    (232,2,'14:32',6,'20:32','Sleeping'),
    (233,6,'10:14',5,'15:14','TV'),
    (234,10,'4:50',6,'10:50','Sleeping'),
    (235,16,'19:43',2,'21:43','Football'),
    (236,10,'8:48',3,'11:48','Acting'),
    (237,5,'1:28',6,'7:28','Sleeping'),
    (238,15,'2:31',4,'6:31','Tennis'),
    (239,12,'9:50',6,'15:50','Sleeping'),
    (240,13,'3:22',5,'8:22','TV'),
    (241,10,'0:57',6,'6:57','Sleeping'),
    (242,12,'18:49',6,'0:49','Sleeping'),
    (243,2,'5:53',7,'12:53','Sleeping'),
    (244,9,'14:31',6,'20:31','Sleeping'),
    (245,16,'16:46',8,'0:46','Sleeping'),
    (246,1,'0:34',4,'4:34','Tennis'),
    (247,4,'23:20',8,'7:20','Sleeping'),
    (248,4,'7:35',2,'9:35','Football'),
    (249,11,'4:54',4,'8:54','Tennis'),
    (250,4,'2:32',2,'4:32','Football');
INSERT INTO Person_Activity VALUES
    (251,12,'0:19',4,'4:19','Tennis'),
    (252,16,'13:06',2,'15:06','Football'),
    (253,4,'6:59',5,'11:59','TV'),
    (254,13,'9:20',8,'17:20','Sleeping'),
    (255,4,'15:49',8,'23:49','Sleeping'),
    (256,1,'12:27',1,'13:27','Reading'),
    (257,3,'6:20',6,'12:20','Sleeping'),
    (258,1,'1:21',6,'7:21','Sleeping'),
    (259,10,'15:16',2,'17:16','Football'),
    (260,8,'21:11',7,'4:11','Sleeping'),
    (261,7,'18:41',1,'19:41','Reading'),
    (262,9,'22:37',4,'2:37','Tennis'),
    (263,16,'20:00',3,'23:00','Acting'),
    (264,9,'16:20',7,'23:20','Sleeping'),
    (265,3,'16:51',6,'22:51','Sleeping'),
    (266,10,'22:20',6,'4:20','Sleeping'),
    (267,1,'0:12',6,'6:12','Sleeping'),
    (268,16,'2:08',2,'4:08','Football'),
    (269,14,'9:38',3,'12:38','Acting'),
    (270,13,'6:56',5,'11:56','TV'),
    (271,2,'7:27',8,'15:27','Sleeping'),
    (272,12,'2:54',3,'5:54','Acting'),
    (273,13,'13:47',5,'18:47','TV'),
    (274,3,'1:45',4,'5:45','Tennis'),
    (275,16,'10:10',4,'14:10','Tennis'),
    (276,6,'10:26',4,'14:26','Tennis'),
    (277,11,'7:52',3,'10:52','Acting'),
    (278,13,'15:25',5,'20:25','TV'),
    (279,2,'19:29',4,'23:29','Tennis'),
    (280,2,'0:08',3,'3:08','Acting'),
    (281,11,'21:21',4,'1:21','Tennis'),
    (282,3,'4:15',6,'10:15','Sleeping'),
    (283,12,'6:44',1,'7:44','Reading'),
    (284,5,'18:02',8,'2:02','Sleeping'),
    (285,5,'13:28',8,'21:28','Sleeping'),
    (286,8,'20:43',7,'3:43','Sleeping'),
    (287,5,'5:05',8,'13:05','Sleeping'),
    (288,12,'17:20',7,'0:20','Sleeping'),
    (289,13,'5:43',6,'11:43','Sleeping'),
    (290,5,'23:51',7,'6:51','Sleeping'),
    (291,6,'10:02',3,'13:02','Acting'),
    (292,6,'4:56',3,'7:56','Acting'),
    (293,13,'23:36',8,'7:36','Sleeping'),
    (294,10,'6:23',7,'13:23','Sleeping'),
    (295,1,'8:44',7,'15:44','Sleeping'),
    (296,16,'13:56',1,'14:56','Reading'),
    (297,7,'21:14',3,'0:14','Acting'),
    (298,2,'5:38',4,'9:38','Tennis'),
    (299,5,'14:11',7,'21:11','Sleeping'),
    (300,11,'13:39',8,'21:39','Sleeping'),
    (301,16,'11:15',4,'15:15','Tennis'),
    (302,8,'18:03',1,'19:03','Reading'),
    (303,3,'5:05',2,'7:05','Football'),
    (304,11,'23:45',5,'4:45','TV'),
    (305,16,'18:49',1,'19:49','Reading'),
    (306,6,'9:31',1,'10:31','Reading'),
    (307,9,'19:41',2,'21:41','Football'),
    (308,3,'2:33',3,'5:33','Acting'),
    (309,5,'23:55',3,'2:55','Acting'),
    (310,8,'5:36',1,'6:36','Reading'),
    (311,3,'0:16',3,'3:16','Acting'),
    (312,9,'1:10',4,'5:10','Tennis'),
    (313,8,'17:39',1,'18:39','Reading'),
    (314,11,'17:15',7,'0:15','Sleeping'),
    (315,15,'14:05',1,'15:05','Reading'),
    (316,11,'2:46',1,'3:46','Reading'),
    (317,10,'14:20',4,'18:20','Tennis'),
    (318,13,'9:43',7,'16:43','Sleeping'),
    (319,7,'16:11',1,'17:11','Reading'),
    (320,3,'19:35',5,'0:35','TV'),
    (321,4,'19:03',2,'21:03','Football'),
    (322,7,'5:06',7,'12:06','Sleeping'),
    (323,16,'23:50',8,'7:50','Sleeping'),
    (324,2,'7:20',4,'11:20','Tennis'),
    (325,12,'14:14',6,'20:14','Sleeping'),
    (326,6,'4:12',8,'12:12','Sleeping'),
    (327,1,'4:44',4,'8:44','Tennis'),
    (328,13,'22:39',2,'0:39','Football'),
    (329,13,'21:11',8,'5:11','Sleeping'),
    (330,10,'3:21',4,'7:21','Tennis'),
    (331,15,'0:58',1,'1:58','Reading'),
    (332,3,'0:19',3,'3:19','Acting'),
    (333,10,'6:57',8,'14:57','Sleeping'),
    (334,16,'23:15',8,'7:15','Sleeping'),
    (335,17,'10:35',1,'11:35','Reading'),
    (336,12,'8:22',4,'12:22','Tennis'),
    (337,7,'10:08',3,'13:08','Acting'),
    (338,16,'16:42',7,'23:42','Sleeping'),
    (339,8,'14:53',8,'22:53','Sleeping'),
    (340,12,'13:53',2,'15:53','Football'),
    (341,10,'12:02',7,'19:02','Sleeping'),
    (342,2,'8:30',4,'12:30','Tennis'),
    (343,12,'14:20',1,'15:20','Reading'),
    (344,9,'1:00',3,'4:00','Acting'),
    (345,3,'13:35',2,'15:35','Football'),
    (346,1,'12:37',2,'14:37','Football'),
    (347,11,'11:42',2,'13:42','Football'),
    (348,11,'11:13',4,'15:13','Tennis'),
    (349,11,'21:26',6,'3:26','Sleeping'),
    (350,17,'9:51',3,'12:51','Acting'),
    (351,12,'1:59',4,'5:59','Tennis'),
    (352,2,'12:06',1,'13:06','Reading'),
    (353,9,'2:42',7,'9:42','Sleeping'),
    (354,9,'9:47',1,'10:47','Reading'),
    (355,12,'15:23',7,'22:23','Sleeping'),
    (356,2,'6:59',6,'12:59','Sleeping'),
    (357,1,'19:36',6,'1:36','Sleeping'),
    (358,9,'4:53',6,'10:53','Sleeping'),
    (359,11,'11:02',6,'17:02','Sleeping'),
    (360,17,'2:24',8,'10:24','Sleeping'),
    (361,16,'9:16',5,'14:16','TV'),
    (362,13,'17:45',8,'1:45','Sleeping'),
    (363,8,'3:28',8,'11:28','Sleeping'),
    (364,8,'17:35',7,'0:35','Sleeping'),
    (365,17,'15:18',5,'20:18','TV'),
    (366,9,'12:25',7,'19:25','Sleeping'),
    (367,12,'8:42',8,'16:42','Sleeping'),
    (368,11,'6:23',2,'8:23','Football'),
    (369,16,'10:37',2,'12:37','Football'),
    (370,17,'5:28',5,'10:28','TV'),
    (371,4,'15:54',5,'20:54','TV'),
    (372,11,'9:02',4,'13:02','Tennis'),
    (373,15,'10:18',2,'12:18','Football'),
    (374,10,'13:02',3,'16:02','Acting'),
    (375,14,'22:09',1,'23:09','Reading'),
    (376,16,'13:07',8,'21:07','Sleeping'),
    (377,3,'4:38',2,'6:38','Football'),
    (378,10,'18:50',1,'19:50','Reading'),
    (379,15,'2:06',7,'9:06','Sleeping'),
    (380,5,'19:12',5,'0:12','TV'),
    (381,1,'10:52',8,'18:52','Sleeping'),
    (382,6,'16:16',2,'18:16','Football'),
    (383,1,'4:13',3,'7:13','Acting'),
    (384,3,'11:28',1,'12:28','Reading'),
    (385,2,'6:59',3,'9:59','Acting'),
    (386,13,'22:40',7,'5:40','Sleeping'),
    (387,5,'9:05',4,'13:05','Tennis'),
    (388,7,'13:50',4,'17:50','Tennis'),
    (389,12,'2:18',4,'6:18','Tennis'),
    (390,12,'5:45',3,'8:45','Acting'),
    (391,5,'20:09',6,'2:09','Sleeping'),
    (392,1,'15:53',1,'16:53','Reading'),
    (393,17,'3:50',6,'9:50','Sleeping'),
    (394,10,'8:00',3,'11:00','Acting'),
    (395,3,'19:41',4,'23:41','Tennis'),
    (396,13,'9:56',5,'14:56','TV'),
    (397,11,'17:20',5,'22:20','TV'),
    (398,7,'22:22',5,'3:22','TV'),
    (399,4,'10:27',2,'12:27','Football'),
    (400,17,'14:09',7,'21:09','Sleeping'),
    (401,8,'10:39',5,'15:39','TV'),
    (402,15,'8:26',7,'15:26','Sleeping'),
    (403,1,'13:15',1,'14:15','Reading'),
    (404,3,'22:47',2,'0:47','Football'),
    (405,8,'19:51',6,'1:51','Sleeping'),
    (406,7,'5:32',1,'6:32','Reading'),
    (407,8,'1:02',6,'7:02','Sleeping'),
    (408,9,'12:59',8,'20:59','Sleeping'),
    (409,15,'12:10',1,'13:10','Reading'),
    (410,6,'0:17',6,'6:17','Sleeping'),
    (411,4,'23:13',8,'7:13','Sleeping'),
    (412,3,'13:02',6,'19:02','Sleeping'),
    (413,7,'14:19',8,'22:19','Sleeping'),
    (414,1,'1:14',5,'6:14','TV'),
    (415,2,'10:33',4,'14:33','Tennis'),
    (416,9,'13:28',2,'15:28','Football'),
    (417,10,'14:51',8,'22:51','Sleeping'),
    (418,7,'21:05',4,'1:05','Tennis'),
    (419,7,'20:00',7,'3:00','Sleeping'),
    (420,12,'18:51',5,'23:51','TV'),
    (421,1,'21:24',1,'22:24','Reading'),
    (422,17,'13:32',8,'21:32','Sleeping'),
    (423,10,'9:21',4,'13:21','Tennis'),
    (424,2,'16:15',2,'18:15','Football'),
    (425,7,'17:14',7,'0:14','Sleeping'),
    (426,16,'18:20',1,'19:20','Reading'),
    (427,4,'1:31',7,'8:31','Sleeping'),
    (428,4,'14:43',5,'19:43','TV'),
    (429,5,'6:01',4,'10:01','Tennis'),
    (430,8,'15:03',7,'22:03','Sleeping'),
    (431,11,'12:03',8,'20:03','Sleeping'),
    (432,4,'7:04',5,'12:04','TV'),
    (433,16,'22:58',5,'3:58','TV'),
    (434,10,'16:10',5,'21:10','TV'),
    (435,14,'6:38',4,'10:38','Tennis'),
    (436,15,'6:11',4,'10:11','Tennis'),
    (437,8,'20:20',6,'2:20','Sleeping'),
    (438,4,'1:27',5,'6:27','TV'),
    (439,1,'10:37',3,'13:37','Acting'),
    (440,17,'22:06',3,'1:06','Acting'),
    (441,5,'19:37',4,'23:37','Tennis'),
    (442,5,'2:39',6,'8:39','Sleeping'),
    (443,12,'17:13',5,'22:13','TV'),
    (444,15,'18:49',6,'0:49','Sleeping'),
    (445,1,'3:11',1,'4:11','Reading'),
    (446,7,'12:36',2,'14:36','Football'),
    (447,7,'4:37',7,'11:37','Sleeping'),
    (448,10,'20:04',5,'1:04','TV'),
    (449,2,'6:49',8,'14:49','Sleeping'),
    (450,16,'11:46',2,'13:46','Football'),
    (451,13,'22:55',4,'2:55','Tennis'),
    (452,5,'1:07',1,'2:07','Reading'),
    (453,6,'15:14',1,'16:14','Reading'),
    (454,2,'7:26',4,'11:26','Tennis'),
    (455,1,'0:13',1,'1:13','Reading'),
    (456,1,'23:12',3,'2:12','Acting'),
    (457,12,'23:52',3,'2:52','Acting'),
    (458,3,'20:54',5,'1:54','TV'),
    (459,7,'17:46',6,'23:46','Sleeping'),
    (460,17,'15:44',8,'23:44','Sleeping'),
    (461,11,'16:38',1,'17:38','Reading'),
    (462,9,'4:56',6,'10:56','Sleeping'),
    (463,11,'6:12',2,'8:12','Football'),
    (464,9,'1:53',4,'5:53','Tennis'),
    (465,4,'19:56',3,'22:56','Acting'),
    (466,12,'9:57',7,'16:57','Sleeping'),
    (467,10,'17:01',2,'19:01','Football'),
    (468,11,'10:29',5,'15:29','TV'),
    (469,1,'13:28',5,'18:28','TV'),
    (470,7,'18:14',3,'21:14','Acting'),
    (471,10,'21:20',1,'22:20','Reading'),
    (472,9,'9:54',1,'10:54','Reading'),
    (473,11,'13:04',7,'20:04','Sleeping'),
    (474,16,'21:36',2,'23:36','Football'),
    (475,3,'1:48',2,'3:48','Football'),
    (476,12,'13:23',6,'19:23','Sleeping'),
    (477,15,'19:28',5,'0:28','TV'),
    (478,14,'2:23',6,'8:23','Sleeping'),
    (479,2,'2:44',3,'5:44','Acting'),
    (480,4,'10:26',4,'14:26','Tennis'),
    (481,15,'15:44',8,'23:44','Sleeping'),
    (482,9,'3:09',4,'7:09','Tennis'),
    (483,15,'10:05',4,'14:05','Tennis'),
    (484,4,'19:07',3,'22:07','Acting'),
    (485,7,'12:22',8,'20:22','Sleeping'),
    (486,5,'13:22',4,'17:22','Tennis'),
    (487,17,'8:42',4,'12:42','Tennis'),
    (488,13,'21:49',6,'3:49','Sleeping'),
    (489,16,'19:02',7,'2:02','Sleeping'),
    (490,16,'11:17',6,'17:17','Sleeping'),
    (491,7,'2:53',5,'7:53','TV'),
    (492,12,'12:57',2,'14:57','Football'),
    (493,3,'13:07',8,'21:07','Sleeping'),
    (494,11,'12:33',8,'20:33','Sleeping'),
    (495,17,'10:10',4,'14:10','Tennis'),
    (496,17,'15:25',5,'20:25','TV'),
    (497,5,'1:32',8,'9:32','Sleeping'),
    (498,15,'3:27',1,'4:27','Reading'),
    (499,14,'0:00',8,'8:00','Sleeping'),
    (500,9,'22:47',1,'23:47','Reading');
INSERT INTO Person_Activity VALUES
    (501,13,'6:48',3,'9:48','Acting'),
    (502,3,'8:42',8,'16:42','Sleeping'),
    (503,11,'17:49',8,'1:49','Sleeping'),
    (504,4,'16:45',1,'17:45','Reading'),
    (505,16,'23:38',2,'1:38','Football'),
    (506,5,'10:12',5,'15:12','TV'),
    (507,11,'4:43',2,'6:43','Football'),
    (508,13,'2:05',6,'8:05','Sleeping'),
    (509,9,'9:50',6,'15:50','Sleeping'),
    (510,6,'13:25',6,'19:25','Sleeping'),
    (511,6,'3:16',8,'11:16','Sleeping'),
    (512,12,'21:55',8,'5:55','Sleeping'),
    (513,12,'11:28',2,'13:28','Football'),
    (514,9,'2:13',8,'10:13','Sleeping'),
    (515,11,'2:20',3,'5:20','Acting'),
    (516,8,'9:32',8,'17:32','Sleeping'),
    (517,13,'15:34',7,'22:34','Sleeping'),
    (518,12,'2:20',5,'7:20','TV'),
    (519,11,'2:50',5,'7:50','TV'),
    (520,8,'7:13',6,'13:13','Sleeping'),
    (521,15,'0:43',8,'8:43','Sleeping'),
    (522,11,'0:20',8,'8:20','Sleeping'),
    (523,16,'22:54',8,'6:54','Sleeping'),
    (524,11,'11:38',4,'15:38','Tennis'),
    (525,14,'17:23',8,'1:23','Sleeping'),
    (526,6,'11:24',2,'13:24','Football'),
    (527,13,'17:20',7,'0:20','Sleeping'),
    (528,1,'22:35',3,'1:35','Acting'),
    (529,7,'12:27',3,'15:27','Acting'),
    (530,10,'21:31',4,'1:31','Tennis'),
    (531,15,'18:39',2,'20:39','Football'),
    (532,5,'9:58',3,'12:58','Acting'),
    (533,13,'18:13',8,'2:13','Sleeping'),
    (534,4,'8:13',7,'15:13','Sleeping'),
    (535,16,'22:02',6,'4:02','Sleeping'),
    (536,13,'12:00',6,'18:00','Sleeping'),
    (537,14,'2:28',7,'9:28','Sleeping'),
    (538,1,'4:06',7,'11:06','Sleeping'),
    (539,14,'1:37',2,'3:37','Football'),
    (540,12,'2:00',4,'6:00','Tennis'),
    (541,9,'5:18',7,'12:18','Sleeping'),
    (542,13,'12:50',4,'16:50','Tennis'),
    (543,1,'19:45',4,'23:45','Tennis'),
    (544,11,'18:47',8,'2:47','Sleeping'),
    (545,17,'3:30',1,'4:30','Reading'),
    (546,3,'6:20',4,'10:20','Tennis'),
    (547,2,'20:13',5,'1:13','TV'),
    (548,12,'12:22',3,'15:22','Acting'),
    (549,14,'12:19',2,'14:19','Football'),
    (550,2,'20:11',6,'2:11','Sleeping'),
    (551,10,'7:42',2,'9:42','Football'),
    (552,1,'6:02',2,'8:02','Football'),
    (553,11,'20:03',1,'21:03','Reading'),
    (554,2,'0:21',1,'1:21','Reading'),
    (555,3,'6:15',7,'13:15','Sleeping'),
    (556,11,'12:52',6,'18:52','Sleeping'),
    (557,7,'14:19',2,'16:19','Football'),
    (558,8,'0:02',1,'1:02','Reading'),
    (559,10,'9:40',3,'12:40','Acting'),
    (560,16,'17:17',3,'20:17','Acting'),
    (561,4,'18:12',5,'23:12','TV'),
    (562,16,'23:25',3,'2:25','Acting'),
    (563,7,'9:16',4,'13:16','Tennis'),
    (564,4,'14:58',3,'17:58','Acting'),
    (565,6,'4:37',2,'6:37','Football'),
    (566,6,'4:57',3,'7:57','Acting'),
    (567,14,'21:26',2,'23:26','Football'),
    (568,6,'6:35',4,'10:35','Tennis'),
    (569,10,'13:52',8,'21:52','Sleeping'),
    (570,14,'10:21',3,'13:21','Acting'),
    (571,7,'4:22',8,'12:22','Sleeping'),
    (572,6,'16:17',4,'20:17','Tennis'),
    (573,6,'16:11',4,'20:11','Tennis'),
    (574,8,'2:03',5,'7:03','TV'),
    (575,16,'14:18',4,'18:18','Tennis'),
    (576,5,'21:55',4,'1:55','Tennis'),
    (577,3,'16:30',4,'20:30','Tennis'),
    (578,11,'13:29',4,'17:29','Tennis'),
    (579,15,'13:15',4,'17:15','Tennis'),
    (580,3,'14:44',2,'16:44','Football'),
    (581,13,'15:42',8,'23:42','Sleeping'),
    (582,3,'5:27',2,'7:27','Football'),
    (583,4,'19:57',8,'3:57','Sleeping'),
    (584,10,'17:18',2,'19:18','Football'),
    (585,16,'5:32',4,'9:32','Tennis'),
    (586,13,'12:01',7,'19:01','Sleeping'),
    (587,9,'6:44',1,'7:44','Reading'),
    (588,2,'2:57',2,'4:57','Football'),
    (589,12,'16:44',8,'0:44','Sleeping'),
    (590,4,'11:17',4,'15:17','Tennis'),
    (591,15,'20:29',3,'23:29','Acting'),
    (592,1,'4:52',8,'12:52','Sleeping'),
    (593,9,'7:50',8,'15:50','Sleeping'),
    (594,16,'10:50',1,'11:50','Reading'),
    (595,3,'19:20',1,'20:20','Reading'),
    (596,16,'15:44',5,'20:44','TV'),
    (597,8,'11:51',2,'13:51','Football'),
    (598,5,'8:11',2,'10:11','Football'),
    (599,6,'9:03',6,'15:03','Sleeping'),
    (600,5,'15:53',1,'16:53','Reading'),
    (601,8,'12:48',2,'14:48','Football'),
    (602,17,'17:47',1,'18:47','Reading'),
    (603,8,'12:37',2,'14:37','Football'),
    (604,1,'4:46',6,'10:46','Sleeping'),
    (605,1,'16:45',6,'22:45','Sleeping'),
    (606,11,'20:27',4,'0:27','Tennis'),
    (607,15,'6:36',8,'14:36','Sleeping'),
    (608,12,'9:17',3,'12:17','Acting'),
    (609,7,'4:47',2,'6:47','Football'),
    (610,4,'16:13',1,'17:13','Reading'),
    (611,10,'14:14',2,'16:14','Football'),
    (612,7,'16:56',8,'0:56','Sleeping'),
    (613,7,'4:31',1,'5:31','Reading'),
    (614,9,'5:37',2,'7:37','Football'),
    (615,4,'12:34',3,'15:34','Acting'),
    (616,17,'14:14',5,'19:14','TV'),
    (617,16,'16:46',5,'21:46','TV'),
    (618,1,'1:44',7,'8:44','Sleeping'),
    (619,16,'7:50',2,'9:50','Football'),
    (620,13,'6:59',8,'14:59','Sleeping'),
    (621,10,'19:28',3,'22:28','Acting'),
    (622,2,'4:52',1,'5:52','Reading'),
    (623,16,'16:41',8,'0:41','Sleeping'),
    (624,16,'13:10',1,'14:10','Reading'),
    (625,13,'18:22',1,'19:22','Reading'),
    (626,16,'12:54',3,'15:54','Acting'),
    (627,10,'15:52',5,'20:52','TV'),
    (628,6,'16:06',8,'0:06','Sleeping'),
    (629,7,'18:21',1,'19:21','Reading'),
    (630,15,'18:36',1,'19:36','Reading'),
    (631,13,'18:16',2,'20:16','Football'),
    (632,17,'0:08',5,'5:08','TV'),
    (633,2,'4:12',1,'5:12','Reading'),
    (634,4,'20:58',7,'3:58','Sleeping'),
    (635,10,'0:17',4,'4:17','Tennis'),
    (636,2,'9:57',2,'11:57','Football'),
    (637,7,'10:13',2,'12:13','Football'),
    (638,16,'10:26',8,'18:26','Sleeping'),
    (639,7,'20:10',7,'3:10','Sleeping'),
    (640,4,'5:41',3,'8:41','Acting'),
    (641,1,'16:52',8,'0:52','Sleeping'),
    (642,15,'20:31',6,'2:31','Sleeping'),
    (643,4,'13:48',6,'19:48','Sleeping'),
    (644,2,'13:12',7,'20:12','Sleeping'),
    (645,3,'11:28',8,'19:28','Sleeping'),
    (646,6,'2:04',2,'4:04','Football'),
    (647,3,'18:57',6,'0:57','Sleeping'),
    (648,10,'4:34',6,'10:34','Sleeping'),
    (649,11,'1:42',7,'8:42','Sleeping'),
    (650,16,'12:47',8,'20:47','Sleeping'),
    (651,17,'2:47',8,'10:47','Sleeping'),
    (652,10,'22:52',4,'2:52','Tennis'),
    (653,4,'3:01',1,'4:01','Reading'),
    (654,10,'15:36',6,'21:36','Sleeping'),
    (655,1,'12:44',5,'17:44','TV'),
    (656,10,'1:59',1,'2:59','Reading'),
    (657,5,'0:45',7,'7:45','Sleeping'),
    (658,10,'1:22',6,'7:22','Sleeping'),
    (659,2,'11:58',4,'15:58','Tennis'),
    (660,16,'21:12',1,'22:12','Reading'),
    (661,14,'16:00',3,'19:00','Acting'),
    (662,14,'8:51',4,'12:51','Tennis'),
    (663,3,'21:41',8,'5:41','Sleeping'),
    (664,12,'7:33',8,'15:33','Sleeping'),
    (665,12,'13:03',8,'21:03','Sleeping'),
    (666,17,'1:26',1,'2:26','Reading'),
    (667,13,'23:16',6,'5:16','Sleeping'),
    (668,3,'5:46',8,'13:46','Sleeping'),
    (669,17,'3:20',8,'11:20','Sleeping'),
    (670,1,'17:48',5,'22:48','TV'),
    (671,4,'17:23',2,'19:23','Football'),
    (672,11,'19:51',2,'21:51','Football'),
    (673,14,'22:02',1,'23:02','Reading'),
    (674,14,'0:52',7,'7:52','Sleeping'),
    (675,7,'12:36',4,'16:36','Tennis'),
    (676,7,'6:46',1,'7:46','Reading'),
    (677,17,'21:59',5,'2:59','TV'),
    (678,8,'14:43',8,'22:43','Sleeping'),
    (679,11,'23:13',5,'4:13','TV'),
    (680,11,'8:45',6,'14:45','Sleeping'),
    (681,13,'14:27',4,'18:27','Tennis'),
    (682,4,'12:33',2,'14:33','Football'),
    (683,2,'20:48',8,'4:48','Sleeping'),
    (684,1,'1:55',4,'5:55','Tennis'),
    (685,15,'16:50',6,'22:50','Sleeping'),
    (686,17,'15:17',2,'17:17','Football'),
    (687,6,'11:30',6,'17:30','Sleeping'),
    (688,17,'18:12',5,'23:12','TV'),
    (689,11,'7:43',5,'12:43','TV'),
    (690,3,'0:41',2,'2:41','Football'),
    (691,15,'3:34',5,'8:34','TV'),
    (692,12,'23:32',2,'1:32','Football'),
    (693,3,'17:20',8,'1:20','Sleeping'),
    (694,2,'17:29',3,'20:29','Acting'),
    (695,2,'18:32',2,'20:32','Football'),
    (696,3,'13:33',8,'21:33','Sleeping'),
    (697,1,'22:40',8,'6:40','Sleeping'),
    (698,5,'1:56',8,'9:56','Sleeping'),
    (699,3,'18:10',6,'0:10','Sleeping'),
    (700,2,'17:50',3,'20:50','Acting'),
    (701,14,'23:31',7,'6:31','Sleeping'),
    (702,8,'20:01',6,'2:01','Sleeping'),
    (703,8,'18:01',5,'23:01','TV'),
    (704,11,'17:36',6,'23:36','Sleeping'),
    (705,12,'0:49',3,'3:49','Acting'),
    (706,13,'15:58',5,'20:58','TV'),
    (707,9,'17:16',5,'22:16','TV'),
    (708,1,'6:29',8,'14:29','Sleeping'),
    (709,8,'17:06',6,'23:06','Sleeping'),
    (710,6,'8:56',5,'13:56','TV'),
    (711,13,'17:59',5,'22:59','TV'),
    (712,12,'23:00',4,'3:00','Tennis'),
    (713,10,'19:38',1,'20:38','Reading'),
    (714,16,'0:46',5,'5:46','TV'),
    (715,6,'10:26',7,'17:26','Sleeping'),
    (716,4,'19:21',4,'23:21','Tennis'),
    (717,16,'18:52',7,'1:52','Sleeping'),
    (718,15,'17:03',4,'21:03','Tennis'),
    (719,14,'5:18',7,'12:18','Sleeping'),
    (720,4,'2:13',6,'8:13','Sleeping'),
    (721,2,'9:57',7,'16:57','Sleeping'),
    (722,5,'10:29',4,'14:29','Tennis'),
    (723,11,'7:06',6,'13:06','Sleeping'),
    (724,7,'2:02',7,'9:02','Sleeping'),
    (725,13,'0:52',5,'5:52','TV'),
    (726,4,'18:02',3,'21:02','Acting'),
    (727,15,'9:29',6,'15:29','Sleeping'),
    (728,10,'8:12',2,'10:12','Football'),
    (729,5,'12:15',7,'19:15','Sleeping'),
    (730,11,'10:37',7,'17:37','Sleeping'),
    (731,1,'5:27',7,'12:27','Sleeping'),
    (732,10,'14:01',1,'15:01','Reading'),
    (733,13,'9:47',1,'10:47','Reading'),
    (734,8,'5:55',2,'7:55','Football'),
    (735,6,'7:16',8,'15:16','Sleeping'),
    (736,15,'5:41',1,'6:41','Reading'),
    (737,5,'9:44',4,'13:44','Tennis'),
    (738,5,'21:31',1,'22:31','Reading'),
    (739,8,'1:39',6,'7:39','Sleeping'),
    (740,10,'10:18',5,'15:18','TV'),
    (741,16,'16:36',4,'20:36','Tennis'),
    (742,9,'4:51',8,'12:51','Sleeping'),
    (743,3,'11:31',7,'18:31','Sleeping'),
    (744,14,'2:42',5,'7:42','TV'),
    (745,3,'20:09',2,'22:09','Football'),
    (746,11,'12:49',4,'16:49','Tennis'),
    (747,7,'6:11',2,'8:11','Football'),
    (748,9,'0:09',4,'4:09','Tennis'),
    (749,13,'2:23',1,'3:23','Reading'),
    (750,5,'19:27',2,'21:27','Football');
INSERT INTO Person_Activity VALUES
    (751,9,'8:31',1,'9:31','Reading'),
    (752,11,'7:14',7,'14:14','Sleeping'),
    (753,11,'5:18',3,'8:18','Acting'),
    (754,2,'8:03',3,'11:03','Acting'),
    (755,10,'23:24',4,'3:24','Tennis'),
    (756,4,'0:40',1,'1:40','Reading'),
    (757,9,'5:51',5,'10:51','TV'),
    (758,2,'11:30',4,'15:30','Tennis'),
    (759,15,'4:27',6,'10:27','Sleeping'),
    (760,1,'14:44',7,'21:44','Sleeping'),
    (761,10,'12:38',4,'16:38','Tennis'),
    (762,16,'11:39',2,'13:39','Football'),
    (763,4,'4:25',6,'10:25','Sleeping'),
    (764,15,'3:09',3,'6:09','Acting'),
    (765,15,'7:26',5,'12:26','TV'),
    (766,2,'4:23',3,'7:23','Acting'),
    (767,10,'20:52',7,'3:52','Sleeping'),
    (768,8,'23:31',4,'3:31','Tennis'),
    (769,7,'1:35',2,'3:35','Football'),
    (770,7,'20:04',4,'0:04','Tennis'),
    (771,12,'9:54',2,'11:54','Football'),
    (772,10,'22:59',2,'0:59','Football'),
    (773,16,'5:03',7,'12:03','Sleeping'),
    (774,10,'5:09',2,'7:09','Football'),
    (775,6,'0:46',3,'3:46','Acting'),
    (776,1,'23:37',4,'3:37','Tennis'),
    (777,17,'9:40',3,'12:40','Acting'),
    (778,9,'9:48',7,'16:48','Sleeping'),
    (779,10,'22:08',1,'23:08','Reading'),
    (780,16,'13:30',6,'19:30','Sleeping'),
    (781,12,'2:27',8,'10:27','Sleeping'),
    (782,4,'11:08',5,'16:08','TV'),
    (783,4,'13:37',5,'18:37','TV'),
    (784,8,'15:29',5,'20:29','TV'),
    (785,15,'11:23',4,'15:23','Tennis'),
    (786,14,'12:04',4,'16:04','Tennis'),
    (787,2,'13:02',5,'18:02','TV'),
    (788,5,'2:19',4,'6:19','Tennis'),
    (789,2,'8:28',6,'14:28','Sleeping'),
    (790,16,'8:30',8,'16:30','Sleeping'),
    (791,17,'11:06',6,'17:06','Sleeping'),
    (792,12,'8:16',2,'10:16','Football'),
    (793,11,'1:36',7,'8:36','Sleeping'),
    (794,3,'6:07',3,'9:07','Acting'),
    (795,14,'0:28',2,'2:28','Football'),
    (796,2,'7:29',4,'11:29','Tennis'),
    (797,3,'11:57',5,'16:57','TV'),
    (798,15,'16:58',8,'0:58','Sleeping'),
    (799,1,'21:38',6,'3:38','Sleeping'),
    (800,16,'9:21',8,'17:21','Sleeping'),
    (801,6,'23:36',6,'5:36','Sleeping'),
    (802,3,'22:44',1,'23:44','Reading'),
    (803,16,'18:25',1,'19:25','Reading'),
    (804,13,'9:00',2,'11:00','Football'),
    (805,16,'3:38',1,'4:38','Reading'),
    (806,11,'23:44',3,'2:44','Acting'),
    (807,9,'19:20',1,'20:20','Reading'),
    (808,15,'9:09',5,'14:09','TV'),
    (809,14,'0:33',8,'8:33','Sleeping'),
    (810,4,'16:56',7,'23:56','Sleeping'),
    (811,3,'1:27',2,'3:27','Football'),
    (812,8,'10:27',3,'13:27','Acting'),
    (813,6,'20:45',3,'23:45','Acting'),
    (814,13,'13:31',8,'21:31','Sleeping'),
    (815,8,'13:34',2,'15:34','Football'),
    (816,9,'0:51',5,'5:51','TV'),
    (817,4,'4:42',4,'8:42','Tennis'),
    (818,16,'5:55',3,'8:55','Acting'),
    (819,1,'14:23',6,'20:23','Sleeping'),
    (820,11,'6:50',8,'14:50','Sleeping'),
    (821,5,'21:49',7,'4:49','Sleeping'),
    (822,6,'16:40',8,'0:40','Sleeping'),
    (823,6,'3:30',8,'11:30','Sleeping'),
    (824,9,'0:52',5,'5:52','TV'),
    (825,16,'0:07',6,'6:07','Sleeping'),
    (826,8,'7:58',8,'15:58','Sleeping'),
    (827,12,'19:22',4,'23:22','Tennis'),
    (828,16,'3:59',8,'11:59','Sleeping'),
    (829,9,'23:26',1,'0:26','Reading'),
    (830,1,'12:17',2,'14:17','Football'),
    (831,6,'10:16',1,'11:16','Reading'),
    (832,14,'19:48',6,'1:48','Sleeping'),
    (833,5,'21:09',3,'0:09','Acting'),
    (834,11,'13:52',6,'19:52','Sleeping'),
    (835,5,'11:41',5,'16:41','TV'),
    (836,1,'1:20',2,'3:20','Football'),
    (837,9,'21:08',7,'4:08','Sleeping'),
    (838,3,'6:38',8,'14:38','Sleeping'),
    (839,10,'12:02',5,'17:02','TV'),
    (840,1,'5:58',2,'7:58','Football'),
    (841,15,'17:37',4,'21:37','Tennis'),
    (842,10,'0:26',2,'2:26','Football'),
    (843,1,'2:24',6,'8:24','Sleeping'),
    (844,5,'1:31',6,'7:31','Sleeping'),
    (845,14,'15:10',1,'16:10','Reading'),
    (846,7,'15:36',6,'21:36','Sleeping'),
    (847,6,'10:44',6,'16:44','Sleeping'),
    (848,8,'22:22',4,'2:22','Tennis'),
    (849,15,'13:30',8,'21:30','Sleeping'),
    (850,5,'4:25',3,'7:25','Acting'),
    (851,4,'13:55',4,'17:55','Tennis'),
    (852,17,'19:03',6,'1:03','Sleeping'),
    (853,2,'0:44',6,'6:44','Sleeping'),
    (854,16,'6:31',6,'12:31','Sleeping'),
    (855,8,'21:27',2,'23:27','Football'),
    (856,14,'7:13',3,'10:13','Acting'),
    (857,11,'7:33',5,'12:33','TV'),
    (858,11,'21:09',4,'1:09','Tennis'),
    (859,4,'11:53',2,'13:53','Football'),
    (860,13,'16:19',5,'21:19','TV'),
    (861,8,'21:57',7,'4:57','Sleeping'),
    (862,1,'0:25',8,'8:25','Sleeping'),
    (863,11,'3:29',1,'4:29','Reading'),
    (864,1,'5:32',1,'6:32','Reading'),
    (865,15,'14:01',6,'20:01','Sleeping'),
    (866,1,'16:50',7,'23:50','Sleeping'),
    (867,12,'5:51',2,'7:51','Football'),
    (868,14,'9:50',3,'12:50','Acting'),
    (869,4,'7:00',6,'13:00','Sleeping'),
    (870,15,'20:31',7,'3:31','Sleeping'),
    (871,3,'6:39',5,'11:39','TV'),
    (872,8,'22:34',8,'6:34','Sleeping'),
    (873,1,'9:14',7,'16:14','Sleeping'),
    (874,7,'0:02',3,'3:02','Acting'),
    (875,16,'21:36',4,'1:36','Tennis'),
    (876,12,'13:59',8,'21:59','Sleeping'),
    (877,13,'13:33',6,'19:33','Sleeping'),
    (878,9,'16:47',5,'21:47','TV'),
    (879,2,'23:11',1,'0:11','Reading'),
    (880,1,'9:52',1,'10:52','Reading'),
    (881,17,'21:09',5,'2:09','TV'),
    (882,9,'6:42',8,'14:42','Sleeping'),
    (883,10,'6:31',1,'7:31','Reading'),
    (884,4,'15:11',1,'16:11','Reading'),
    (885,2,'21:03',3,'0:03','Acting'),
    (886,7,'1:47',1,'2:47','Reading'),
    (887,4,'11:56',6,'17:56','Sleeping'),
    (888,11,'2:53',3,'5:53','Acting'),
    (889,10,'12:37',6,'18:37','Sleeping'),
    (890,13,'7:34',7,'14:34','Sleeping'),
    (891,11,'6:34',2,'8:34','Football'),
    (892,16,'13:16',4,'17:16','Tennis'),
    (893,17,'12:00',2,'14:00','Football'),
    (894,9,'23:27',7,'6:27','Sleeping'),
    (895,14,'10:31',5,'15:31','TV'),
    (896,7,'18:07',3,'21:07','Acting'),
    (897,7,'19:19',3,'22:19','Acting'),
    (898,15,'0:46',3,'3:46','Acting'),
    (899,14,'22:21',1,'23:21','Reading'),
    (900,7,'3:35',6,'9:35','Sleeping'),
    (901,1,'17:48',7,'0:48','Sleeping'),
    (902,7,'13:33',6,'19:33','Sleeping'),
    (903,15,'13:29',7,'20:29','Sleeping'),
    (904,16,'0:31',2,'2:31','Football'),
    (905,3,'18:01',7,'1:01','Sleeping'),
    (906,7,'5:34',7,'12:34','Sleeping'),
    (907,1,'7:42',3,'10:42','Acting'),
    (908,13,'4:08',5,'9:08','TV'),
    (909,12,'10:41',7,'17:41','Sleeping'),
    (910,3,'18:19',3,'21:19','Acting'),
    (911,8,'18:33',5,'23:33','TV'),
    (912,10,'12:38',6,'18:38','Sleeping'),
    (913,8,'10:28',1,'11:28','Reading'),
    (914,3,'10:57',7,'17:57','Sleeping'),
    (915,9,'5:26',6,'11:26','Sleeping'),
    (916,16,'18:50',4,'22:50','Tennis'),
    (917,4,'22:55',4,'2:55','Tennis'),
    (918,2,'20:49',8,'4:49','Sleeping'),
    (919,6,'16:30',4,'20:30','Tennis'),
    (920,12,'2:12',3,'5:12','Acting'),
    (921,11,'2:59',5,'7:59','TV'),
    (922,9,'10:53',8,'18:53','Sleeping'),
    (923,10,'12:36',7,'19:36','Sleeping'),
    (924,17,'16:37',1,'17:37','Reading'),
    (925,11,'19:07',5,'0:07','TV'),
    (926,6,'11:44',4,'15:44','Tennis'),
    (927,5,'14:28',8,'22:28','Sleeping'),
    (928,14,'15:35',4,'19:35','Tennis'),
    (929,15,'12:01',2,'14:01','Football'),
    (930,6,'6:08',8,'14:08','Sleeping'),
    (931,7,'8:59',6,'14:59','Sleeping'),
    (932,17,'22:42',3,'1:42','Acting'),
    (933,4,'7:11',7,'14:11','Sleeping'),
    (934,4,'1:31',8,'9:31','Sleeping'),
    (935,8,'18:08',6,'0:08','Sleeping'),
    (936,6,'13:26',8,'21:26','Sleeping'),
    (937,14,'3:41',7,'10:41','Sleeping'),
    (938,3,'7:47',2,'9:47','Football'),
    (939,7,'13:19',7,'20:19','Sleeping'),
    (940,4,'22:00',8,'6:00','Sleeping'),
    (941,2,'15:09',8,'23:09','Sleeping'),
    (942,7,'4:08',8,'12:08','Sleeping'),
    (943,5,'8:19',1,'9:19','Reading'),
    (944,13,'3:34',5,'8:34','TV'),
    (945,7,'15:53',1,'16:53','Reading'),
    (946,8,'5:20',6,'11:20','Sleeping'),
    (947,17,'4:03',2,'6:03','Football'),
    (948,10,'16:59',7,'23:59','Sleeping'),
    (949,3,'14:06',2,'16:06','Football'),
    (950,6,'4:02',6,'10:02','Sleeping'),
    (951,11,'9:57',5,'14:57','TV'),
    (952,13,'20:37',2,'22:37','Football'),
    (953,8,'12:48',1,'13:48','Reading'),
    (954,7,'21:50',8,'5:50','Sleeping'),
    (955,8,'11:22',6,'17:22','Sleeping'),
    (956,2,'23:14',5,'4:14','TV'),
    (957,5,'13:37',4,'17:37','Tennis'),
    (958,1,'3:01',2,'5:01','Football'),
    (959,11,'9:24',5,'14:24','TV'),
    (960,4,'10:02',1,'11:02','Reading'),
    (961,16,'13:08',4,'17:08','Tennis'),
    (962,3,'5:49',7,'12:49','Sleeping'),
    (963,1,'16:43',3,'19:43','Acting'),
    (964,14,'7:04',5,'12:04','TV'),
    (965,16,'16:07',1,'17:07','Reading'),
    (966,5,'18:43',6,'0:43','Sleeping'),
    (967,4,'13:44',7,'20:44','Sleeping'),
    (968,12,'10:16',3,'13:16','Acting'),
    (969,5,'3:17',7,'10:17','Sleeping'),
    (970,17,'8:03',6,'14:03','Sleeping'),
    (971,2,'18:07',8,'2:07','Sleeping'),
    (972,7,'12:29',7,'19:29','Sleeping'),
    (973,13,'15:38',3,'18:38','Acting'),
    (974,16,'16:15',8,'0:15','Sleeping'),
    (975,16,'9:11',4,'13:11','Tennis'),
    (976,12,'10:38',5,'15:38','TV'),
    (977,1,'16:30',4,'20:30','Tennis'),
    (978,6,'3:35',5,'8:35','TV'),
    (979,17,'17:42',6,'23:42','Sleeping'),
    (980,13,'6:44',6,'12:44','Sleeping'),
    (981,15,'20:59',3,'23:59','Acting'),
    (982,13,'5:19',8,'13:19','Sleeping'),
    (983,10,'16:12',7,'23:12','Sleeping'),
    (984,7,'6:54',2,'8:54','Football'),
    (985,13,'19:21',8,'3:21','Sleeping'),
    (986,13,'18:50',5,'23:50','TV'),
    (987,2,'11:42',3,'14:42','Acting'),
    (988,9,'7:07',6,'13:07','Sleeping'),
    (989,13,'12:01',1,'13:01','Reading'),
    (990,6,'11:52',2,'13:52','Football'),
    (991,8,'23:36',2,'1:36','Football'),
    (992,1,'1:16',5,'6:16','TV'),
    (993,10,'10:41',6,'16:41','Sleeping'),
    (994,15,'13:13',7,'20:13','Sleeping'),
    (995,8,'22:19',5,'3:19','TV'),
    (996,4,'20:57',3,'23:57','Acting'),
    (997,13,'7:51',1,'8:51','Reading'),
    (998,6,'15:02',6,'21:02','Sleeping'),
    (999,11,'2:16',7,'9:16','Sleeping'),
    (1000,12,'0:43',1,'1:43','Reading');
CREATE TABLE IF NOT EXISTS Personal_Details (
    "personId" INT,
    "family_id" INT,
    "birthdate" VARCHAR(50),
    "food_preference" VARCHAR(14) ,
    "last_sleep_from" VARCHAR(5) ,
    "last_sleep_till" VARCHAR(5) ,
    "first_name" VARCHAR(10) ,
    "last_name" VARCHAR(10) ,
    "middle_name" VARCHAR(11) ,
    "gender" VARCHAR(6) ,
    "email" VARCHAR(27) ,
    "phone_nr" VARCHAR(12) 
);
INSERT INTO Personal_Details VALUES
    (1,1,'1986-12-27 00:00:00','Flexitarian','20:59','14:24','Shelia','Snaddin','Eachelle','Female','esnaddin0@themeforest.net','273-975-6431'),
    (2,1,'1950-05-04 00:00:00','Flexitarian','11:56','3:21','Jordanna','Mucci','Laura','Female','lmucci1@ucoz.ru','449-850-7735'),
    (3,2,'2001-03-03 00:00:00','Vegan','7:20','3:52','Lonnie','Manilo','Emilio','Male','emanilo2@multiply.com','241-256-5201'),
    (4,2,'1966-07-05 00:00:00','Not Applicable','11:58','1:21','Frederik','Hamberston','Thaine','Male','thamberston3@prweb.com','643-791-8089'),
    (5,3,'1989-11-20 00:00:00','Not Applicable','14:00','3:00','Benoite','Caddie','Olympie','Female','ocaddie4@quantcast.com','806-955-8720'),
    (6,3,'1950-07-20 00:00:00','Pescatarian','0:53','9:54','Sharron','Cyples','Grissel','Female','gcyples5@squidoo.com','477-799-7954'),
    (7,4,'1961-11-02 00:00:00','Flexitarian','5:21','20:06','Lazare','Djurkovic','Dal','Male','ddjurkovic6@parallels.com','493-515-7177'),
    (8,4,'2010-09-01 00:00:00','Flexitarian','18:35','14:10','Purcell','Capoun','Clerkclaude','Male','ccapoun7@cornell.edu','214-385-3374'),
    (9,5,'1969-04-27 00:00:00','Pescatarian','5:56','14:02','Rori','Wedge','Maryjane','Female','mwedge8@youku.com','883-432-7856'),
    (10,5,'2002-10-18 00:00:00','Pescatarian','22:00','20:59','Anna-maria','Downs','Rosalind','Female','rdowns9@ebay.com','307-393-0716'),
    (11,6,'1990-08-07 00:00:00','Vegetarian','22:51','0:54','Oliviero','Hutton','Hussein','Male','hhuttona@marketwatch.com','565-544-6109'),
    (12,6,'1994-11-03 00:00:00','Pescatarian','14:02','8:18','Olly','Frowing','Frans','Male','ffrowingb@ca.gov','205-920-1137'),
    (13,7,'1958-04-19 00:00:00','Not Applicable','11:57','19:59','Robbi','McCrystal','Sigrid','Female','smccrystalc@wordpress.com','100-913-4308'),
    (14,7,'1957-05-20 00:00:00','Pescatarian','14:26','19:01','Nil','Gehring','Kim','Male','kgehringd@patch.com','240-510-7794'),
    (15,8,'1972-02-05 00:00:00','Flexitarian','4:45','21:59','Taddeo','Sellor','Noel','Male','nsellore@alibaba.com','190-148-5374'),
    (16,8,'2014-04-11 00:00:00','Vegetarian','7:48','14:03','Berne','Prickett','Danie','Male','dprickettf@reddit.com','275-513-2217'),
    (17,8,'2002-05-17 00:00:00','Flexitarian','13:01','13:32','Felita','Barfield','Dorisa','Female','dbarfieldg@surveymonkey.com','500-213-8993');
CREATE TABLE IF NOT EXISTS Room_Readings (
    "reading_time" VARCHAR(19) ,
    "room_id" INT,
    "temperature" INT,
    "humidity" INT,
    "amount_of_CO2" INT,
    "lux" INT
);
INSERT INTO Room_Readings VALUES
    ('2018-09-21 07:01:24',45,23,45,30,50),
    ('2018-03-28 22:26:27',187,27,40,33,59),
    ('2017-01-23 23:58:45',195,29,60,31,22),
    ('2017-07-07 20:05:16',41,24,39,51,32),
    ('2017-03-16 00:43:28',163,12,39,51,27),
    ('2018-07-04 18:24:40',127,5,37,40,61),
    ('2018-08-28 23:59:03',121,9,59,42,67),
    ('2018-12-17 11:53:45',200,10,42,51,63),
    ('2017-04-06 17:16:01',75,5,55,34,61),
    ('2018-08-04 09:55:56',72,15,45,67,43),
    ('2017-09-27 18:46:41',185,32,49,42,50),
    ('2018-07-05 08:20:35',121,27,57,65,34),
    ('2017-09-26 15:52:55',135,14,56,32,66),
    ('2018-11-03 14:54:13',150,11,32,43,68),
    ('2018-10-10 10:15:47',51,4,49,67,66),
    ('2018-07-06 00:17:29',35,27,46,48,41),
    ('2017-05-17 15:02:44',134,30,41,33,47),
    ('2018-06-07 06:44:07',74,24,59,52,52),
    ('2018-10-05 20:19:15',76,28,48,33,43),
    ('2017-05-17 19:42:34',93,13,37,31,58),
    ('2018-10-13 17:17:14',149,31,50,31,30),
    ('2018-10-29 16:53:53',71,30,57,56,68),
    ('2017-04-02 23:05:36',172,30,32,40,48),
    ('2018-03-08 10:53:50',101,13,40,64,30),
    ('2018-04-09 09:10:19',196,28,49,65,50),
    ('2018-05-08 09:28:30',138,23,52,47,40),
    ('2017-06-13 21:51:07',74,18,39,66,20),
    ('2017-09-19 23:36:08',187,11,43,59,61),
    ('2017-05-22 15:33:59',20,11,30,40,24),
    ('2017-09-03 13:24:06',166,10,39,39,43),
    ('2017-04-26 17:28:07',187,25,60,65,27),
    ('2018-07-23 08:52:56',145,25,33,53,63),
    ('2018-04-26 12:38:24',118,3,52,61,65),
    ('2018-08-21 23:51:49',5,26,47,43,45),
    ('2017-10-22 18:08:17',171,15,53,66,49),
    ('2017-04-09 22:53:54',131,11,39,65,54),
    ('2018-05-27 20:29:40',116,10,32,61,34),
    ('2017-09-08 10:52:19',11,22,60,61,53),
    ('2017-03-08 21:54:27',32,14,44,70,55),
    ('2018-07-06 10:29:58',148,13,55,60,30),
    ('2017-05-18 06:47:23',136,12,58,44,70),
    ('2017-08-05 22:25:38',43,6,42,44,35),
    ('2017-10-20 11:32:52',87,29,53,62,39),
    ('2018-03-29 04:22:17',107,5,39,70,36),
    ('2017-02-17 15:19:41',32,26,46,50,32),
    ('2018-07-24 16:23:22',175,3,41,37,42),
    ('2017-11-15 07:14:05',43,18,33,65,57),
    ('2017-03-20 22:39:42',31,21,53,39,57),
    ('2017-02-24 12:52:17',42,20,47,46,40),
    ('2017-05-24 13:11:02',70,4,49,30,44),
    ('2017-10-06 21:32:47',173,6,54,30,51),
    ('2017-05-04 13:37:13',149,5,57,41,23),
    ('2017-01-21 07:19:59',172,8,32,32,59),
    ('2017-09-24 00:58:25',151,14,36,47,68),
    ('2017-07-03 19:30:45',199,16,51,55,56),
    ('2017-08-15 14:46:39',86,22,30,53,45),
    ('2018-10-17 20:26:43',71,18,54,54,70),
    ('2017-09-16 23:33:53',35,7,33,43,48),
    ('2018-02-20 07:50:03',34,32,31,34,20),
    ('2018-02-26 01:27:34',197,12,50,53,56),
    ('2017-03-22 19:58:29',109,17,37,70,22),
    ('2018-08-26 19:41:21',135,6,32,65,64),
    ('2017-05-30 14:25:23',81,3,38,70,23),
    ('2017-08-18 14:47:20',4,23,43,65,68),
    ('2017-02-25 01:10:37',138,23,32,56,31),
    ('2017-12-11 02:16:09',137,18,54,56,50),
    ('2017-06-02 19:50:46',126,25,48,42,58),
    ('2018-01-31 19:32:21',21,23,31,48,27),
    ('2017-11-22 23:18:40',154,22,57,32,46),
    ('2017-02-12 20:30:54',178,15,59,57,68),
    ('2017-05-11 06:36:59',144,28,54,36,29),
    ('2017-10-07 01:16:22',13,24,53,55,60),
    ('2018-02-01 05:34:54',12,4,55,56,39),
    ('2018-02-18 06:15:40',184,5,47,32,55),
    ('2017-01-27 03:55:11',62,5,34,69,59),
    ('2018-01-30 23:48:19',96,16,51,47,61),
    ('2017-02-05 20:47:22',27,26,43,35,29),
    ('2018-09-21 09:57:06',29,11,43,52,45),
    ('2017-02-23 13:41:28',148,24,51,36,39),
    ('2018-06-04 11:57:37',172,19,34,70,36),
    ('2017-02-04 21:05:53',17,10,54,68,49),
    ('2017-11-18 10:53:09',70,7,50,30,31),
    ('2018-09-31 05:50:01',191,22,40,35,62),
    ('2017-12-23 11:02:37',158,24,32,50,23),
    ('2018-05-11 15:31:37',160,26,46,66,32),
    ('2017-12-14 19:50:24',69,31,36,43,61),
    ('2018-06-02 23:07:34',38,27,55,38,36),
    ('2018-01-18 14:21:03',39,23,55,49,51),
    ('2017-05-08 08:06:42',138,19,35,66,58),
    ('2017-11-30 02:03:34',79,14,45,44,60),
    ('2018-02-03 22:04:53',75,18,37,42,46),
    ('2017-03-03 00:10:49',21,3,41,67,49),
    ('2018-01-23 03:54:33',23,24,54,46,66),
    ('2017-10-09 04:28:24',179,12,50,68,66),
    ('2017-07-31 11:41:40',43,8,52,65,36),
    ('2017-05-10 09:31:45',43,14,36,48,47),
    ('2018-05-10 01:15:26',18,16,60,61,41),
    ('2017-12-07 18:24:39',185,29,31,61,48),
    ('2018-03-13 21:15:16',144,16,56,53,49),
    ('2017-12-03 17:46:45',85,29,48,59,41),
    ('2017-09-19 12:40:37',96,10,59,46,34),
    ('2018-02-15 17:02:01',25,8,32,56,64),
    ('2017-03-08 08:58:42',161,17,48,40,64),
    ('2018-11-29 10:09:41',93,29,38,59,55),
    ('2018-02-31 13:49:16',32,22,57,60,27),
    ('2017-09-16 19:40:58',164,16,34,56,31),
    ('2017-02-23 05:38:19',37,32,56,39,69),
    ('2018-02-27 08:17:57',9,32,48,37,23),
    ('2017-05-26 07:15:36',187,14,37,59,26),
    ('2017-11-20 05:31:14',113,13,46,30,64),
    ('2017-01-23 13:24:49',103,8,51,46,25),
    ('2017-10-19 05:49:33',49,18,37,31,33),
    ('2018-05-01 01:21:20',32,27,40,34,20),
    ('2018-09-05 11:12:02',186,22,38,58,61),
    ('2018-12-23 14:30:23',16,10,46,54,41),
    ('2018-08-24 14:23:56',81,23,41,35,66),
    ('2018-08-03 09:35:06',23,29,60,65,32),
    ('2017-06-30 23:41:30',200,21,42,52,41),
    ('2018-05-12 10:12:26',181,8,41,46,65),
    ('2017-02-17 03:26:19',90,15,51,55,65),
    ('2018-02-03 16:13:37',26,15,60,37,44),
    ('2018-04-11 23:11:54',2,18,43,55,34),
    ('2017-08-20 23:35:13',68,27,51,42,56),
    ('2018-12-17 08:09:52',68,12,46,48,63),
    ('2017-03-30 18:25:46',95,28,31,46,51),
    ('2018-07-02 02:46:26',95,5,47,39,55),
    ('2018-08-12 07:57:50',94,11,41,39,22),
    ('2017-09-28 08:54:03',94,8,55,53,57),
    ('2018-10-04 10:33:32',108,14,34,48,44),
    ('2017-03-08 08:32:56',90,10,41,33,36),
    ('2018-08-12 18:42:57',170,13,58,48,51),
    ('2017-05-01 06:22:14',160,11,41,39,56),
    ('2018-12-16 01:45:59',7,14,60,36,60),
    ('2017-08-14 06:03:28',157,31,57,40,60),
    ('2018-10-31 04:13:06',200,18,43,46,60),
    ('2017-05-04 02:59:11',181,3,47,34,49),
    ('2018-09-02 21:14:29',186,18,42,58,45),
    ('2017-03-15 04:20:03',181,27,53,49,22),
    ('2017-12-25 17:04:57',36,27,47,43,47),
    ('2017-09-30 13:36:54',114,11,45,40,37),
    ('2017-11-27 15:03:28',199,9,51,46,56),
    ('2017-06-27 13:08:34',15,10,43,61,28),
    ('2017-10-04 14:29:46',134,6,47,47,39),
    ('2018-08-31 22:24:16',23,28,34,33,37),
    ('2017-11-01 11:02:14',136,5,60,68,30),
    ('2018-04-07 13:39:57',30,19,36,39,38),
    ('2018-06-12 01:56:06',128,13,60,63,23),
    ('2018-04-07 21:22:09',94,18,32,34,62),
    ('2018-02-06 15:21:59',181,32,40,61,42),
    ('2017-10-27 00:20:58',117,9,32,49,25),
    ('2017-06-09 01:23:47',62,10,55,34,42),
    ('2017-11-31 20:03:07',172,20,42,59,51),
    ('2018-02-03 09:44:12',20,20,44,31,52),
    ('2017-01-09 00:20:09',148,5,49,31,32),
    ('2018-02-13 15:11:07',138,28,31,45,67),
    ('2017-08-01 23:10:57',15,26,35,70,49),
    ('2017-12-24 01:20:15',78,13,37,38,27),
    ('2018-01-15 03:35:04',137,6,34,37,35),
    ('2018-09-08 12:17:04',119,4,31,38,50),
    ('2018-02-08 18:36:19',116,21,56,66,66),
    ('2017-05-10 06:49:31',107,24,51,32,33),
    ('2017-04-03 14:56:38',56,13,43,58,26),
    ('2017-03-03 03:45:26',32,29,60,42,42),
    ('2017-06-27 12:33:31',197,9,50,51,35),
    ('2017-05-05 14:17:55',100,27,58,57,47),
    ('2017-06-04 08:24:11',135,11,33,66,37),
    ('2017-12-09 09:50:21',32,8,31,51,43),
    ('2018-06-06 02:05:18',12,10,30,59,66),
    ('2017-07-10 15:46:05',20,19,33,36,33),
    ('2017-12-16 04:40:34',88,9,49,59,37),
    ('2018-10-13 06:18:58',166,3,33,70,69),
    ('2018-03-05 18:07:52',27,24,60,33,62),
    ('2017-10-28 12:48:42',36,28,38,33,41),
    ('2017-04-17 04:32:37',15,10,47,67,53),
    ('2017-09-28 19:19:54',172,24,44,67,70),
    ('2017-07-11 20:53:40',102,32,36,47,60),
    ('2017-08-13 18:59:15',58,29,59,53,59),
    ('2018-02-19 20:34:37',5,14,45,33,25),
    ('2018-04-04 00:49:25',49,21,53,60,27),
    ('2018-12-23 09:23:40',143,16,39,57,46),
    ('2018-09-03 13:40:32',106,24,32,54,26),
    ('2018-04-01 04:34:30',70,32,44,34,70),
    ('2017-11-06 18:34:20',137,28,49,64,48),
    ('2017-06-01 13:49:09',63,4,52,46,37),
    ('2017-11-03 12:26:47',125,7,56,44,24),
    ('2018-10-11 02:25:09',128,8,41,44,47),
    ('2017-07-31 01:15:31',179,31,52,69,31),
    ('2017-02-03 02:47:15',129,5,30,46,53),
    ('2018-04-09 12:21:53',152,20,42,60,30),
    ('2018-11-15 03:15:53',55,9,48,41,53),
    ('2017-11-28 10:53:06',8,4,59,63,55),
    ('2018-03-13 23:26:42',199,32,45,67,54),
    ('2018-09-28 12:52:12',189,10,34,62,28),
    ('2017-12-02 17:17:11',172,16,39,49,59),
    ('2017-05-20 04:06:51',19,31,32,55,34),
    ('2017-12-10 08:31:42',141,14,51,61,25),
    ('2017-03-23 22:31:20',200,28,54,45,25),
    ('2017-05-07 16:43:47',79,6,32,34,21),
    ('2017-10-26 19:40:28',79,29,59,50,24),
    ('2018-11-29 09:32:28',30,8,41,51,43),
    ('2017-09-28 08:44:16',26,7,39,45,53),
    ('2017-11-29 07:30:14',183,11,59,56,25),
    ('2018-04-12 14:05:36',48,11,57,70,35),
    ('2017-06-31 04:14:23',157,8,34,54,66),
    ('2017-12-20 14:30:54',91,16,40,63,40),
    ('2018-07-04 02:34:20',54,22,59,52,31),
    ('2017-03-31 11:35:57',113,27,47,40,28),
    ('2018-08-17 17:59:34',72,24,46,42,37),
    ('2018-11-19 04:43:22',65,16,55,37,40),
    ('2017-07-10 01:24:52',53,14,38,39,56),
    ('2018-06-25 14:53:44',39,32,37,50,53),
    ('2018-08-17 15:02:12',156,29,49,40,23),
    ('2018-01-22 03:32:54',106,32,40,58,30),
    ('2018-11-22 17:42:53',110,16,54,37,49),
    ('2017-03-13 00:56:12',10,15,55,30,54),
    ('2017-07-08 12:32:56',77,22,50,59,45),
    ('2017-05-05 05:53:35',186,31,46,57,28),
    ('2018-05-30 16:28:05',131,22,30,58,46),
    ('2017-09-04 19:50:19',10,14,36,70,28),
    ('2018-04-24 16:56:32',36,25,51,49,25),
    ('2018-06-26 08:57:36',166,24,44,39,29),
    ('2018-09-23 12:58:22',185,7,38,39,52),
    ('2018-06-08 04:23:30',44,25,38,69,61),
    ('2017-11-08 12:04:08',19,4,45,49,69),
    ('2018-08-10 17:32:43',189,23,45,50,28),
    ('2017-07-03 14:10:30',82,31,50,57,70),
    ('2017-01-16 06:33:12',98,3,43,55,63),
    ('2017-09-21 16:51:58',71,24,47,69,50),
    ('2017-12-06 15:20:13',56,15,60,65,32),
    ('2018-08-10 02:51:24',115,19,56,34,60),
    ('2017-11-24 04:43:34',72,14,35,59,70),
    ('2018-04-20 18:52:46',3,27,31,44,21),
    ('2018-03-14 17:42:17',94,3,58,62,41),
    ('2017-11-16 14:23:23',32,29,50,34,24),
    ('2018-01-08 11:45:42',100,13,55,47,28),
    ('2017-10-18 06:57:27',5,30,37,44,55),
    ('2018-09-07 02:22:47',148,20,35,58,53),
    ('2017-04-04 03:42:47',147,25,57,50,51),
    ('2018-03-23 06:12:04',139,22,33,49,32),
    ('2017-07-16 03:20:22',74,19,60,63,46),
    ('2018-04-18 11:11:02',66,8,55,68,68),
    ('2017-06-14 19:16:24',48,5,39,65,66),
    ('2017-06-14 14:03:53',40,23,53,38,27),
    ('2017-10-15 16:30:20',105,19,45,61,70),
    ('2018-10-05 21:51:26',161,18,39,32,35),
    ('2017-02-19 03:58:43',66,15,33,69,46),
    ('2017-06-13 14:53:18',10,12,57,54,53),
    ('2017-01-19 14:30:36',3,7,60,30,30),
    ('2018-08-02 14:23:49',54,18,31,62,63),
    ('2018-01-12 05:58:10',76,32,54,34,29);
INSERT INTO Room_Readings VALUES
    ('2017-01-02 21:36:39',184,4,44,35,68),
    ('2018-08-22 13:15:01',148,9,56,47,59),
    ('2018-11-14 07:23:28',141,18,44,34,45),
    ('2017-01-11 10:19:24',183,29,37,66,47),
    ('2017-08-11 11:30:49',147,13,41,57,57),
    ('2018-08-21 07:17:54',140,7,36,51,47),
    ('2017-08-23 18:40:55',30,17,46,30,26),
    ('2018-01-21 23:37:45',102,25,31,53,25),
    ('2018-04-06 17:04:28',186,10,55,41,51),
    ('2017-06-24 14:02:18',179,16,51,42,27),
    ('2018-09-23 17:02:48',101,29,47,48,25),
    ('2017-11-27 17:21:18',81,8,34,45,23),
    ('2017-03-09 23:16:07',146,17,39,59,34),
    ('2018-09-02 11:24:42',92,23,55,59,38),
    ('2017-07-18 03:28:26',194,24,58,63,23),
    ('2018-11-09 06:08:47',161,23,39,44,23),
    ('2018-09-26 04:17:02',76,24,38,39,68),
    ('2017-10-18 02:13:20',113,19,53,31,54),
    ('2018-06-18 15:53:24',2,15,44,64,35),
    ('2017-07-04 21:24:55',43,8,46,32,21),
    ('2018-05-05 13:18:59',76,7,45,54,31),
    ('2018-10-02 16:02:47',35,20,44,59,29),
    ('2017-06-13 13:50:25',167,13,39,46,63),
    ('2018-01-06 14:25:29',43,7,35,35,26),
    ('2018-03-25 03:14:23',76,24,30,30,22),
    ('2018-03-28 09:11:21',117,18,52,33,45),
    ('2017-11-28 17:36:51',10,14,47,68,32),
    ('2018-08-19 06:06:10',170,15,51,32,60),
    ('2017-04-12 06:03:24',20,17,33,69,49),
    ('2018-04-17 11:10:25',104,12,60,59,39),
    ('2017-07-26 07:59:03',9,25,32,58,27),
    ('2018-01-22 01:27:22',23,28,55,54,42),
    ('2017-04-02 05:45:07',50,13,49,49,60),
    ('2018-03-02 18:36:55',136,3,32,39,24),
    ('2017-09-07 05:35:59',19,27,37,39,66),
    ('2018-12-03 00:35:09',21,27,37,70,52),
    ('2017-01-23 04:14:50',157,4,54,43,43),
    ('2018-03-13 23:34:33',171,18,58,46,48),
    ('2018-11-25 12:07:25',3,25,48,49,29),
    ('2017-04-27 19:28:02',193,18,47,50,20),
    ('2018-01-15 15:36:56',73,7,43,51,25),
    ('2017-11-29 14:53:10',12,16,44,61,33),
    ('2017-07-10 05:23:50',67,20,56,62,59),
    ('2018-07-01 05:52:41',74,19,54,66,66),
    ('2018-10-29 01:44:02',200,28,57,40,59),
    ('2017-05-09 01:42:49',167,5,54,67,41),
    ('2017-10-08 12:04:30',130,6,36,61,48),
    ('2017-02-19 13:17:19',181,9,35,34,36),
    ('2018-03-21 10:08:19',44,27,50,64,34),
    ('2018-10-04 09:27:14',59,22,41,70,62),
    ('2018-09-03 22:44:19',141,31,37,57,33),
    ('2018-05-24 02:42:17',142,14,56,32,63),
    ('2018-02-23 08:09:20',18,8,49,34,64),
    ('2017-11-28 08:04:33',145,30,41,55,34),
    ('2017-08-24 06:37:39',78,12,45,70,56),
    ('2018-08-21 07:40:42',160,14,35,43,56),
    ('2017-08-19 09:26:33',95,18,36,47,29),
    ('2017-11-20 18:59:51',29,26,37,62,26),
    ('2017-10-16 08:38:27',92,3,31,59,50),
    ('2017-11-30 15:37:38',134,6,44,51,68),
    ('2018-07-20 15:10:26',155,16,56,31,61),
    ('2017-05-26 23:23:39',148,22,45,66,27),
    ('2017-02-04 08:27:14',23,17,56,55,64),
    ('2018-11-25 23:49:10',32,16,43,34,62),
    ('2018-06-26 09:04:57',54,21,59,46,39),
    ('2017-06-16 13:35:20',49,13,33,56,37),
    ('2017-07-26 00:13:23',62,24,40,38,41),
    ('2018-12-06 15:23:41',17,20,46,52,28),
    ('2018-06-01 01:40:45',183,18,58,51,39),
    ('2017-12-03 01:32:29',167,22,46,69,45),
    ('2018-11-25 17:35:51',100,25,39,33,52),
    ('2018-04-09 08:53:04',178,18,52,30,35),
    ('2017-01-30 10:11:20',193,9,57,54,50),
    ('2017-08-01 20:06:17',155,25,31,32,41),
    ('2017-05-05 04:39:44',44,4,48,69,25),
    ('2018-01-26 01:46:23',52,27,44,38,46),
    ('2017-08-06 07:45:01',96,29,54,48,29),
    ('2017-04-24 17:09:31',171,25,41,52,60),
    ('2018-12-14 21:41:49',123,11,39,35,21),
    ('2018-09-03 05:34:40',173,9,53,60,36),
    ('2018-08-18 23:21:35',22,13,51,46,55),
    ('2018-09-28 19:03:59',108,11,50,41,62),
    ('2017-06-29 07:46:50',64,22,45,48,21),
    ('2017-03-20 18:40:42',56,14,56,38,53),
    ('2018-02-21 22:13:43',184,10,46,67,69),
    ('2017-09-17 10:47:12',190,17,37,52,66),
    ('2018-07-10 01:51:03',170,32,44,64,33),
    ('2018-12-06 04:54:39',141,4,36,35,26),
    ('2017-07-07 05:42:48',71,26,59,66,44),
    ('2018-03-31 23:54:38',5,28,30,35,47),
    ('2018-05-29 08:46:20',127,14,59,67,57),
    ('2017-09-04 16:30:31',77,14,52,42,56),
    ('2018-11-05 17:10:41',87,16,41,52,35),
    ('2018-06-20 02:06:18',109,27,38,51,35),
    ('2017-01-23 19:11:09',82,18,47,46,46),
    ('2017-06-08 04:58:11',64,27,51,34,36),
    ('2018-03-03 12:48:18',107,10,32,61,64),
    ('2017-05-05 20:58:50',89,26,48,33,70),
    ('2018-07-03 01:35:39',103,20,58,34,23),
    ('2017-03-15 01:04:48',132,29,44,34,39),
    ('2017-11-12 13:06:26',186,25,47,67,44),
    ('2017-09-06 00:26:43',86,12,38,41,39),
    ('2018-12-10 12:47:13',195,7,55,69,65),
    ('2018-05-31 11:50:59',15,14,43,47,55),
    ('2018-03-20 15:49:04',43,7,43,65,70),
    ('2017-11-11 08:34:20',165,11,48,52,68),
    ('2018-10-04 00:26:51',193,9,55,54,58),
    ('2017-12-30 15:28:32',87,22,44,31,64),
    ('2017-12-29 14:02:45',113,9,37,42,50),
    ('2017-01-09 17:17:46',143,22,57,70,44),
    ('2018-02-12 05:43:33',63,18,52,31,66),
    ('2017-11-19 13:23:08',120,30,42,68,61),
    ('2018-02-31 09:26:24',63,27,45,62,53),
    ('2018-09-30 06:44:52',106,25,45,60,46),
    ('2018-01-19 17:01:18',60,16,53,70,62),
    ('2018-06-13 11:45:02',24,28,30,55,44),
    ('2018-05-10 14:03:05',36,11,35,37,58),
    ('2017-07-13 23:24:39',126,27,55,53,49),
    ('2018-01-05 17:18:13',176,12,45,66,38),
    ('2017-08-28 05:32:41',138,16,33,44,46),
    ('2017-11-03 01:03:53',143,21,55,56,26),
    ('2018-06-25 15:26:11',191,25,41,42,46),
    ('2018-10-01 16:42:39',157,10,32,56,66),
    ('2017-08-26 18:32:55',97,6,37,63,63),
    ('2018-09-02 17:04:01',25,28,46,58,27),
    ('2018-09-11 09:39:40',103,30,39,45,34),
    ('2017-08-01 11:14:26',150,25,41,38,45),
    ('2018-04-13 15:12:58',144,15,36,37,41),
    ('2018-11-29 19:44:22',188,26,43,37,63),
    ('2018-01-18 07:11:15',37,11,53,69,31),
    ('2018-05-10 05:38:56',41,27,41,43,36),
    ('2018-12-03 15:08:36',101,22,56,53,70),
    ('2018-09-27 12:51:38',22,31,35,42,28),
    ('2017-01-30 18:31:36',92,14,55,46,25),
    ('2018-07-21 04:16:53',73,31,34,44,55),
    ('2018-06-16 19:32:01',111,18,44,47,57),
    ('2017-11-08 16:32:27',57,31,50,59,70),
    ('2017-05-19 05:01:39',155,8,44,62,31),
    ('2018-06-07 14:46:42',108,32,45,44,42),
    ('2018-03-27 11:58:23',63,21,55,69,57),
    ('2018-06-26 04:21:06',45,9,51,48,22),
    ('2017-05-30 05:23:45',76,7,32,47,64),
    ('2017-06-08 03:39:55',195,22,39,33,31),
    ('2018-08-06 18:15:14',190,29,36,45,67),
    ('2017-06-15 18:22:58',187,14,43,42,58),
    ('2018-12-28 23:13:13',33,32,36,53,56),
    ('2018-12-12 07:35:10',30,19,39,62,68),
    ('2018-10-20 11:25:52',178,10,60,57,37),
    ('2017-02-26 08:18:48',47,26,48,61,54),
    ('2018-07-19 01:25:07',111,10,32,62,57),
    ('2017-07-13 00:03:26',152,11,45,34,47),
    ('2017-01-28 06:57:33',160,20,31,57,47),
    ('2017-04-04 08:24:01',17,6,59,61,55),
    ('2017-09-05 02:07:35',31,6,43,65,38),
    ('2017-01-04 08:59:48',32,4,41,32,56),
    ('2018-10-31 17:46:22',102,25,46,64,28),
    ('2018-10-30 19:56:04',140,30,35,30,38),
    ('2018-12-24 04:21:17',183,16,56,33,28),
    ('2018-12-16 15:15:54',191,21,37,40,50),
    ('2017-11-10 07:35:46',164,31,34,67,49),
    ('2018-11-09 09:02:44',5,20,58,62,57),
    ('2017-06-23 12:41:22',119,17,46,42,67),
    ('2017-09-25 09:56:40',197,7,49,61,43),
    ('2017-08-23 16:47:21',26,13,56,32,58),
    ('2018-02-30 19:21:14',130,27,54,37,70),
    ('2017-01-15 18:40:33',108,9,53,52,25),
    ('2018-02-11 00:23:03',111,14,52,35,57),
    ('2017-02-25 23:56:10',98,6,31,36,53),
    ('2017-09-24 09:13:57',124,18,60,58,45),
    ('2018-06-30 20:21:59',37,28,60,35,25),
    ('2017-02-02 16:59:06',29,32,59,56,45),
    ('2017-06-20 15:18:53',27,15,54,49,63),
    ('2017-09-27 17:36:17',161,24,35,34,50),
    ('2017-04-04 21:52:39',40,13,34,68,65),
    ('2018-12-13 13:01:23',70,24,60,39,27),
    ('2017-06-02 00:16:30',65,4,38,64,61),
    ('2018-08-09 09:33:30',166,31,54,45,27),
    ('2017-04-17 20:26:10',195,23,49,64,28),
    ('2018-04-23 04:41:22',161,7,60,40,37),
    ('2017-06-25 00:29:16',48,19,45,32,21),
    ('2018-10-16 15:38:01',111,11,41,58,41),
    ('2018-08-03 16:09:37',185,12,30,51,48),
    ('2017-07-18 15:30:46',80,32,52,34,48),
    ('2018-10-08 06:03:14',165,15,36,58,38),
    ('2018-10-07 16:40:09',13,24,57,49,60),
    ('2017-03-22 16:51:11',21,28,59,53,42),
    ('2018-08-10 08:02:38',145,25,50,43,56),
    ('2017-05-19 20:06:30',82,28,36,55,66),
    ('2018-09-19 15:57:30',47,22,43,50,70),
    ('2018-03-25 15:50:26',178,29,36,42,25),
    ('2018-05-04 19:27:46',36,29,47,32,53),
    ('2017-05-19 06:37:07',145,19,47,31,58),
    ('2018-11-15 22:18:29',101,8,59,32,37),
    ('2018-12-31 10:36:39',135,6,54,50,61),
    ('2017-06-12 05:36:45',107,10,36,37,36),
    ('2017-12-15 10:23:05',11,26,35,36,42),
    ('2017-01-06 04:04:22',77,4,54,44,60),
    ('2017-08-15 00:42:44',22,9,60,40,37),
    ('2018-07-15 20:23:42',7,10,42,44,33),
    ('2018-02-08 19:12:02',51,15,52,45,53),
    ('2018-05-27 02:42:22',164,17,57,34,32),
    ('2017-10-27 03:13:10',197,22,38,47,53),
    ('2017-04-14 18:45:28',101,25,31,55,56),
    ('2017-01-01 16:01:34',195,27,42,38,39),
    ('2018-01-25 18:42:12',1,9,58,43,37),
    ('2017-04-13 18:49:22',147,20,51,66,44),
    ('2017-01-03 12:28:52',128,23,51,34,67),
    ('2017-11-17 21:37:12',128,29,60,48,29),
    ('2017-12-21 12:47:18',158,19,55,52,32),
    ('2017-03-06 11:13:26',79,4,49,49,62),
    ('2017-01-27 00:36:26',53,24,38,37,44),
    ('2017-08-09 14:40:27',137,27,50,33,23),
    ('2017-08-10 03:47:42',10,28,30,69,24),
    ('2017-11-16 08:05:54',197,16,59,62,20),
    ('2017-04-01 15:26:20',121,4,57,68,31),
    ('2018-10-28 13:35:33',10,3,59,48,70),
    ('2017-07-24 03:37:13',154,14,56,59,58),
    ('2018-08-09 17:36:15',123,18,35,41,69),
    ('2018-05-02 05:59:42',23,28,52,55,36),
    ('2017-10-28 03:35:49',37,24,58,43,38),
    ('2017-03-05 10:15:13',127,4,45,64,40),
    ('2018-10-21 03:41:01',186,17,38,40,62),
    ('2017-06-29 10:37:46',101,18,39,60,45),
    ('2018-11-18 00:33:37',140,7,58,67,33),
    ('2018-10-21 10:33:28',17,25,47,67,57),
    ('2017-09-30 06:03:57',30,27,60,44,56),
    ('2018-08-23 22:16:55',175,9,37,66,36),
    ('2018-05-22 13:51:22',57,28,34,40,69),
    ('2017-05-09 20:26:45',142,3,44,62,25),
    ('2018-06-16 17:58:48',138,19,50,37,35),
    ('2018-05-11 00:15:07',167,15,47,44,32),
    ('2017-04-18 15:06:24',155,32,40,70,29),
    ('2018-05-15 21:42:03',145,5,32,53,53),
    ('2018-11-05 19:22:51',37,23,40,44,69),
    ('2017-08-20 21:59:03',88,25,33,43,32),
    ('2018-07-13 04:37:08',196,14,44,49,50),
    ('2017-01-20 15:31:34',34,3,60,47,70),
    ('2017-07-18 20:20:12',167,14,40,54,41),
    ('2017-03-22 17:38:05',151,19,45,48,60),
    ('2017-07-06 09:59:59',92,29,54,36,46),
    ('2017-04-17 02:16:02',188,29,37,59,59),
    ('2018-03-13 16:38:58',43,24,50,49,38),
    ('2018-11-06 21:36:46',89,4,39,55,44),
    ('2018-01-09 00:01:33',124,11,40,39,21),
    ('2018-11-08 08:27:06',132,31,33,55,61),
    ('2017-11-06 03:29:02',186,28,56,30,23),
    ('2017-06-18 07:48:27',129,11,40,38,54),
    ('2017-07-18 23:46:01',40,7,56,65,61),
    ('2018-07-31 03:53:20',121,21,60,32,55),
    ('2018-01-05 23:37:45',26,19,37,39,23);
INSERT INTO Room_Readings VALUES
    ('2018-02-19 18:48:27',159,4,50,50,25),
    ('2017-09-03 13:03:27',153,26,40,53,49),
    ('2018-04-24 05:57:33',108,17,44,37,59),
    ('2018-08-25 10:44:09',115,4,52,53,49),
    ('2017-05-12 14:03:29',155,29,40,56,27),
    ('2017-04-04 15:55:41',191,3,57,35,67),
    ('2017-06-09 22:07:30',99,25,59,37,35),
    ('2018-04-21 01:41:17',115,8,57,45,34),
    ('2018-02-01 22:06:48',174,26,55,56,49),
    ('2017-03-06 04:13:06',191,24,46,47,54),
    ('2017-08-29 06:54:51',158,29,31,66,59),
    ('2017-10-23 03:45:38',86,10,38,59,51),
    ('2017-03-27 17:43:47',127,19,42,59,47),
    ('2017-11-25 10:37:05',27,17,49,56,59),
    ('2018-07-03 17:47:08',158,22,32,30,26),
    ('2018-12-29 10:14:18',160,31,45,55,48),
    ('2018-03-28 03:55:04',136,8,44,41,23),
    ('2018-07-21 13:04:13',177,27,45,69,66),
    ('2017-07-04 00:54:09',154,32,45,62,43),
    ('2018-02-18 23:10:33',194,19,37,39,28),
    ('2017-02-14 12:12:31',150,21,35,69,39),
    ('2017-05-16 04:08:43',83,12,33,58,26),
    ('2018-04-22 09:28:59',85,8,50,61,64),
    ('2017-07-03 09:33:43',70,25,55,41,63),
    ('2017-11-20 01:57:49',65,12,46,65,41),
    ('2018-01-26 17:22:19',135,24,55,30,22),
    ('2018-07-30 08:18:43',30,23,34,30,36),
    ('2017-10-05 19:47:04',6,22,42,65,36),
    ('2018-01-24 22:53:59',196,17,46,38,51),
    ('2018-05-28 03:40:22',136,6,39,57,40),
    ('2017-06-19 05:56:57',43,27,32,56,60),
    ('2018-09-25 18:04:07',55,8,45,51,25),
    ('2018-08-15 21:11:26',102,26,36,51,23),
    ('2017-08-18 05:27:45',26,23,39,44,46),
    ('2017-04-05 01:09:31',93,14,46,65,70),
    ('2017-06-21 20:42:02',75,15,34,38,27),
    ('2017-01-30 16:28:31',136,8,58,40,33),
    ('2018-09-21 01:58:16',140,23,40,49,44),
    ('2018-05-15 05:40:38',155,31,34,36,23),
    ('2018-06-13 13:09:26',142,30,52,45,61),
    ('2017-06-09 13:43:14',190,14,49,64,45),
    ('2017-10-31 03:03:02',62,10,35,35,27),
    ('2017-08-04 20:50:06',6,26,60,64,57),
    ('2018-02-30 22:43:01',169,13,60,39,47),
    ('2017-05-28 03:17:55',40,8,49,69,41),
    ('2017-12-11 01:17:32',85,19,46,67,60),
    ('2018-01-12 21:19:45',133,30,59,67,33),
    ('2018-11-19 20:20:56',2,17,58,55,50),
    ('2017-10-04 11:55:58',182,23,33,70,40),
    ('2018-06-11 16:13:07',155,15,38,61,68),
    ('2017-02-06 17:40:59',39,8,56,61,64),
    ('2018-02-18 06:03:45',165,15,30,67,27),
    ('2018-11-20 09:44:55',110,10,53,37,36),
    ('2018-01-02 00:12:05',173,10,42,46,55),
    ('2018-06-17 21:14:16',65,12,45,38,51),
    ('2018-03-12 01:59:19',160,6,30,48,63),
    ('2018-05-14 10:56:19',61,14,39,56,68),
    ('2017-04-26 00:52:49',52,25,55,30,47),
    ('2017-01-05 15:53:41',43,5,32,43,25),
    ('2018-05-31 05:06:55',12,11,40,59,55),
    ('2017-10-16 08:06:26',67,22,57,58,23),
    ('2017-07-07 17:41:28',8,24,34,46,48),
    ('2017-02-04 17:03:12',147,5,43,54,61),
    ('2017-06-01 03:26:48',129,9,44,64,35),
    ('2018-11-27 01:28:36',194,3,52,30,35),
    ('2018-09-22 17:26:07',141,3,43,38,40),
    ('2018-05-25 08:49:02',34,9,41,54,53),
    ('2018-11-31 12:30:29',19,23,56,63,29),
    ('2017-06-14 04:06:44',26,10,50,41,63),
    ('2018-12-08 05:10:29',85,4,52,30,22),
    ('2018-03-21 12:10:18',167,21,58,51,37),
    ('2018-01-20 17:32:47',25,14,41,38,42),
    ('2017-03-27 22:15:25',25,24,52,62,44),
    ('2018-09-16 05:55:43',178,21,38,55,68),
    ('2017-01-19 19:33:07',148,11,42,42,35),
    ('2017-08-20 08:30:23',171,23,36,42,66),
    ('2017-10-28 19:04:25',3,29,40,30,35),
    ('2017-04-26 10:44:39',168,4,40,39,59),
    ('2018-10-20 22:26:16',16,32,39,57,53),
    ('2018-05-26 04:45:17',120,4,48,42,55),
    ('2018-12-02 14:37:42',18,12,45,34,47),
    ('2017-02-14 20:21:31',14,25,45,55,26),
    ('2018-12-10 13:31:39',151,30,39,70,52),
    ('2017-05-23 04:14:39',22,19,59,34,31),
    ('2017-01-07 17:48:20',185,16,47,61,20),
    ('2017-11-15 16:18:21',160,24,51,56,23),
    ('2017-09-11 19:37:56',164,5,60,36,58),
    ('2018-07-20 21:42:46',186,10,39,58,53),
    ('2017-05-09 14:41:32',164,16,57,64,27),
    ('2018-02-26 07:27:11',78,26,52,36,35),
    ('2017-09-31 15:43:55',158,25,57,47,49),
    ('2018-08-01 11:34:01',182,10,43,63,47),
    ('2018-05-15 20:03:13',188,14,53,51,28),
    ('2018-08-23 11:02:55',143,22,53,68,49),
    ('2018-06-12 11:13:58',53,31,31,51,64),
    ('2018-09-24 05:01:11',177,15,48,49,41),
    ('2018-02-07 10:43:24',156,25,34,38,23),
    ('2018-05-27 05:44:40',196,5,57,49,34),
    ('2018-07-20 17:53:03',64,21,59,62,41),
    ('2017-10-17 15:49:50',37,3,33,35,67),
    ('2017-09-19 09:33:26',160,14,42,69,30),
    ('2017-03-10 09:40:27',85,23,48,51,24),
    ('2017-01-29 07:48:33',45,31,33,52,46),
    ('2017-08-03 18:50:58',16,14,30,64,42),
    ('2018-02-29 09:09:12',48,17,50,49,63),
    ('2017-01-09 09:54:05',191,11,42,38,63),
    ('2018-05-11 14:12:54',24,8,53,43,37),
    ('2017-06-25 13:01:31',12,15,43,46,38),
    ('2018-08-12 15:53:15',42,28,34,38,63),
    ('2017-11-04 19:08:26',7,14,47,57,56),
    ('2018-07-04 02:02:28',187,8,47,45,55),
    ('2017-02-13 07:37:27',129,31,41,44,64),
    ('2018-01-28 07:43:50',3,29,55,54,65),
    ('2018-06-13 03:32:11',158,21,44,49,35),
    ('2017-06-07 17:01:24',186,11,50,61,70),
    ('2017-08-12 22:57:25',135,20,40,43,39),
    ('2018-01-10 16:52:22',138,5,42,31,54),
    ('2017-04-12 08:58:07',4,11,36,44,26),
    ('2017-03-29 22:01:21',122,25,48,63,48),
    ('2017-11-14 23:36:18',184,5,51,64,55),
    ('2018-12-29 05:16:27',46,31,53,32,53),
    ('2017-06-05 03:11:17',151,5,57,46,54),
    ('2017-12-22 15:09:24',124,22,42,64,46),
    ('2017-10-01 23:02:57',102,32,38,39,61),
    ('2017-08-15 16:30:53',18,14,46,65,37),
    ('2018-07-08 17:11:49',194,3,36,65,63),
    ('2018-03-31 10:13:16',119,23,60,49,42),
    ('2018-02-08 08:24:11',193,18,51,49,69),
    ('2018-06-21 04:38:05',124,5,37,55,59),
    ('2017-02-13 16:40:59',78,30,38,33,60),
    ('2018-11-15 20:04:56',70,28,41,35,45),
    ('2017-06-03 16:33:31',93,25,58,67,65),
    ('2017-04-16 04:51:35',1,21,50,64,25),
    ('2017-09-24 05:44:55',117,19,38,37,48),
    ('2018-06-18 20:04:19',43,28,58,44,25),
    ('2018-11-22 10:28:38',125,5,59,57,64),
    ('2017-07-31 12:19:15',90,11,58,49,24),
    ('2017-08-04 00:01:10',41,32,43,33,30),
    ('2018-07-04 20:46:10',85,16,31,50,22),
    ('2017-10-03 18:59:19',49,8,42,55,53),
    ('2018-02-08 07:13:37',136,22,44,50,26),
    ('2017-10-10 00:38:44',142,11,42,47,62),
    ('2017-02-22 09:44:49',133,16,47,58,60),
    ('2018-05-11 18:34:04',81,3,40,47,53),
    ('2017-01-24 14:08:51',24,19,41,35,32),
    ('2017-07-07 12:12:40',14,8,45,35,56),
    ('2018-02-06 21:33:25',180,16,46,67,50),
    ('2018-02-28 11:53:11',163,9,34,31,57),
    ('2017-05-19 16:13:26',35,9,58,58,56),
    ('2017-11-09 20:38:58',104,24,38,58,28),
    ('2017-10-27 08:54:20',117,6,46,57,29),
    ('2017-04-16 11:11:53',106,29,59,48,40),
    ('2017-11-20 03:36:58',187,18,60,62,70),
    ('2017-09-27 17:50:32',7,25,45,46,28),
    ('2018-06-27 07:19:16',21,14,42,34,68),
    ('2018-07-10 23:19:19',191,30,43,54,58),
    ('2018-07-06 02:21:22',182,19,43,44,54),
    ('2018-01-12 08:22:28',31,5,52,50,53),
    ('2018-02-29 16:31:18',40,19,59,64,54),
    ('2018-04-25 05:54:57',151,20,41,41,41),
    ('2017-09-14 09:30:54',137,6,36,51,43),
    ('2018-03-19 02:38:50',89,26,30,41,37),
    ('2018-01-13 21:56:34',125,16,57,49,44),
    ('2018-11-17 11:16:50',21,14,45,62,23),
    ('2017-06-03 13:22:08',157,5,36,50,32),
    ('2018-09-02 04:16:04',88,24,33,50,26),
    ('2018-07-14 03:32:36',11,30,54,54,30),
    ('2017-11-16 05:40:08',192,12,47,32,46),
    ('2017-04-08 15:56:18',197,32,40,30,39),
    ('2018-04-02 00:40:51',137,10,33,38,48),
    ('2018-08-26 01:09:23',91,20,53,47,56),
    ('2018-02-17 10:32:28',32,15,37,61,40),
    ('2018-02-11 06:05:10',104,7,40,66,27),
    ('2017-12-21 15:54:57',95,20,41,66,42),
    ('2018-07-07 22:51:38',167,30,36,36,55),
    ('2017-10-26 08:13:49',108,32,45,63,50),
    ('2018-03-05 05:47:21',107,18,36,63,38),
    ('2017-09-08 02:33:05',181,21,31,45,32),
    ('2018-01-15 15:23:05',62,19,41,55,46),
    ('2018-06-18 23:36:53',175,22,60,57,56),
    ('2018-09-25 07:01:59',189,19,39,61,36),
    ('2018-10-20 16:02:20',35,3,44,38,30),
    ('2017-05-06 00:03:21',151,12,49,51,21),
    ('2017-04-24 01:05:09',12,30,59,46,26),
    ('2017-05-23 16:28:12',150,18,59,56,26),
    ('2018-04-20 19:23:32',93,21,42,56,26),
    ('2017-07-03 14:14:12',71,13,32,39,20),
    ('2018-01-26 11:48:19',181,3,34,51,48),
    ('2018-11-10 16:31:05',74,30,60,59,51),
    ('2018-07-08 02:02:04',31,14,46,67,27),
    ('2017-10-25 18:16:48',91,19,40,62,66),
    ('2018-05-27 06:02:45',159,10,51,43,59),
    ('2018-01-12 19:12:22',76,23,44,67,47),
    ('2017-05-21 20:31:50',24,19,57,66,37),
    ('2017-12-10 14:51:34',163,11,51,68,43),
    ('2017-11-24 15:39:43',164,9,45,57,30),
    ('2018-04-15 12:46:02',45,27,53,61,67),
    ('2018-10-29 14:15:06',87,21,48,45,66),
    ('2018-10-18 11:04:41',107,17,36,46,69),
    ('2018-05-23 14:04:13',14,9,50,35,67),
    ('2018-04-06 15:37:20',28,3,32,47,34),
    ('2018-11-06 05:12:38',6,31,34,48,51),
    ('2017-07-01 06:53:09',44,32,49,40,64),
    ('2018-08-25 10:27:08',110,24,41,61,64),
    ('2017-10-31 09:05:14',133,32,34,33,54),
    ('2017-09-20 04:32:50',185,19,31,67,28),
    ('2018-08-30 02:22:21',3,16,48,49,31),
    ('2018-10-04 22:35:21',103,7,47,45,66),
    ('2017-06-11 06:44:13',81,7,31,39,55),
    ('2017-11-08 09:04:46',28,20,45,35,60),
    ('2018-10-30 07:28:05',53,29,39,60,39),
    ('2017-02-26 17:04:51',12,10,34,35,49),
    ('2017-05-07 21:13:39',155,15,42,67,29),
    ('2017-09-25 14:42:57',129,20,32,32,65),
    ('2018-08-22 18:19:48',77,13,41,45,43),
    ('2017-08-06 19:27:58',127,32,57,65,45),
    ('2018-03-29 16:26:34',101,16,42,65,41),
    ('2017-03-25 05:22:47',132,23,41,64,61),
    ('2018-02-10 07:38:28',105,22,48,53,32),
    ('2018-10-27 15:53:34',47,14,54,66,42),
    ('2017-01-08 09:02:17',117,7,34,55,55),
    ('2018-10-26 20:18:28',26,32,50,42,57),
    ('2018-02-14 19:14:12',27,14,37,65,38),
    ('2017-12-02 20:59:26',77,17,39,34,44),
    ('2017-08-13 12:09:21',47,24,49,50,49),
    ('2017-07-21 15:12:14',94,26,50,52,65),
    ('2017-08-12 15:57:33',107,19,36,39,31),
    ('2017-03-17 15:03:22',67,4,38,35,44),
    ('2017-11-20 17:03:40',15,24,34,31,23),
    ('2017-01-18 21:12:07',95,13,60,54,35),
    ('2017-05-14 05:33:21',155,13,30,48,45),
    ('2017-09-19 05:59:48',114,21,34,65,62),
    ('2017-06-27 17:08:49',106,11,53,64,55),
    ('2017-10-25 10:16:17',169,13,52,36,34),
    ('2018-11-14 18:25:20',183,24,35,63,57),
    ('2017-01-28 12:47:47',80,29,60,37,35),
    ('2017-09-09 13:22:02',158,26,53,48,28),
    ('2018-09-22 08:32:03',3,11,39,37,34),
    ('2018-08-06 18:50:41',171,31,34,44,25),
    ('2018-08-18 00:41:47',53,30,35,51,43),
    ('2017-09-02 04:02:54',90,9,44,55,46),
    ('2017-12-12 13:53:04',153,14,32,69,22),
    ('2018-01-16 16:34:44',121,31,52,41,62),
    ('2018-05-29 17:04:36',107,9,30,47,24),
    ('2017-02-01 09:33:33',169,23,50,67,54),
    ('2018-06-31 09:31:53',106,27,54,55,40),
    ('2017-10-20 17:40:11',92,21,39,58,61),
    ('2017-11-25 16:31:14',130,8,36,46,58),
    ('2018-11-27 01:50:10',191,4,48,34,53),
    ('2018-04-08 21:29:28',133,13,45,43,55);
INSERT INTO Room_Readings VALUES
    ('2018-01-11 21:02:20',78,22,55,66,25),
    ('2017-12-06 23:24:45',188,7,31,55,66),
    ('2018-07-17 00:53:15',68,8,48,56,62),
    ('2017-09-15 18:26:54',94,7,40,51,47),
    ('2017-01-12 20:49:50',26,14,56,56,36),
    ('2017-10-31 07:09:22',172,19,50,43,37),
    ('2018-03-31 14:16:24',20,18,53,33,48),
    ('2017-06-17 00:02:35',104,18,36,50,46),
    ('2017-10-16 13:05:19',44,12,39,44,66),
    ('2018-04-22 03:50:02',18,3,36,42,33),
    ('2017-10-24 06:25:56',114,19,48,65,35),
    ('2018-06-14 23:38:42',142,10,30,50,23),
    ('2018-05-23 11:04:08',54,9,55,45,66),
    ('2017-07-16 02:09:41',166,17,49,42,58),
    ('2018-12-20 23:36:01',112,32,51,69,25),
    ('2018-09-07 16:24:30',91,4,56,59,26),
    ('2017-04-11 19:48:17',19,20,54,53,55),
    ('2018-04-12 04:16:48',96,26,42,31,27),
    ('2017-01-23 12:34:53',95,8,60,35,22),
    ('2018-05-15 07:49:01',130,11,47,69,46),
    ('2018-01-17 10:28:54',97,16,39,47,30),
    ('2018-03-19 18:51:36',33,7,35,58,65),
    ('2017-02-20 03:42:39',151,18,36,40,25),
    ('2017-09-03 12:26:56',74,3,56,67,39),
    ('2017-06-11 17:09:11',82,13,42,34,29),
    ('2017-09-03 12:42:31',151,25,55,53,45),
    ('2018-11-31 21:32:26',43,11,52,45,25),
    ('2018-08-08 10:05:01',156,26,45,34,53),
    ('2018-05-26 03:14:19',64,24,46,67,50),
    ('2017-06-22 14:58:32',106,9,40,48,54),
    ('2017-08-19 15:45:51',175,8,54,51,41),
    ('2017-02-18 01:54:07',59,22,59,30,62),
    ('2018-06-10 05:35:06',32,13,52,50,54),
    ('2018-04-02 11:06:24',50,23,60,56,37),
    ('2017-12-08 04:07:25',170,4,34,58,53),
    ('2018-10-08 12:20:41',9,29,41,31,36),
    ('2018-05-07 21:58:12',88,8,36,31,34),
    ('2017-03-10 09:27:04',29,7,42,51,69),
    ('2017-07-19 21:01:58',114,17,31,37,32),
    ('2018-08-01 09:18:31',77,27,50,43,33),
    ('2018-08-22 10:48:07',60,9,38,40,57),
    ('2018-07-27 02:01:42',40,4,55,63,31),
    ('2017-10-22 06:22:32',106,21,40,67,46),
    ('2018-09-13 04:37:45',113,28,34,62,54),
    ('2018-03-16 21:42:28',39,28,51,46,53),
    ('2017-07-24 22:52:16',66,28,50,38,66),
    ('2017-09-12 06:20:58',42,3,44,45,24),
    ('2018-08-27 13:23:49',160,19,40,51,70),
    ('2017-11-04 11:50:06',30,10,58,35,32),
    ('2017-04-05 06:50:15',19,20,40,70,63),
    ('2018-09-21 13:48:28',119,23,33,55,33),
    ('2018-11-21 20:38:36',103,16,44,35,64),
    ('2018-04-17 16:59:03',16,24,34,44,58),
    ('2018-04-20 04:17:16',31,13,38,66,26),
    ('2018-11-23 03:49:39',172,18,31,42,40),
    ('2018-02-04 04:44:48',189,23,36,47,27),
    ('2017-02-25 08:20:34',157,9,55,67,38),
    ('2018-01-14 18:55:38',8,18,46,56,59),
    ('2018-07-24 13:20:57',110,19,30,62,36),
    ('2018-06-13 16:12:50',73,9,48,63,63),
    ('2018-11-14 05:07:37',118,20,48,39,64),
    ('2018-10-02 20:32:58',143,22,59,70,42),
    ('2018-02-03 16:58:34',87,10,59,67,55),
    ('2017-08-23 15:54:20',138,22,59,45,62),
    ('2018-11-06 03:11:25',116,18,43,70,53),
    ('2017-01-31 21:10:33',12,32,46,35,56),
    ('2017-06-17 18:39:42',163,4,48,48,23),
    ('2018-04-22 12:58:54',131,11,58,67,39),
    ('2017-05-09 09:15:08',78,6,60,46,44),
    ('2017-03-24 07:58:52',114,32,38,58,33),
    ('2017-12-05 19:13:35',140,3,43,62,64),
    ('2018-11-20 06:40:23',132,11,32,35,23),
    ('2018-08-25 14:20:48',107,12,41,37,26),
    ('2017-10-19 00:30:48',132,7,46,34,58),
    ('2018-10-15 18:33:08',139,13,40,31,44),
    ('2018-01-17 18:06:06',5,30,46,64,70),
    ('2017-02-26 08:37:01',184,9,35,38,28),
    ('2018-10-24 05:47:11',56,17,60,60,36),
    ('2017-03-06 20:50:02',3,10,60,63,20),
    ('2018-12-06 07:46:10',134,26,53,40,66),
    ('2017-02-20 05:59:47',1,31,50,68,28),
    ('2017-07-13 20:03:35',26,16,44,50,56),
    ('2018-10-19 04:38:58',196,31,57,41,69),
    ('2017-11-30 13:03:49',40,12,51,44,60),
    ('2018-06-01 01:42:04',149,32,44,45,32),
    ('2017-08-03 12:30:58',41,8,56,54,20),
    ('2017-01-23 09:18:18',9,19,43,57,54),
    ('2017-10-16 18:56:11',170,21,44,56,70),
    ('2017-07-13 23:56:16',166,21,50,50,23),
    ('2017-10-31 05:52:16',86,5,56,41,24),
    ('2017-05-11 03:49:54',14,8,57,57,47),
    ('2017-06-03 04:23:15',36,24,40,38,30),
    ('2018-06-11 15:28:16',70,28,47,56,26),
    ('2017-08-30 00:17:45',183,20,42,48,20),
    ('2018-04-17 19:58:29',167,29,55,45,55),
    ('2018-03-11 07:14:33',26,13,54,65,55),
    ('2017-03-06 07:22:30',45,21,32,65,55),
    ('2018-05-31 23:39:30',111,11,38,63,52),
    ('2018-10-01 21:24:41',135,6,48,39,32),
    ('2018-07-28 03:54:11',152,21,43,41,68),
    ('2018-10-26 01:39:05',27,13,51,42,59),
    ('2017-03-29 01:20:47',182,10,58,42,31),
    ('2017-03-19 20:11:05',179,22,53,53,23),
    ('2017-02-20 15:40:03',11,29,30,69,36),
    ('2017-01-19 09:32:07',141,14,44,65,68),
    ('2017-02-10 05:48:01',160,7,60,67,43),
    ('2018-05-25 07:49:37',66,10,43,56,62),
    ('2018-09-05 21:30:18',37,25,56,69,22),
    ('2017-08-08 14:57:45',166,32,43,35,53),
    ('2017-03-26 13:09:09',99,17,59,57,29),
    ('2018-01-18 01:47:45',59,17,39,67,70),
    ('2018-01-18 03:24:36',23,3,55,37,31),
    ('2017-03-25 13:19:35',7,30,40,36,57),
    ('2017-02-25 13:31:24',60,9,35,54,70),
    ('2018-08-29 22:02:25',62,14,45,46,50),
    ('2018-12-31 03:24:34',109,12,30,52,54),
    ('2017-12-22 16:22:09',121,5,32,31,25),
    ('2018-09-11 09:50:25',194,15,37,65,31),
    ('2017-05-06 05:02:27',181,4,57,41,52),
    ('2017-11-16 00:50:27',20,26,55,66,57),
    ('2018-03-22 11:24:09',191,19,50,37,32),
    ('2018-04-15 01:26:46',146,27,54,41,43),
    ('2017-03-20 21:33:19',156,14,45,39,37),
    ('2018-03-18 22:18:08',42,12,44,56,65),
    ('2018-11-19 11:28:23',110,14,39,36,23),
    ('2018-07-13 08:14:58',113,18,43,68,43),
    ('2017-06-31 15:51:16',32,23,60,32,21),
    ('2018-07-14 18:34:41',22,22,45,43,29),
    ('2018-06-08 22:14:21',18,13,45,58,56),
    ('2017-03-09 16:55:33',21,3,39,66,54),
    ('2018-06-11 09:09:48',30,17,32,31,56),
    ('2017-11-12 23:40:22',93,32,59,62,55),
    ('2018-02-25 14:43:15',74,28,31,36,47),
    ('2018-03-14 15:08:06',138,24,40,52,24),
    ('2017-05-08 14:34:49',25,20,30,32,70),
    ('2017-01-01 23:11:34',50,3,53,45,54),
    ('2018-11-21 17:53:51',92,10,58,37,26),
    ('2017-04-06 00:19:50',200,26,49,32,23),
    ('2018-05-12 15:08:19',8,9,50,42,32),
    ('2017-12-27 00:07:19',4,32,60,35,31),
    ('2018-04-05 01:52:20',73,7,51,48,29),
    ('2018-07-07 18:20:37',97,18,49,49,45),
    ('2018-01-07 04:58:25',137,9,36,32,29),
    ('2018-12-13 06:42:07',29,6,31,30,70),
    ('2018-03-31 23:30:03',63,23,48,63,46),
    ('2017-12-08 23:31:05',134,18,57,53,40),
    ('2017-10-06 23:18:43',59,26,35,41,25),
    ('2017-07-15 14:51:20',42,22,55,56,43),
    ('2017-04-16 00:16:52',34,18,37,70,70),
    ('2018-02-22 23:51:25',147,29,59,56,50),
    ('2018-08-10 16:43:32',29,3,36,50,59),
    ('2017-05-19 06:16:32',169,12,40,46,26),
    ('2017-04-18 15:41:46',69,27,50,53,57),
    ('2017-10-18 00:40:18',176,5,37,50,62),
    ('2017-09-29 04:40:50',185,32,46,66,25),
    ('2018-01-28 07:14:11',187,7,36,30,35),
    ('2018-10-28 17:12:22',138,5,33,40,68),
    ('2017-04-14 03:47:21',119,17,30,53,67),
    ('2017-02-24 11:22:14',104,15,43,33,70),
    ('2018-06-15 00:06:56',131,21,44,68,35),
    ('2017-08-16 11:30:53',86,3,43,46,60),
    ('2018-11-13 09:13:38',85,32,47,62,64),
    ('2017-04-19 16:31:35',4,20,48,66,55),
    ('2017-04-04 22:19:15',144,5,45,54,50),
    ('2017-08-02 10:25:52',62,30,48,49,20),
    ('2017-03-25 06:30:06',146,28,36,63,47),
    ('2017-03-10 03:27:55',70,7,56,45,57),
    ('2017-09-16 13:52:55',10,28,41,42,25),
    ('2017-04-16 01:25:06',94,15,55,69,41),
    ('2018-04-08 22:53:26',131,26,47,48,45),
    ('2017-01-18 14:33:12',178,25,51,56,66),
    ('2017-07-12 02:35:13',88,12,30,68,48),
    ('2017-05-12 13:26:10',62,6,31,34,21),
    ('2017-08-03 04:22:28',167,30,45,34,67),
    ('2018-03-07 00:19:02',172,32,49,51,29),
    ('2018-02-03 11:24:16',138,26,42,56,50),
    ('2018-08-16 13:47:19',7,6,50,40,27),
    ('2017-01-28 13:19:34',90,30,34,34,57),
    ('2017-11-19 22:10:05',8,15,46,61,43),
    ('2018-08-29 09:45:54',113,32,45,49,49),
    ('2018-11-04 13:03:26',187,9,47,43,26),
    ('2018-09-11 04:49:41',114,29,38,49,40),
    ('2017-09-14 10:59:53',129,31,40,66,59),
    ('2017-08-14 18:35:37',26,29,45,46,33),
    ('2017-07-18 02:24:33',151,19,56,54,31),
    ('2018-12-19 15:20:27',104,13,56,68,31),
    ('2018-07-07 02:53:51',142,8,53,51,46),
    ('2017-08-26 06:35:35',200,16,41,62,46),
    ('2018-10-31 03:42:01',144,7,48,61,68),
    ('2017-03-26 15:13:53',80,15,50,38,43),
    ('2018-07-29 02:49:38',80,11,41,30,29),
    ('2017-07-12 09:51:27',176,4,39,39,24),
    ('2017-10-25 05:28:21',160,24,59,57,27),
    ('2018-12-06 01:57:09',192,26,36,52,44),
    ('2018-03-25 14:01:54',28,5,34,45,63),
    ('2017-02-18 15:53:19',164,10,57,43,64),
    ('2018-01-30 09:08:26',190,24,50,30,61),
    ('2017-05-11 10:33:50',193,14,52,50,39),
    ('2017-03-11 22:11:28',43,32,41,70,24),
    ('2018-07-13 17:41:43',152,32,40,41,37),
    ('2018-12-07 22:44:28',165,10,41,38,42),
    ('2017-08-07 22:16:19',71,15,40,45,31),
    ('2018-02-24 16:14:07',145,29,55,49,30),
    ('2017-08-20 15:25:58',109,21,48,55,39),
    ('2017-09-18 00:38:43',66,28,39,52,32),
    ('2017-09-16 21:19:48',165,6,34,55,20),
    ('2017-07-22 16:46:38',106,27,48,66,61),
    ('2018-05-23 21:46:56',152,10,44,53,56),
    ('2017-11-02 15:57:24',41,4,52,64,40),
    ('2018-09-05 03:41:08',195,20,41,54,59),
    ('2018-03-18 14:37:05',145,11,52,66,40),
    ('2017-04-25 17:09:09',153,30,45,34,28),
    ('2018-07-15 15:49:54',49,7,56,69,67),
    ('2018-12-12 01:17:34',154,21,39,40,25),
    ('2017-01-15 06:12:54',158,27,33,35,40),
    ('2018-01-25 00:12:55',183,14,51,41,63),
    ('2018-10-22 23:37:06',101,16,40,54,39),
    ('2017-10-21 16:15:02',165,6,38,42,29),
    ('2018-06-27 10:32:42',55,11,59,48,40),
    ('2017-11-20 14:19:43',24,28,55,46,25),
    ('2017-04-10 23:57:45',45,7,48,63,70),
    ('2017-04-11 10:01:42',20,27,52,45,35),
    ('2018-05-24 08:06:54',61,20,58,36,39),
    ('2017-01-14 00:16:01',164,6,34,47,49),
    ('2018-10-03 05:54:17',81,8,56,67,33),
    ('2017-12-20 13:23:35',106,12,41,33,22),
    ('2017-11-11 17:53:09',148,14,36,45,21),
    ('2017-11-14 10:48:27',22,25,50,54,37),
    ('2017-04-27 09:40:52',103,12,43,51,55),
    ('2017-04-12 09:46:53',96,26,48,63,34),
    ('2018-01-23 15:25:43',192,30,34,66,34),
    ('2018-01-22 01:19:56',160,5,38,58,36),
    ('2017-09-30 14:54:17',129,29,49,41,23),
    ('2017-10-17 14:32:01',76,8,44,70,63),
    ('2017-06-26 19:22:58',153,32,58,36,51),
    ('2018-04-19 03:23:06',40,13,44,55,29),
    ('2018-03-23 03:23:43',157,12,38,65,47),
    ('2017-05-09 21:50:36',55,19,43,42,39),
    ('2018-09-05 07:22:30',141,4,39,60,22),
    ('2018-01-17 13:14:04',185,9,53,33,37),
    ('2017-06-07 13:19:20',125,30,53,61,54),
    ('2018-09-23 21:24:56',5,3,49,62,40),
    ('2017-05-04 12:56:57',101,21,40,58,43),
    ('2018-12-16 18:15:37',18,6,37,40,40),
    ('2018-05-06 23:05:22',78,15,47,43,21),
    ('2017-10-20 19:20:42',107,7,59,47,35),
    ('2018-10-12 23:32:17',198,11,43,41,45),
    ('2018-10-18 15:56:22',63,30,37,35,20),
    ('2017-10-18 14:56:16',151,4,31,67,38),
    ('2018-01-19 22:54:46',118,16,44,47,49);
CREATE TABLE IF NOT EXISTS Rooms (
    "room_id" INT,
    "house_id" INT,
    "room_name" VARCHAR(11) ,
    "last_humidity" INT,
    "last_temperature" INT,
    "last_amount_CO2" INT,
    "last_reading_time" VARCHAR(50),
    "nr_of_appliances" INT,
    "last_lux" INT,
    "night_mode" VARCHAR(3) 
);
INSERT INTO Rooms VALUES
    (1,1,'Living Room',41,14,33,'2017-10-16 01:40:22',2,57,'OFF'),
    (2,1,'Bathroom',52,12,48,'2018-09-21 05:13:08',1,62,'ON'),
    (3,1,'Kitchen',52,28,45,'2017-05-16 19:17:35',1,42,'ON'),
    (4,1,'Bedroom',42,14,38,'2018-10-29 13:46:52',4,34,'OFF'),
    (5,1,'Dining Room',46,16,33,'2017-03-05 18:42:18',3,32,'ON'),
    (6,2,'Living Room',39,24,47,'2018-07-12 09:33:16',4,62,'ON'),
    (7,2,'Bathroom',50,11,56,'2017-01-13 00:23:06',3,69,'ON'),
    (8,2,'Kitchen',53,10,47,'2018-03-27 08:08:31',2,58,'OFF'),
    (9,2,'Bedroom',57,9,52,'2018-01-22 00:39:20',4,54,'OFF'),
    (10,2,'Dining Room',57,17,53,'2018-05-19 02:03:20',3,48,'OFF'),
    (11,3,'Living Room',37,30,49,'2018-10-17 21:26:36',2,74,'ON'),
    (12,3,'Bathroom',35,11,47,'2017-05-30 02:12:38',4,44,'OFF'),
    (13,3,'Kitchen',58,25,33,'2017-02-27 10:23:51',2,79,'OFF'),
    (14,3,'Bedroom',38,16,34,'2017-11-28 20:34:40',4,40,'ON'),
    (15,3,'Dining Room',46,14,34,'2017-02-23 10:43:58',4,20,'OFF'),
    (16,4,'Living Room',44,17,38,'2017-03-11 01:40:46',2,68,'ON'),
    (17,4,'Bathroom',36,30,51,'2018-12-24 11:06:26',2,61,'ON'),
    (18,4,'Kitchen',59,19,57,'2018-02-19 19:26:33',4,80,'ON'),
    (19,4,'Bedroom',43,14,48,'2017-04-05 12:56:33',2,21,'OFF'),
    (20,4,'Dining Room',36,23,37,'2018-12-09 07:45:38',1,38,'OFF'),
    (21,5,'Living Room',60,11,30,'2017-03-07 21:54:32',1,79,'ON'),
    (22,5,'Bathroom',57,16,58,'2018-02-18 13:24:57',3,69,'ON'),
    (23,5,'Kitchen',40,8,39,'2017-07-25 05:54:18',1,69,'OFF'),
    (24,5,'Bedroom',46,22,46,'2018-09-25 22:45:29',1,78,'OFF'),
    (25,5,'Dining Room',56,10,46,'2017-03-30 06:07:09',3,30,'OFF'),
    (26,6,'Living Room',49,30,37,'2018-08-11 10:46:34',3,34,'OFF'),
    (27,6,'Bathroom',39,20,34,'2018-08-15 02:36:03',3,36,'ON'),
    (28,6,'Kitchen',48,10,59,'2018-12-04 02:51:43',1,38,'OFF'),
    (29,6,'Bedroom',30,17,49,'2017-06-01 09:55:50',3,72,'ON'),
    (30,6,'Dining Room',41,31,33,'2018-08-06 16:54:59',1,34,'ON'),
    (31,7,'Living Room',42,24,34,'2017-05-22 10:24:05',3,32,'OFF'),
    (32,7,'Bathroom',46,8,48,'2017-06-25 21:16:48',2,62,'ON'),
    (33,7,'Kitchen',57,27,30,'2018-04-18 14:17:49',2,66,'OFF'),
    (34,7,'Bedroom',37,15,58,'2017-02-27 16:54:18',1,43,'OFF'),
    (35,7,'Dining Room',51,8,45,'2017-09-07 15:36:57',4,61,'ON'),
    (36,8,'Living Room',46,23,47,'2017-02-21 00:28:20',1,75,'OFF'),
    (37,8,'Bathroom',49,16,35,'2017-03-23 08:01:30',2,70,'ON'),
    (38,8,'Kitchen',53,28,52,'2017-10-05 04:31:43',1,39,'ON'),
    (39,8,'Bedroom',36,27,52,'2018-03-13 01:10:33',2,45,'ON'),
    (40,8,'Dining Room',57,25,60,'2017-02-11 21:46:25',3,22,'OFF'),
    (41,9,'Living Room',32,28,37,'2017-03-28 03:12:04',2,33,'ON'),
    (42,9,'Bathroom',60,31,51,'2017-04-04 07:24:41',4,26,'ON'),
    (43,9,'Kitchen',33,11,30,'2018-10-08 00:43:20',2,28,'ON'),
    (44,9,'Bedroom',33,12,33,'2017-03-24 23:15:22',1,72,'OFF'),
    (45,9,'Dining Room',42,11,60,'2018-04-05 19:50:24',4,74,'ON'),
    (46,10,'Living Room',46,7,33,'2017-10-06 06:26:04',2,77,'OFF'),
    (47,10,'Bathroom',60,18,33,'2018-05-10 03:48:58',2,21,'OFF'),
    (48,10,'Kitchen',58,27,60,'2017-11-08 06:37:28',2,46,'OFF'),
    (49,10,'Bedroom',58,14,35,'2017-03-29 10:40:25',3,32,'OFF'),
    (50,10,'Dining Room',60,17,44,'2017-03-24 15:36:37',3,71,'OFF');
CREATE TABLE IF NOT EXISTS Socket_Readings (
    "socket_readings_id" INT,
    "socket_id" INT,
    "power_consumed" NUMERIC(3, 2),
    "reading_time" VARCHAR(50)
);
INSERT INTO Socket_Readings VALUES
    (1,20,0.02,'2018-04-21 01:10:00'),
    (2,1,0.03,'2018-04-21 01:20:00'),
    (3,6,0.08,'2018-04-21 01:30:00'),
    (4,1,0.19,'2018-04-21 01:40:00'),
    (5,19,0.16,'2018-04-21 01:50:00'),
    (6,14,0.1,'2018-04-21 02:00:00'),
    (7,1,0.08,'2018-04-21 02:10:00'),
    (8,3,0.07,'2018-04-21 02:20:00'),
    (9,6,0.1,'2018-04-21 02:30:00'),
    (10,4,0.02,'2018-04-21 02:40:00'),
    (11,12,0.14,'2018-04-21 02:50:00'),
    (12,5,0.07,'2018-04-21 03:00:00'),
    (13,20,0.04,'2018-04-21 03:10:00'),
    (14,1,0.02,'2018-04-21 03:20:00'),
    (15,1,0.08,'2018-04-21 03:30:00'),
    (16,16,0.08,'2018-04-21 03:40:00'),
    (17,20,0.05,'2018-04-21 03:50:00'),
    (18,2,0.04,'2018-04-21 04:00:00'),
    (19,16,0.11,'2018-04-21 04:10:00'),
    (20,10,0.06,'2018-04-21 04:20:00'),
    (21,17,0.17,'2018-04-21 04:30:00'),
    (22,4,0.19,'2018-04-21 04:40:00'),
    (23,12,0.16,'2018-04-21 04:50:00'),
    (24,8,0.12,'2018-04-21 05:00:00'),
    (25,20,0.18,'2018-04-21 05:10:00'),
    (26,9,0.2,'2018-04-21 05:20:00'),
    (27,17,0.05,'2018-04-21 05:30:00'),
    (28,14,0.03,'2018-04-21 05:40:00'),
    (29,12,0.03,'2018-04-21 05:50:00'),
    (30,2,0.01,'2018-04-21 06:00:00'),
    (31,15,0.15,'2018-04-21 06:10:00'),
    (32,14,0.04,'2018-04-21 06:20:00'),
    (33,10,0.15,'2018-04-21 06:30:00'),
    (34,1,0.08,'2018-04-21 06:40:00'),
    (35,13,0.19,'2018-04-21 06:50:00'),
    (36,4,0.03,'2018-04-21 07:00:00'),
    (37,6,0.18,'2018-04-21 07:10:00'),
    (38,6,0.17,'2018-04-21 07:20:00'),
    (39,10,0.12,'2018-04-21 07:30:00'),
    (40,2,0.04,'2018-04-21 07:40:00'),
    (41,9,0.03,'2018-04-21 07:50:00'),
    (42,19,0.08,'2018-04-21 08:00:00'),
    (43,19,0.06,'2018-04-21 08:10:00'),
    (44,9,0.07,'2018-04-21 08:20:00'),
    (45,8,0.14,'2018-04-21 08:30:00'),
    (46,12,0.04,'2018-04-21 08:40:00'),
    (47,2,0.12,'2018-04-21 08:50:00'),
    (48,4,0.2,'2018-04-21 09:00:00'),
    (49,16,0.16,'2018-04-21 09:10:00'),
    (50,6,0.08,'2018-04-21 09:20:00'),
    (51,1,0.07,'2018-04-21 09:30:00'),
    (52,19,0.06,'2018-04-21 09:40:00'),
    (53,4,0.15,'2018-04-21 09:50:00'),
    (54,17,0.02,'2018-04-21 10:00:00'),
    (55,19,0.12,'2018-04-21 10:10:00'),
    (56,13,0.15,'2018-04-21 10:20:00'),
    (57,19,0.06,'2018-04-21 10:30:00'),
    (58,2,0.09,'2018-04-21 10:40:00'),
    (59,3,0.11,'2018-04-21 10:50:00'),
    (60,8,0.16,'2018-04-21 11:00:00'),
    (61,9,0.07,'2018-04-21 11:10:00'),
    (62,16,0.14,'2018-04-21 11:20:00'),
    (63,18,0.08,'2018-04-21 11:30:00'),
    (64,9,0.01,'2018-04-21 11:40:00'),
    (65,8,0.16,'2018-04-21 11:50:00'),
    (66,20,0.12,'2018-04-21 12:00:00'),
    (67,7,0.18,'2018-04-21 12:10:00'),
    (68,2,0.09,'2018-04-21 12:20:00'),
    (69,3,0.11,'2018-04-21 12:30:00'),
    (70,4,0.2,'2018-04-21 12:40:00'),
    (71,17,0.16,'2018-04-21 12:50:00'),
    (72,18,0.01,'2018-04-21 13:00:00'),
    (73,6,0.1,'2018-04-21 13:10:00'),
    (74,5,0.12,'2018-04-21 13:20:00'),
    (75,9,0.02,'2018-04-21 13:30:00'),
    (76,16,0.01,'2018-04-21 13:40:00'),
    (77,13,0.16,'2018-04-21 13:50:00'),
    (78,11,0.08,'2018-04-21 14:00:00'),
    (79,20,0.02,'2018-04-21 14:10:00'),
    (80,20,0.13,'2018-04-21 14:20:00'),
    (81,20,0.19,'2018-04-21 14:30:00'),
    (82,2,0.14,'2018-04-21 14:40:00'),
    (83,11,0.04,'2018-04-21 14:50:00'),
    (84,7,0.04,'2018-04-21 15:00:00'),
    (85,9,0.19,'2018-04-21 15:10:00'),
    (86,4,0.15,'2018-04-21 15:20:00'),
    (87,9,0.06,'2018-04-21 15:30:00'),
    (88,1,0.16,'2018-04-21 15:40:00'),
    (89,17,0.05,'2018-04-21 15:50:00'),
    (90,15,0.19,'2018-04-21 16:00:00'),
    (91,18,0.04,'2018-04-21 16:10:00'),
    (92,4,0.18,'2018-04-21 16:20:00'),
    (93,11,0.15,'2018-04-21 16:30:00'),
    (94,13,0.06,'2018-04-21 16:40:00'),
    (95,4,0.08,'2018-04-21 16:50:00'),
    (96,10,0.17,'2018-04-21 17:00:00'),
    (97,3,0.05,'2018-04-21 17:10:00'),
    (98,19,0.17,'2018-04-21 17:20:00'),
    (99,17,0.07,'2018-04-21 17:30:00'),
    (100,12,0.15,'2018-04-21 17:40:00'),
    (101,3,0.09,'2018-04-21 17:50:00'),
    (102,4,0.17,'2018-04-21 18:00:00'),
    (103,15,0.17,'2018-04-21 18:10:00'),
    (104,9,0.1,'2018-04-21 18:20:00'),
    (105,14,0.09,'2018-04-21 18:30:00'),
    (106,10,0.08,'2018-04-21 18:40:00'),
    (107,10,0.01,'2018-04-21 18:50:00'),
    (108,9,0.16,'2018-04-21 19:00:00'),
    (109,11,0.2,'2018-04-21 19:10:00'),
    (110,7,0.09,'2018-04-21 19:20:00'),
    (111,15,0.02,'2018-04-21 19:30:00'),
    (112,4,0.04,'2018-04-21 19:40:00'),
    (113,1,0.15,'2018-04-21 19:50:00'),
    (114,17,0.19,'2018-04-21 20:00:00'),
    (115,12,0.05,'2018-04-21 20:10:00'),
    (116,5,0.14,'2018-04-21 20:20:00'),
    (117,8,0.11,'2018-04-21 20:30:00'),
    (118,5,0.04,'2018-04-21 20:40:00'),
    (119,15,0.03,'2018-04-21 20:50:00'),
    (120,1,0.11,'2018-04-21 21:00:00'),
    (121,1,0.08,'2018-04-21 21:10:00'),
    (122,19,0.16,'2018-04-21 21:20:00'),
    (123,16,0.05,'2018-04-21 21:30:00'),
    (124,3,0.15,'2018-04-21 21:40:00'),
    (125,9,0.02,'2018-04-21 21:50:00'),
    (126,10,0.08,'2018-04-21 22:00:00'),
    (127,12,0.11,'2018-04-21 22:10:00'),
    (128,20,0.18,'2018-04-21 22:20:00'),
    (129,11,0.04,'2018-04-21 22:30:00'),
    (130,1,0.08,'2018-04-21 22:40:00'),
    (131,19,0.15,'2018-04-21 22:50:00'),
    (132,12,0.16,'2018-04-21 23:00:00'),
    (133,2,0.05,'2018-04-21 23:10:00'),
    (134,11,0.18,'2018-04-21 23:20:00'),
    (135,20,0.2,'2018-04-21 23:30:00'),
    (136,20,0.17,'2018-04-21 23:40:00'),
    (137,17,0.15,'2018-04-21 23:50:00'),
    (138,18,0.16,'2018-04-22 00:00:00'),
    (139,12,0.18,'2018-04-22 00:10:00'),
    (140,20,0.06,'2018-04-22 00:20:00'),
    (141,3,0.18,'2018-04-22 00:30:00'),
    (142,6,0.07,'2018-04-22 00:40:00'),
    (143,3,0.14,'2018-04-22 00:50:00'),
    (144,5,0.07,'2018-04-22 01:00:00'),
    (145,8,0.13,'2018-04-22 01:10:00'),
    (146,16,0.17,'2018-04-22 01:20:00'),
    (147,16,0.04,'2018-04-22 01:30:00'),
    (148,13,0.12,'2018-04-22 01:40:00'),
    (149,14,0.06,'2018-04-22 01:50:00'),
    (150,6,0.03,'2018-04-22 02:00:00'),
    (151,15,0.09,'2018-04-22 02:10:00'),
    (152,4,0.08,'2018-04-22 02:20:00'),
    (153,15,0.05,'2018-04-22 02:30:00'),
    (154,20,0.01,'2018-04-22 02:40:00'),
    (155,17,0.02,'2018-04-22 02:50:00'),
    (156,19,0.07,'2018-04-22 03:00:00'),
    (157,13,0.11,'2018-04-22 03:10:00'),
    (158,19,0.05,'2018-04-22 03:20:00'),
    (159,12,0.01,'2018-04-22 03:30:00'),
    (160,15,0.16,'2018-04-22 03:40:00'),
    (161,20,0.15,'2018-04-22 03:50:00'),
    (162,1,0.06,'2018-04-22 04:00:00'),
    (163,14,0.19,'2018-04-22 04:10:00'),
    (164,19,0.14,'2018-04-22 04:20:00'),
    (165,6,0.04,'2018-04-22 04:30:00'),
    (166,10,0.03,'2018-04-22 04:40:00'),
    (167,15,0.12,'2018-04-22 04:50:00'),
    (168,9,0.04,'2018-04-22 05:00:00'),
    (169,4,0.1,'2018-04-22 05:10:00'),
    (170,6,0.12,'2018-04-22 05:20:00'),
    (171,18,0.17,'2018-04-22 05:30:00'),
    (172,1,0.08,'2018-04-22 05:40:00'),
    (173,6,0.06,'2018-04-22 05:50:00'),
    (174,2,0.03,'2018-04-22 06:00:00'),
    (175,16,0.15,'2018-04-22 06:10:00'),
    (176,13,0.03,'2018-04-22 06:20:00'),
    (177,16,0.06,'2018-04-22 06:30:00'),
    (178,17,0.16,'2018-04-22 06:40:00'),
    (179,7,0.12,'2018-04-22 06:50:00'),
    (180,18,0.15,'2018-04-22 07:00:00'),
    (181,1,0.18,'2018-04-22 07:10:00'),
    (182,11,0.13,'2018-04-22 07:20:00'),
    (183,18,0.15,'2018-04-22 07:30:00'),
    (184,15,0.02,'2018-04-22 07:40:00'),
    (185,1,0.01,'2018-04-22 07:50:00'),
    (186,19,0.18,'2018-04-22 08:00:00'),
    (187,17,0.12,'2018-04-22 08:10:00'),
    (188,17,0.19,'2018-04-22 08:20:00'),
    (189,3,0.02,'2018-04-22 08:30:00'),
    (190,19,0.13,'2018-04-22 08:40:00'),
    (191,20,0.16,'2018-04-22 08:50:00'),
    (192,2,0.08,'2018-04-22 09:00:00'),
    (193,16,0.15,'2018-04-22 09:10:00'),
    (194,9,0.07,'2018-04-22 09:20:00'),
    (195,1,0.05,'2018-04-22 09:30:00'),
    (196,4,0.04,'2018-04-22 09:40:00'),
    (197,12,0.1,'2018-04-22 09:50:00'),
    (198,6,0.11,'2018-04-22 10:00:00'),
    (199,15,0.18,'2018-04-22 10:10:00'),
    (200,14,0.04,'2018-04-22 10:20:00'),
    (201,20,0.02,'2018-04-22 10:30:00'),
    (202,6,0.06,'2018-04-22 10:40:00'),
    (203,7,0.2,'2018-04-22 10:50:00'),
    (204,2,0.06,'2018-04-22 11:00:00'),
    (205,17,0.16,'2018-04-22 11:10:00'),
    (206,20,0.06,'2018-04-22 11:20:00'),
    (207,11,0.11,'2018-04-22 11:30:00'),
    (208,15,0.16,'2018-04-22 11:40:00'),
    (209,9,0.08,'2018-04-22 11:50:00'),
    (210,7,0.11,'2018-04-22 12:00:00'),
    (211,9,0.08,'2018-04-22 12:10:00'),
    (212,10,0.03,'2018-04-22 12:20:00'),
    (213,6,0.15,'2018-04-22 12:30:00'),
    (214,3,0.03,'2018-04-22 12:40:00'),
    (215,9,0.13,'2018-04-22 12:50:00'),
    (216,9,0.04,'2018-04-22 13:00:00'),
    (217,12,0.08,'2018-04-22 13:10:00'),
    (218,4,0.18,'2018-04-22 13:20:00'),
    (219,10,0.13,'2018-04-22 13:30:00'),
    (220,9,0.18,'2018-04-22 13:40:00'),
    (221,9,0.2,'2018-04-22 13:50:00'),
    (222,16,0.15,'2018-04-22 14:00:00'),
    (223,18,0.08,'2018-04-22 14:10:00'),
    (224,14,0.14,'2018-04-22 14:20:00'),
    (225,9,0.14,'2018-04-22 14:30:00'),
    (226,18,0.1,'2018-04-22 14:40:00'),
    (227,17,0.16,'2018-04-22 14:50:00'),
    (228,9,0.03,'2018-04-22 15:00:00'),
    (229,18,0.05,'2018-04-22 15:10:00'),
    (230,17,0.14,'2018-04-22 15:20:00'),
    (231,15,0.16,'2018-04-22 15:30:00'),
    (232,13,0.17,'2018-04-22 15:40:00'),
    (233,9,0.03,'2018-04-22 15:50:00'),
    (234,11,0.03,'2018-04-22 16:00:00'),
    (235,20,0.05,'2018-04-22 16:10:00'),
    (236,9,0.03,'2018-04-22 16:20:00'),
    (237,17,0.02,'2018-04-22 16:30:00'),
    (238,5,0.12,'2018-04-22 16:40:00'),
    (239,17,0.2,'2018-04-22 16:50:00'),
    (240,12,0.17,'2018-04-22 17:00:00'),
    (241,7,0.02,'2018-04-22 17:10:00'),
    (242,18,0.12,'2018-04-22 17:20:00'),
    (243,7,0.13,'2018-04-22 17:30:00'),
    (244,16,0.09,'2018-04-22 17:40:00'),
    (245,2,0.08,'2018-04-22 17:50:00'),
    (246,16,0.2,'2018-04-22 18:00:00'),
    (247,13,0.12,'2018-04-22 18:10:00'),
    (248,12,0.13,'2018-04-22 18:20:00'),
    (249,10,0.06,'2018-04-22 18:30:00'),
    (250,4,0.17,'2018-04-22 18:40:00');
INSERT INTO Socket_Readings VALUES
    (251,14,0.1,'2018-04-22 18:50:00'),
    (252,5,0.18,'2018-04-22 19:00:00'),
    (253,20,0.17,'2018-04-22 19:10:00'),
    (254,15,0.15,'2018-04-22 19:20:00'),
    (255,1,0.12,'2018-04-22 19:30:00'),
    (256,3,0.04,'2018-04-22 19:40:00'),
    (257,17,0.09,'2018-04-22 19:50:00'),
    (258,8,0.07,'2018-04-22 20:00:00'),
    (259,9,0.03,'2018-04-22 20:10:00'),
    (260,19,0.02,'2018-04-22 20:20:00'),
    (261,3,0.13,'2018-04-22 20:30:00'),
    (262,10,0.02,'2018-04-22 20:40:00'),
    (263,14,0.05,'2018-04-22 20:50:00'),
    (264,19,0.16,'2018-04-22 21:00:00'),
    (265,20,0.2,'2018-04-22 21:10:00'),
    (266,18,0.15,'2018-04-22 21:20:00'),
    (267,5,0.09,'2018-04-22 21:30:00'),
    (268,16,0.2,'2018-04-22 21:40:00'),
    (269,19,0.16,'2018-04-22 21:50:00'),
    (270,2,0.05,'2018-04-22 22:00:00'),
    (271,16,0.05,'2018-04-22 22:10:00'),
    (272,12,0.07,'2018-04-22 22:20:00'),
    (273,14,0.15,'2018-04-22 22:30:00'),
    (274,1,0.18,'2018-04-22 22:40:00'),
    (275,17,0.02,'2018-04-22 22:50:00'),
    (276,14,0.11,'2018-04-22 23:00:00'),
    (277,16,0.17,'2018-04-22 23:10:00'),
    (278,9,0.15,'2018-04-22 23:20:00'),
    (279,4,0.16,'2018-04-22 23:30:00'),
    (280,8,0.13,'2018-04-22 23:40:00'),
    (281,19,0.04,'2018-04-22 23:50:00'),
    (282,11,0.1,'2018-04-23 00:00:00'),
    (283,19,0.04,'2018-04-23 00:10:00'),
    (284,16,0.11,'2018-04-23 00:20:00'),
    (285,10,0.04,'2018-04-23 00:30:00'),
    (286,18,0.05,'2018-04-23 00:40:00'),
    (287,1,0.03,'2018-04-23 00:50:00'),
    (288,17,0.07,'2018-04-23 01:00:00'),
    (289,13,0.03,'2018-04-23 01:10:00'),
    (290,12,0.06,'2018-04-23 01:20:00'),
    (291,12,0.04,'2018-04-23 01:30:00'),
    (292,1,0.02,'2018-04-23 01:40:00'),
    (293,2,0.06,'2018-04-23 01:50:00'),
    (294,18,0.1,'2018-04-23 02:00:00'),
    (295,1,0.18,'2018-04-23 02:10:00'),
    (296,15,0.04,'2018-04-23 02:20:00'),
    (297,14,0.14,'2018-04-23 02:30:00'),
    (298,19,0.05,'2018-04-23 02:40:00'),
    (299,3,0.09,'2018-04-23 02:50:00'),
    (300,19,0.14,'2018-04-23 03:00:00'),
    (301,13,0.19,'2018-04-23 03:10:00'),
    (302,7,0.14,'2018-04-23 03:20:00'),
    (303,13,0.2,'2018-04-23 03:30:00'),
    (304,9,0.14,'2018-04-23 03:40:00'),
    (305,18,0.04,'2018-04-23 03:50:00'),
    (306,6,0.02,'2018-04-23 04:00:00'),
    (307,7,0.13,'2018-04-23 04:10:00'),
    (308,13,0.07,'2018-04-23 04:20:00'),
    (309,20,0.04,'2018-04-23 04:30:00'),
    (310,7,0.14,'2018-04-23 04:40:00'),
    (311,8,0.18,'2018-04-23 04:50:00'),
    (312,2,0.19,'2018-04-23 05:00:00'),
    (313,3,0.04,'2018-04-23 05:10:00'),
    (314,9,0.01,'2018-04-23 05:20:00'),
    (315,11,0.18,'2018-04-23 05:30:00'),
    (316,2,0.19,'2018-04-23 05:40:00'),
    (317,1,0.08,'2018-04-23 05:50:00'),
    (318,18,0.14,'2018-04-23 06:00:00'),
    (319,17,0.14,'2018-04-23 06:10:00'),
    (320,20,0.02,'2018-04-23 06:20:00'),
    (321,10,0.17,'2018-04-23 06:30:00'),
    (322,1,0.17,'2018-04-23 06:40:00'),
    (323,20,0.16,'2018-04-23 06:50:00'),
    (324,19,0.06,'2018-04-23 07:00:00'),
    (325,20,0.09,'2018-04-23 07:10:00'),
    (326,14,0.09,'2018-04-23 07:20:00'),
    (327,20,0.13,'2018-04-23 07:30:00'),
    (328,10,0.16,'2018-04-23 07:40:00'),
    (329,9,0.08,'2018-04-23 07:50:00'),
    (330,20,0.15,'2018-04-23 08:00:00'),
    (331,16,0.1,'2018-04-23 08:10:00'),
    (332,19,0.1,'2018-04-23 08:20:00'),
    (333,12,0.03,'2018-04-23 08:30:00'),
    (334,10,0.12,'2018-04-23 08:40:00'),
    (335,1,0.07,'2018-04-23 08:50:00'),
    (336,16,0.08,'2018-04-23 09:00:00'),
    (337,3,0.12,'2018-04-23 09:10:00'),
    (338,11,0.04,'2018-04-23 09:20:00'),
    (339,8,0.18,'2018-04-23 09:30:00'),
    (340,6,0.05,'2018-04-23 09:40:00'),
    (341,15,0.09,'2018-04-23 09:50:00'),
    (342,10,0.04,'2018-04-23 10:00:00'),
    (343,9,0.13,'2018-04-23 10:10:00'),
    (344,12,0.01,'2018-04-23 10:20:00'),
    (345,18,0.11,'2018-04-23 10:30:00'),
    (346,13,0.03,'2018-04-23 10:40:00'),
    (347,16,0.11,'2018-04-23 10:50:00'),
    (348,15,0.08,'2018-04-23 11:00:00'),
    (349,11,0.07,'2018-04-23 11:10:00'),
    (350,17,0.19,'2018-04-23 11:20:00'),
    (351,17,0.12,'2018-04-23 11:30:00'),
    (352,19,0.1,'2018-04-23 11:40:00'),
    (353,7,0.16,'2018-04-23 11:50:00'),
    (354,13,0.09,'2018-04-23 12:00:00'),
    (355,11,0.11,'2018-04-23 12:10:00'),
    (356,9,0.03,'2018-04-23 12:20:00'),
    (357,8,0.05,'2018-04-23 12:30:00'),
    (358,8,0.15,'2018-04-23 12:40:00'),
    (359,19,0.15,'2018-04-23 12:50:00'),
    (360,16,0.19,'2018-04-23 13:00:00'),
    (361,4,0.11,'2018-04-23 13:10:00'),
    (362,17,0.12,'2018-04-23 13:20:00'),
    (363,9,0.13,'2018-04-23 13:30:00'),
    (364,10,0.08,'2018-04-23 13:40:00'),
    (365,15,0.12,'2018-04-23 13:50:00'),
    (366,2,0.11,'2018-04-23 14:00:00'),
    (367,5,0.1,'2018-04-23 14:10:00'),
    (368,2,0.1,'2018-04-23 14:20:00'),
    (369,10,0.1,'2018-04-23 14:30:00'),
    (370,3,0.07,'2018-04-23 14:40:00'),
    (371,15,0.18,'2018-04-23 14:50:00'),
    (372,5,0.11,'2018-04-23 15:00:00'),
    (373,16,0.14,'2018-04-23 15:10:00'),
    (374,15,0.03,'2018-04-23 15:20:00'),
    (375,17,0.14,'2018-04-23 15:30:00'),
    (376,7,0.03,'2018-04-23 15:40:00'),
    (377,14,0.13,'2018-04-23 15:50:00'),
    (378,6,0.02,'2018-04-23 16:00:00'),
    (379,8,0.18,'2018-04-23 16:10:00'),
    (380,7,0.02,'2018-04-23 16:20:00'),
    (381,19,0.19,'2018-04-23 16:30:00'),
    (382,17,0.05,'2018-04-23 16:40:00'),
    (383,3,0.17,'2018-04-23 16:50:00'),
    (384,6,0.05,'2018-04-23 17:00:00'),
    (385,15,0.08,'2018-04-23 17:10:00'),
    (386,12,0.16,'2018-04-23 17:20:00'),
    (387,10,0.16,'2018-04-23 17:30:00'),
    (388,14,0.13,'2018-04-23 17:40:00'),
    (389,3,0.02,'2018-04-23 17:50:00'),
    (390,20,0.14,'2018-04-23 18:00:00'),
    (391,8,0.13,'2018-04-23 18:10:00'),
    (392,20,0.03,'2018-04-23 18:20:00'),
    (393,6,0.09,'2018-04-23 18:30:00'),
    (394,5,0.19,'2018-04-23 18:40:00'),
    (395,15,0.06,'2018-04-23 18:50:00'),
    (396,20,0.17,'2018-04-23 19:00:00'),
    (397,15,0.13,'2018-04-23 19:10:00'),
    (398,18,0.07,'2018-04-23 19:20:00'),
    (399,6,0.09,'2018-04-23 19:30:00'),
    (400,7,0.02,'2018-04-23 19:40:00'),
    (401,6,0.19,'2018-04-23 19:50:00'),
    (402,12,0.03,'2018-04-23 20:00:00'),
    (403,17,0.13,'2018-04-23 20:10:00'),
    (404,19,0.18,'2018-04-23 20:20:00'),
    (405,17,0.11,'2018-04-23 20:30:00'),
    (406,8,0.18,'2018-04-23 20:40:00'),
    (407,10,0.18,'2018-04-23 20:50:00'),
    (408,17,0.02,'2018-04-23 21:00:00'),
    (409,2,0.17,'2018-04-23 21:10:00'),
    (410,10,0.08,'2018-04-23 21:20:00'),
    (411,16,0.07,'2018-04-23 21:30:00'),
    (412,13,0.14,'2018-04-23 21:40:00'),
    (413,10,0.06,'2018-04-23 21:50:00'),
    (414,1,0.14,'2018-04-23 22:00:00'),
    (415,1,0.19,'2018-04-23 22:10:00'),
    (416,14,0.06,'2018-04-23 22:20:00'),
    (417,1,0.13,'2018-04-23 22:30:00'),
    (418,1,0.09,'2018-04-23 22:40:00'),
    (419,17,0.14,'2018-04-23 22:50:00'),
    (420,1,0.04,'2018-04-23 23:00:00'),
    (421,13,0.12,'2018-04-23 23:10:00'),
    (422,20,0.11,'2018-04-23 23:20:00'),
    (423,15,0.12,'2018-04-23 23:30:00'),
    (424,4,0.05,'2018-04-23 23:40:00'),
    (425,16,0.11,'2018-04-23 23:50:00'),
    (426,3,0.18,'2018-04-24 00:00:00'),
    (427,8,0.18,'2018-04-24 00:10:00'),
    (428,1,0.17,'2018-04-24 00:20:00'),
    (429,7,0.15,'2018-04-24 00:30:00'),
    (430,7,0.19,'2018-04-24 00:40:00'),
    (431,13,0.15,'2018-04-24 00:50:00'),
    (432,16,0.14,'2018-04-24 01:00:00'),
    (433,6,0.12,'2018-04-24 01:10:00'),
    (434,4,0.07,'2018-04-24 01:20:00'),
    (435,16,0.05,'2018-04-24 01:30:00'),
    (436,8,0.13,'2018-04-24 01:40:00'),
    (437,19,0.09,'2018-04-24 01:50:00'),
    (438,19,0.08,'2018-04-24 02:00:00'),
    (439,2,0.1,'2018-04-24 02:10:00'),
    (440,17,0.04,'2018-04-24 02:20:00'),
    (441,20,0.2,'2018-04-24 02:30:00'),
    (442,5,0.11,'2018-04-24 02:40:00'),
    (443,5,0.07,'2018-04-24 02:50:00'),
    (444,20,0.03,'2018-04-24 03:00:00'),
    (445,20,0.06,'2018-04-24 03:10:00'),
    (446,5,0.06,'2018-04-24 03:20:00'),
    (447,20,0.19,'2018-04-24 03:30:00'),
    (448,8,0.17,'2018-04-24 03:40:00'),
    (449,16,0.06,'2018-04-24 03:50:00'),
    (450,2,0.19,'2018-04-24 04:00:00'),
    (451,13,0.1,'2018-04-24 04:10:00'),
    (452,17,0.07,'2018-04-24 04:20:00'),
    (453,7,0.09,'2018-04-24 04:30:00'),
    (454,19,0.06,'2018-04-24 04:40:00'),
    (455,3,0.1,'2018-04-24 04:50:00'),
    (456,16,0.14,'2018-04-24 05:00:00'),
    (457,15,0.04,'2018-04-24 05:10:00'),
    (458,2,0.16,'2018-04-24 05:20:00'),
    (459,17,0.12,'2018-04-24 05:30:00'),
    (460,12,0.15,'2018-04-24 05:40:00'),
    (461,7,0.07,'2018-04-24 05:50:00'),
    (462,12,0.13,'2018-04-24 06:00:00'),
    (463,2,0.03,'2018-04-24 06:10:00'),
    (464,20,0.02,'2018-04-24 06:20:00'),
    (465,2,0.15,'2018-04-24 06:30:00'),
    (466,2,0.06,'2018-04-24 06:40:00'),
    (467,1,0.11,'2018-04-24 06:50:00'),
    (468,17,0.03,'2018-04-24 07:00:00'),
    (469,13,0.06,'2018-04-24 07:10:00'),
    (470,1,0.05,'2018-04-24 07:20:00'),
    (471,7,0.05,'2018-04-24 07:30:00'),
    (472,17,0.14,'2018-04-24 07:40:00'),
    (473,16,0.13,'2018-04-24 07:50:00'),
    (474,6,0.1,'2018-04-24 08:00:00'),
    (475,5,0.11,'2018-04-24 08:10:00'),
    (476,8,0.16,'2018-04-24 08:20:00'),
    (477,6,0.15,'2018-04-24 08:30:00'),
    (478,17,0.11,'2018-04-24 08:40:00'),
    (479,5,0.16,'2018-04-24 08:50:00'),
    (480,3,0.05,'2018-04-24 09:00:00'),
    (481,18,0.03,'2018-04-24 09:10:00'),
    (482,5,0.17,'2018-04-24 09:20:00'),
    (483,4,0.07,'2018-04-24 09:30:00'),
    (484,1,0.19,'2018-04-24 09:40:00'),
    (485,17,0.1,'2018-04-24 09:50:00'),
    (486,9,0.14,'2018-04-24 10:00:00'),
    (487,19,0.18,'2018-04-24 10:10:00'),
    (488,12,0.1,'2018-04-24 10:20:00'),
    (489,7,0.12,'2018-04-24 10:30:00'),
    (490,7,0.08,'2018-04-24 10:40:00'),
    (491,4,0.07,'2018-04-24 10:50:00'),
    (492,7,0.03,'2018-04-24 11:00:00'),
    (493,4,0.08,'2018-04-24 11:10:00'),
    (494,2,0.2,'2018-04-24 11:20:00'),
    (495,5,0.18,'2018-04-24 11:30:00'),
    (496,6,0.04,'2018-04-24 11:40:00'),
    (497,5,0.09,'2018-04-24 11:50:00'),
    (498,17,0.2,'2018-04-24 12:00:00'),
    (499,6,0.14,'2018-04-24 12:10:00'),
    (500,15,0.11,'2018-04-24 12:20:00');
INSERT INTO Socket_Readings VALUES
    (501,9,0.16,'2018-04-24 12:30:00'),
    (502,1,0.16,'2018-04-24 12:40:00'),
    (503,8,0.05,'2018-04-24 12:50:00'),
    (504,17,0.07,'2018-04-24 13:00:00'),
    (505,17,0.03,'2018-04-24 13:10:00'),
    (506,12,0.07,'2018-04-24 13:20:00'),
    (507,15,0.04,'2018-04-24 13:30:00'),
    (508,3,0.09,'2018-04-24 13:40:00'),
    (509,4,0.02,'2018-04-24 13:50:00'),
    (510,8,0.17,'2018-04-24 14:00:00'),
    (511,17,0.1,'2018-04-24 14:10:00'),
    (512,3,0.02,'2018-04-24 14:20:00'),
    (513,1,0.01,'2018-04-24 14:30:00'),
    (514,10,0.08,'2018-04-24 14:40:00'),
    (515,5,0.19,'2018-04-24 14:50:00'),
    (516,5,0.13,'2018-04-24 15:00:00'),
    (517,3,0.03,'2018-04-24 15:10:00'),
    (518,14,0.19,'2018-04-24 15:20:00'),
    (519,20,0.1,'2018-04-24 15:30:00'),
    (520,3,0.15,'2018-04-24 15:40:00'),
    (521,8,0.19,'2018-04-24 15:50:00'),
    (522,6,0.19,'2018-04-24 16:00:00'),
    (523,19,0.12,'2018-04-24 16:10:00'),
    (524,16,0.19,'2018-04-24 16:20:00'),
    (525,1,0.19,'2018-04-24 16:30:00'),
    (526,10,0.14,'2018-04-24 16:40:00'),
    (527,13,0.17,'2018-04-24 16:50:00'),
    (528,13,0.08,'2018-04-24 17:00:00'),
    (529,16,0.13,'2018-04-24 17:10:00'),
    (530,5,0.15,'2018-04-24 17:20:00'),
    (531,3,0.06,'2018-04-24 17:30:00'),
    (532,11,0.07,'2018-04-24 17:40:00'),
    (533,16,0.09,'2018-04-24 17:50:00'),
    (534,1,0.07,'2018-04-24 18:00:00'),
    (535,17,0.17,'2018-04-24 18:10:00'),
    (536,7,0.07,'2018-04-24 18:20:00'),
    (537,14,0.19,'2018-04-24 18:30:00'),
    (538,12,0.09,'2018-04-24 18:40:00'),
    (539,11,0.12,'2018-04-24 18:50:00'),
    (540,12,0.16,'2018-04-24 19:00:00'),
    (541,1,0.16,'2018-04-24 19:10:00'),
    (542,12,0.04,'2018-04-24 19:20:00'),
    (543,1,0.15,'2018-04-24 19:30:00'),
    (544,11,0.14,'2018-04-24 19:40:00'),
    (545,16,0.1,'2018-04-24 19:50:00'),
    (546,1,0.06,'2018-04-24 20:00:00'),
    (547,12,0.04,'2018-04-24 20:10:00'),
    (548,6,0.13,'2018-04-24 20:20:00'),
    (549,4,0.1,'2018-04-24 20:30:00'),
    (550,9,0.05,'2018-04-24 20:40:00'),
    (551,18,0.04,'2018-04-24 20:50:00'),
    (552,18,0.05,'2018-04-24 21:00:00'),
    (553,8,0.2,'2018-04-24 21:10:00'),
    (554,10,0.07,'2018-04-24 21:20:00'),
    (555,12,0.08,'2018-04-24 21:30:00'),
    (556,19,0.08,'2018-04-24 21:40:00'),
    (557,6,0.11,'2018-04-24 21:50:00'),
    (558,8,0.15,'2018-04-24 22:00:00'),
    (559,7,0.17,'2018-04-24 22:10:00'),
    (560,13,0.18,'2018-04-24 22:20:00'),
    (561,6,0.13,'2018-04-24 22:30:00'),
    (562,5,0.16,'2018-04-24 22:40:00'),
    (563,19,0.14,'2018-04-24 22:50:00'),
    (564,3,0.12,'2018-04-24 23:00:00'),
    (565,15,0.05,'2018-04-24 23:10:00'),
    (566,9,0.15,'2018-04-24 23:20:00'),
    (567,6,0.18,'2018-04-24 23:30:00'),
    (568,19,0.18,'2018-04-24 23:40:00'),
    (569,5,0.2,'2018-04-24 23:50:00'),
    (570,10,0.1,'2018-04-25 00:00:00'),
    (571,10,0.13,'2018-04-25 00:10:00'),
    (572,1,0.05,'2018-04-25 00:20:00'),
    (573,20,0.16,'2018-04-25 00:30:00'),
    (574,17,0.09,'2018-04-25 00:40:00'),
    (575,11,0.12,'2018-04-25 00:50:00'),
    (576,6,0.18,'2018-04-25 01:00:00'),
    (577,1,0.18,'2018-04-25 01:10:00'),
    (578,17,0.18,'2018-04-25 01:20:00'),
    (579,20,0.09,'2018-04-25 01:30:00'),
    (580,2,0.06,'2018-04-25 01:40:00'),
    (581,16,0.08,'2018-04-25 01:50:00'),
    (582,16,0.11,'2018-04-25 02:00:00'),
    (583,5,0.03,'2018-04-25 02:10:00'),
    (584,18,0.05,'2018-04-25 02:20:00'),
    (585,1,0.12,'2018-04-25 02:30:00'),
    (586,10,0.03,'2018-04-25 02:40:00'),
    (587,19,0.19,'2018-04-25 02:50:00'),
    (588,1,0.04,'2018-04-25 03:00:00'),
    (589,10,0.19,'2018-04-25 03:10:00'),
    (590,3,0.14,'2018-04-25 03:20:00'),
    (591,18,0.07,'2018-04-25 03:30:00'),
    (592,19,0.12,'2018-04-25 03:40:00'),
    (593,5,0.06,'2018-04-25 03:50:00'),
    (594,10,0.15,'2018-04-25 04:00:00'),
    (595,10,0.15,'2018-04-25 04:10:00'),
    (596,3,0.19,'2018-04-25 04:20:00'),
    (597,17,0.18,'2018-04-25 04:30:00'),
    (598,17,0.06,'2018-04-25 04:40:00'),
    (599,11,0.18,'2018-04-25 04:50:00'),
    (600,5,0.06,'2018-04-25 05:00:00'),
    (601,4,0.05,'2018-04-25 05:10:00'),
    (602,7,0.01,'2018-04-25 05:20:00'),
    (603,15,0.14,'2018-04-25 05:30:00'),
    (604,8,0.15,'2018-04-25 05:40:00'),
    (605,1,0.14,'2018-04-25 05:50:00'),
    (606,6,0.2,'2018-04-25 06:00:00'),
    (607,17,0.18,'2018-04-25 06:10:00'),
    (608,3,0.1,'2018-04-25 06:20:00'),
    (609,5,0.15,'2018-04-25 06:30:00'),
    (610,16,0.06,'2018-04-25 06:40:00'),
    (611,13,0.03,'2018-04-25 06:50:00'),
    (612,9,0.05,'2018-04-25 07:00:00'),
    (613,5,0.2,'2018-04-25 07:10:00'),
    (614,17,0.03,'2018-04-25 07:20:00'),
    (615,20,0.11,'2018-04-25 07:30:00'),
    (616,9,0.18,'2018-04-25 07:40:00'),
    (617,6,0.17,'2018-04-25 07:50:00'),
    (618,6,0.13,'2018-04-25 08:00:00'),
    (619,2,0.06,'2018-04-25 08:10:00'),
    (620,8,0.15,'2018-04-25 08:20:00'),
    (621,2,0.05,'2018-04-25 08:30:00'),
    (622,12,0.14,'2018-04-25 08:40:00'),
    (623,13,0.18,'2018-04-25 08:50:00'),
    (624,9,0.05,'2018-04-25 09:00:00'),
    (625,6,0.05,'2018-04-25 09:10:00'),
    (626,6,0.03,'2018-04-25 09:20:00'),
    (627,1,0.06,'2018-04-25 09:30:00'),
    (628,5,0.05,'2018-04-25 09:40:00'),
    (629,16,0.18,'2018-04-25 09:50:00'),
    (630,16,0.19,'2018-04-25 10:00:00'),
    (631,15,0.07,'2018-04-25 10:10:00'),
    (632,9,0.01,'2018-04-25 10:20:00'),
    (633,5,0.11,'2018-04-25 10:30:00'),
    (634,16,0.02,'2018-04-25 10:40:00'),
    (635,20,0.06,'2018-04-25 10:50:00'),
    (636,1,0.18,'2018-04-25 11:00:00'),
    (637,13,0.08,'2018-04-25 11:10:00'),
    (638,10,0.05,'2018-04-25 11:20:00'),
    (639,9,0.17,'2018-04-25 11:30:00'),
    (640,2,0.02,'2018-04-25 11:40:00'),
    (641,13,0.15,'2018-04-25 11:50:00'),
    (642,2,0.1,'2018-04-25 12:00:00'),
    (643,10,0.18,'2018-04-25 12:10:00'),
    (644,15,0.17,'2018-04-25 12:20:00'),
    (645,7,0.19,'2018-04-25 12:30:00'),
    (646,9,0.09,'2018-04-25 12:40:00'),
    (647,15,0.12,'2018-04-25 12:50:00'),
    (648,19,0.02,'2018-04-25 13:00:00'),
    (649,18,0.19,'2018-04-25 13:10:00'),
    (650,11,0.03,'2018-04-25 13:20:00'),
    (651,19,0.2,'2018-04-25 13:30:00'),
    (652,3,0.16,'2018-04-25 13:40:00'),
    (653,4,0.17,'2018-04-25 13:50:00'),
    (654,17,0.18,'2018-04-25 14:00:00'),
    (655,6,0.03,'2018-04-25 14:10:00'),
    (656,12,0.09,'2018-04-25 14:20:00'),
    (657,13,0.12,'2018-04-25 14:30:00'),
    (658,7,0.09,'2018-04-25 14:40:00'),
    (659,14,0.16,'2018-04-25 14:50:00'),
    (660,6,0.17,'2018-04-25 15:00:00'),
    (661,9,0.02,'2018-04-25 15:10:00'),
    (662,12,0.19,'2018-04-25 15:20:00'),
    (663,17,0.09,'2018-04-25 15:30:00'),
    (664,8,0.02,'2018-04-25 15:40:00'),
    (665,5,0.12,'2018-04-25 15:50:00'),
    (666,16,0.1,'2018-04-25 16:00:00'),
    (667,19,0.16,'2018-04-25 16:10:00'),
    (668,11,0.12,'2018-04-25 16:20:00'),
    (669,13,0.18,'2018-04-25 16:30:00'),
    (670,2,0.17,'2018-04-25 16:40:00'),
    (671,2,0.15,'2018-04-25 16:50:00'),
    (672,10,0.15,'2018-04-25 17:00:00'),
    (673,11,0.17,'2018-04-25 17:10:00'),
    (674,7,0.06,'2018-04-25 17:20:00'),
    (675,7,0.15,'2018-04-25 17:30:00'),
    (676,16,0.06,'2018-04-25 17:40:00'),
    (677,16,0.16,'2018-04-25 17:50:00'),
    (678,6,0.12,'2018-04-25 18:00:00'),
    (679,17,0.19,'2018-04-25 18:10:00'),
    (680,15,0.03,'2018-04-25 18:20:00'),
    (681,7,0.09,'2018-04-25 18:30:00'),
    (682,20,0.16,'2018-04-25 18:40:00'),
    (683,10,0.04,'2018-04-25 18:50:00'),
    (684,1,0.17,'2018-04-25 19:00:00'),
    (685,8,0.08,'2018-04-25 19:10:00'),
    (686,1,0.08,'2018-04-25 19:20:00'),
    (687,17,0.09,'2018-04-25 19:30:00'),
    (688,13,0.04,'2018-04-25 19:40:00'),
    (689,2,0.03,'2018-04-25 19:50:00'),
    (690,10,0.06,'2018-04-25 20:00:00'),
    (691,12,0.05,'2018-04-25 20:10:00'),
    (692,16,0.06,'2018-04-25 20:20:00'),
    (693,4,0.07,'2018-04-25 20:30:00'),
    (694,1,0.08,'2018-04-25 20:40:00'),
    (695,16,0.04,'2018-04-25 20:50:00'),
    (696,2,0.1,'2018-04-25 21:00:00'),
    (697,16,0.11,'2018-04-25 21:10:00'),
    (698,8,0.07,'2018-04-25 21:20:00'),
    (699,8,0.04,'2018-04-25 21:30:00'),
    (700,12,0.16,'2018-04-25 21:40:00'),
    (701,18,0.15,'2018-04-25 21:50:00'),
    (702,15,0.1,'2018-04-25 22:00:00'),
    (703,3,0.13,'2018-04-25 22:10:00'),
    (704,11,0.11,'2018-04-25 22:20:00'),
    (705,15,0.04,'2018-04-25 22:30:00'),
    (706,2,0.07,'2018-04-25 22:40:00'),
    (707,8,0.08,'2018-04-25 22:50:00'),
    (708,15,0.04,'2018-04-25 23:00:00'),
    (709,10,0.1,'2018-04-25 23:10:00'),
    (710,7,0.18,'2018-04-25 23:20:00'),
    (711,17,0.15,'2018-04-25 23:30:00'),
    (712,17,0.13,'2018-04-25 23:40:00'),
    (713,9,0.13,'2018-04-25 23:50:00'),
    (714,7,0.03,'2018-04-26 00:00:00'),
    (715,2,0.05,'2018-04-26 00:10:00'),
    (716,4,0.14,'2018-04-26 00:20:00'),
    (717,11,0.16,'2018-04-26 00:30:00'),
    (718,7,0.13,'2018-04-26 00:40:00'),
    (719,1,0.17,'2018-04-26 00:50:00'),
    (720,2,0.12,'2018-04-26 01:00:00'),
    (721,13,0.06,'2018-04-26 01:10:00'),
    (722,12,0.19,'2018-04-26 01:20:00'),
    (723,9,0.11,'2018-04-26 01:30:00'),
    (724,20,0.19,'2018-04-26 01:40:00'),
    (725,4,0.15,'2018-04-26 01:50:00'),
    (726,5,0.15,'2018-04-26 02:00:00'),
    (727,18,0.18,'2018-04-26 02:10:00'),
    (728,14,0.05,'2018-04-26 02:20:00'),
    (729,5,0.02,'2018-04-26 02:30:00'),
    (730,10,0.14,'2018-04-26 02:40:00'),
    (731,15,0.17,'2018-04-26 02:50:00'),
    (732,11,0.03,'2018-04-26 03:00:00'),
    (733,6,0.11,'2018-04-26 03:10:00'),
    (734,17,0.08,'2018-04-26 03:20:00'),
    (735,19,0.15,'2018-04-26 03:30:00'),
    (736,6,0.08,'2018-04-26 03:40:00'),
    (737,12,0.03,'2018-04-26 03:50:00'),
    (738,18,0.14,'2018-04-26 04:00:00'),
    (739,5,0.04,'2018-04-26 04:10:00'),
    (740,11,0.16,'2018-04-26 04:20:00'),
    (741,16,0.14,'2018-04-26 04:30:00'),
    (742,14,0.01,'2018-04-26 04:40:00'),
    (743,17,0.09,'2018-04-26 04:50:00'),
    (744,13,0.1,'2018-04-26 05:00:00'),
    (745,9,0.03,'2018-04-26 05:10:00'),
    (746,6,0.05,'2018-04-26 05:20:00'),
    (747,10,0.12,'2018-04-26 05:30:00'),
    (748,20,0.05,'2018-04-26 05:40:00'),
    (749,7,0.15,'2018-04-26 05:50:00'),
    (750,7,0.17,'2018-04-26 06:00:00');
INSERT INTO Socket_Readings VALUES
    (751,16,0.04,'2018-04-26 06:10:00'),
    (752,13,0.06,'2018-04-26 06:20:00'),
    (753,9,0.17,'2018-04-26 06:30:00'),
    (754,4,0.04,'2018-04-26 06:40:00'),
    (755,9,0.14,'2018-04-26 06:50:00'),
    (756,9,0.09,'2018-04-26 07:00:00'),
    (757,17,0.15,'2018-04-26 07:10:00'),
    (758,7,0.19,'2018-04-26 07:20:00'),
    (759,20,0.08,'2018-04-26 07:30:00'),
    (760,4,0.06,'2018-04-26 07:40:00'),
    (761,2,0.15,'2018-04-26 07:50:00'),
    (762,16,0.12,'2018-04-26 08:00:00'),
    (763,19,0.19,'2018-04-26 08:10:00'),
    (764,6,0.06,'2018-04-26 08:20:00'),
    (765,5,0.19,'2018-04-26 08:30:00'),
    (766,6,0.14,'2018-04-26 08:40:00'),
    (767,16,0.14,'2018-04-26 08:50:00'),
    (768,6,0.19,'2018-04-26 09:00:00'),
    (769,9,0.05,'2018-04-26 09:10:00'),
    (770,15,0.1,'2018-04-26 09:20:00'),
    (771,8,0.16,'2018-04-26 09:30:00'),
    (772,20,0.12,'2018-04-26 09:40:00'),
    (773,16,0.13,'2018-04-26 09:50:00'),
    (774,11,0.15,'2018-04-26 10:00:00'),
    (775,11,0.08,'2018-04-26 10:10:00'),
    (776,18,0.2,'2018-04-26 10:20:00'),
    (777,9,0.14,'2018-04-26 10:30:00'),
    (778,18,0.03,'2018-04-26 10:40:00'),
    (779,12,0.12,'2018-04-26 10:50:00'),
    (780,15,0.19,'2018-04-26 11:00:00'),
    (781,14,0.03,'2018-04-26 11:10:00'),
    (782,4,0.14,'2018-04-26 11:20:00'),
    (783,2,0.06,'2018-04-26 11:30:00'),
    (784,18,0.12,'2018-04-26 11:40:00'),
    (785,7,0.09,'2018-04-26 11:50:00'),
    (786,6,0.17,'2018-04-26 12:00:00'),
    (787,17,0.2,'2018-04-26 12:10:00'),
    (788,17,0.05,'2018-04-26 12:20:00'),
    (789,15,0.16,'2018-04-26 12:30:00'),
    (790,10,0.14,'2018-04-26 12:40:00'),
    (791,14,0.08,'2018-04-26 12:50:00'),
    (792,3,0.07,'2018-04-26 13:00:00'),
    (793,5,0.08,'2018-04-26 13:10:00'),
    (794,8,0.12,'2018-04-26 13:20:00'),
    (795,1,0.04,'2018-04-26 13:30:00'),
    (796,5,0.19,'2018-04-26 13:40:00'),
    (797,14,0.05,'2018-04-26 13:50:00'),
    (798,7,0.17,'2018-04-26 14:00:00'),
    (799,13,0.08,'2018-04-26 14:10:00'),
    (800,9,0.05,'2018-04-26 14:20:00'),
    (801,19,0.17,'2018-04-26 14:30:00'),
    (802,3,0.01,'2018-04-26 14:40:00'),
    (803,6,0.07,'2018-04-26 14:50:00'),
    (804,10,0.1,'2018-04-26 15:00:00'),
    (805,11,0.1,'2018-04-26 15:10:00'),
    (806,16,0.12,'2018-04-26 15:20:00'),
    (807,13,0.16,'2018-04-26 15:30:00'),
    (808,6,0.12,'2018-04-26 15:40:00'),
    (809,11,0.09,'2018-04-26 15:50:00'),
    (810,13,0.12,'2018-04-26 16:00:00'),
    (811,4,0.09,'2018-04-26 16:10:00'),
    (812,8,0.1,'2018-04-26 16:20:00'),
    (813,12,0.06,'2018-04-26 16:30:00'),
    (814,4,0.15,'2018-04-26 16:40:00'),
    (815,12,0.19,'2018-04-26 16:50:00'),
    (816,5,0.06,'2018-04-26 17:00:00'),
    (817,20,0.19,'2018-04-26 17:10:00'),
    (818,5,0.12,'2018-04-26 17:20:00'),
    (819,1,0.05,'2018-04-26 17:30:00'),
    (820,17,0.03,'2018-04-26 17:40:00'),
    (821,5,0.14,'2018-04-26 17:50:00'),
    (822,5,0.03,'2018-04-26 18:00:00'),
    (823,18,0.17,'2018-04-26 18:10:00'),
    (824,13,0.03,'2018-04-26 18:20:00'),
    (825,6,0.19,'2018-04-26 18:30:00'),
    (826,11,0.13,'2018-04-26 18:40:00'),
    (827,10,0.1,'2018-04-26 18:50:00'),
    (828,16,0.15,'2018-04-26 19:00:00'),
    (829,14,0.13,'2018-04-26 19:10:00'),
    (830,6,0.03,'2018-04-26 19:20:00'),
    (831,18,0.11,'2018-04-26 19:30:00'),
    (832,14,0.15,'2018-04-26 19:40:00'),
    (833,4,0.16,'2018-04-26 19:50:00'),
    (834,16,0.02,'2018-04-26 20:00:00'),
    (835,19,0.09,'2018-04-26 20:10:00'),
    (836,12,0.03,'2018-04-26 20:20:00'),
    (837,10,0.06,'2018-04-26 20:30:00'),
    (838,17,0.14,'2018-04-26 20:40:00'),
    (839,3,0.06,'2018-04-26 20:50:00'),
    (840,7,0.12,'2018-04-26 21:00:00'),
    (841,2,0.13,'2018-04-26 21:10:00'),
    (842,4,0.02,'2018-04-26 21:20:00'),
    (843,16,0.05,'2018-04-26 21:30:00'),
    (844,12,0.16,'2018-04-26 21:40:00'),
    (845,17,0.19,'2018-04-26 21:50:00'),
    (846,11,0.16,'2018-04-26 22:00:00'),
    (847,17,0.12,'2018-04-26 22:10:00'),
    (848,10,0.15,'2018-04-26 22:20:00'),
    (849,6,0.15,'2018-04-26 22:30:00'),
    (850,11,0.08,'2018-04-26 22:40:00'),
    (851,2,0.18,'2018-04-26 22:50:00'),
    (852,17,0.03,'2018-04-26 23:00:00'),
    (853,12,0.02,'2018-04-26 23:10:00'),
    (854,16,0.09,'2018-04-26 23:20:00'),
    (855,18,0.04,'2018-04-26 23:30:00'),
    (856,17,0.04,'2018-04-26 23:40:00'),
    (857,17,0.03,'2018-04-26 23:50:00'),
    (858,13,0.11,'2018-04-27 00:00:00'),
    (859,4,0.1,'2018-04-27 00:10:00'),
    (860,7,0.1,'2018-04-27 00:20:00'),
    (861,10,0.18,'2018-04-27 00:30:00'),
    (862,7,0.2,'2018-04-27 00:40:00'),
    (863,5,0.11,'2018-04-27 00:50:00'),
    (864,18,0.01,'2018-04-27 01:00:00'),
    (865,20,0.13,'2018-04-27 01:10:00'),
    (866,6,0.09,'2018-04-27 01:20:00'),
    (867,18,0.05,'2018-04-27 01:30:00'),
    (868,3,0.06,'2018-04-27 01:40:00'),
    (869,11,0.04,'2018-04-27 01:50:00'),
    (870,8,0.07,'2018-04-27 02:00:00'),
    (871,15,0.18,'2018-04-27 02:10:00'),
    (872,2,0.06,'2018-04-27 02:20:00'),
    (873,4,0.15,'2018-04-27 02:30:00'),
    (874,1,0.16,'2018-04-27 02:40:00'),
    (875,8,0.13,'2018-04-27 02:50:00'),
    (876,3,0.02,'2018-04-27 03:00:00'),
    (877,20,0.13,'2018-04-27 03:10:00'),
    (878,7,0.06,'2018-04-27 03:20:00'),
    (879,10,0.11,'2018-04-27 03:30:00'),
    (880,15,0.08,'2018-04-27 03:40:00'),
    (881,9,0.08,'2018-04-27 03:50:00'),
    (882,9,0.16,'2018-04-27 04:00:00'),
    (883,13,0.04,'2018-04-27 04:10:00'),
    (884,14,0.07,'2018-04-27 04:20:00'),
    (885,7,0.06,'2018-04-27 04:30:00'),
    (886,9,0.11,'2018-04-27 04:40:00'),
    (887,13,0.1,'2018-04-27 04:50:00'),
    (888,18,0.08,'2018-04-27 05:00:00'),
    (889,14,0.09,'2018-04-27 05:10:00'),
    (890,16,0.2,'2018-04-27 05:20:00'),
    (891,19,0.08,'2018-04-27 05:30:00'),
    (892,19,0.1,'2018-04-27 05:40:00'),
    (893,19,0.09,'2018-04-27 05:50:00'),
    (894,6,0.1,'2018-04-27 06:00:00'),
    (895,7,0.15,'2018-04-27 06:10:00'),
    (896,14,0.15,'2018-04-27 06:20:00'),
    (897,8,0.01,'2018-04-27 06:30:00'),
    (898,20,0.14,'2018-04-27 06:40:00'),
    (899,14,0.15,'2018-04-27 06:50:00'),
    (900,16,0.2,'2018-04-27 07:00:00'),
    (901,13,0.03,'2018-04-27 07:10:00'),
    (902,8,0.11,'2018-04-27 07:20:00'),
    (903,15,0.19,'2018-04-27 07:30:00'),
    (904,2,0.02,'2018-04-27 07:40:00'),
    (905,15,0.06,'2018-04-27 07:50:00'),
    (906,8,0.04,'2018-04-27 08:00:00'),
    (907,2,0.18,'2018-04-27 08:10:00'),
    (908,20,0.04,'2018-04-27 08:20:00'),
    (909,19,0.05,'2018-04-27 08:30:00'),
    (910,3,0.16,'2018-04-27 08:40:00'),
    (911,11,0.02,'2018-04-27 08:50:00'),
    (912,3,0.05,'2018-04-27 09:00:00'),
    (913,9,0.07,'2018-04-27 09:10:00'),
    (914,16,0.07,'2018-04-27 09:20:00'),
    (915,12,0.05,'2018-04-27 09:30:00'),
    (916,11,0.01,'2018-04-27 09:40:00'),
    (917,10,0.15,'2018-04-27 09:50:00'),
    (918,10,0.1,'2018-04-27 10:00:00'),
    (919,1,0.04,'2018-04-27 10:10:00'),
    (920,15,0.08,'2018-04-27 10:20:00'),
    (921,5,0.08,'2018-04-27 10:30:00'),
    (922,16,0.05,'2018-04-27 10:40:00'),
    (923,14,0.16,'2018-04-27 10:50:00'),
    (924,1,0.09,'2018-04-27 11:00:00'),
    (925,13,0.04,'2018-04-27 11:10:00'),
    (926,8,0.09,'2018-04-27 11:20:00'),
    (927,15,0.08,'2018-04-27 11:30:00'),
    (928,20,0.19,'2018-04-27 11:40:00'),
    (929,14,0.06,'2018-04-27 11:50:00'),
    (930,17,0.04,'2018-04-27 12:00:00'),
    (931,20,0.15,'2018-04-27 12:10:00'),
    (932,17,0.19,'2018-04-27 12:20:00'),
    (933,13,0.06,'2018-04-27 12:30:00'),
    (934,8,0.04,'2018-04-27 12:40:00'),
    (935,15,0.13,'2018-04-27 12:50:00'),
    (936,18,0.12,'2018-04-27 13:00:00'),
    (937,18,0.15,'2018-04-27 13:10:00'),
    (938,20,0.02,'2018-04-27 13:20:00'),
    (939,7,0.05,'2018-04-27 13:30:00'),
    (940,20,0.04,'2018-04-27 13:40:00'),
    (941,18,0.05,'2018-04-27 13:50:00'),
    (942,17,0.16,'2018-04-27 14:00:00'),
    (943,16,0.14,'2018-04-27 14:10:00'),
    (944,15,0.09,'2018-04-27 14:20:00'),
    (945,6,0.12,'2018-04-27 14:30:00'),
    (946,1,0.06,'2018-04-27 14:40:00'),
    (947,2,0.12,'2018-04-27 14:50:00'),
    (948,13,0.01,'2018-04-27 15:00:00'),
    (949,15,0.12,'2018-04-27 15:10:00'),
    (950,19,0.03,'2018-04-27 15:20:00'),
    (951,8,0.1,'2018-04-27 15:30:00'),
    (952,18,0.05,'2018-04-27 15:40:00'),
    (953,12,0.18,'2018-04-27 15:50:00'),
    (954,15,0.02,'2018-04-27 16:00:00'),
    (955,18,0.07,'2018-04-27 16:10:00'),
    (956,11,0.06,'2018-04-27 16:20:00'),
    (957,6,0.07,'2018-04-27 16:30:00'),
    (958,3,0.07,'2018-04-27 16:40:00'),
    (959,10,0.14,'2018-04-27 16:50:00'),
    (960,20,0.01,'2018-04-27 17:00:00'),
    (961,17,0.1,'2018-04-27 17:10:00'),
    (962,2,0.06,'2018-04-27 17:20:00'),
    (963,2,0.06,'2018-04-27 17:30:00'),
    (964,3,0.07,'2018-04-27 17:40:00'),
    (965,20,0.15,'2018-04-27 17:50:00'),
    (966,18,0.04,'2018-04-27 18:00:00'),
    (967,15,0.14,'2018-04-27 18:10:00'),
    (968,20,0.15,'2018-04-27 18:20:00'),
    (969,3,0.17,'2018-04-27 18:30:00'),
    (970,15,0.02,'2018-04-27 18:40:00'),
    (971,2,0.17,'2018-04-27 18:50:00'),
    (972,12,0.18,'2018-04-27 19:00:00'),
    (973,18,0.04,'2018-04-27 19:10:00'),
    (974,8,0.2,'2018-04-27 19:20:00'),
    (975,20,0.05,'2018-04-27 19:30:00'),
    (976,3,0.06,'2018-04-27 19:40:00'),
    (977,5,0.18,'2018-04-27 19:50:00'),
    (978,14,0.03,'2018-04-27 20:00:00'),
    (979,1,0.11,'2018-04-27 20:10:00'),
    (980,20,0.16,'2018-04-27 20:20:00'),
    (981,19,0.18,'2018-04-27 20:30:00'),
    (982,9,0.14,'2018-04-27 20:40:00'),
    (983,9,0.18,'2018-04-27 20:50:00'),
    (984,1,0.06,'2018-04-27 21:00:00'),
    (985,2,0.16,'2018-04-27 21:10:00'),
    (986,17,0.05,'2018-04-27 21:20:00'),
    (987,12,0.18,'2018-04-27 21:30:00'),
    (988,4,0.01,'2018-04-27 21:40:00'),
    (989,2,0.11,'2018-04-27 21:50:00'),
    (990,1,0.02,'2018-04-27 22:00:00'),
    (991,20,0.1,'2018-04-27 22:10:00'),
    (992,20,0.18,'2018-04-27 22:20:00'),
    (993,14,0.15,'2018-04-27 22:30:00'),
    (994,20,0.04,'2018-04-27 22:40:00'),
    (995,19,0.1,'2018-04-27 22:50:00'),
    (996,14,0.13,'2018-04-27 23:00:00'),
    (997,15,0.14,'2018-04-27 23:10:00'),
    (998,13,0.02,'2018-04-27 23:20:00'),
    (999,7,0.18,'2018-04-27 23:30:00'),
    (999,13,0.2,'2018-04-27 23:40:00');
CREATE TABLE IF NOT EXISTS Sockets (
    "socket_id" INT,
    "appliance_id" INT,
    "room_id" INT,
    "socket_status" VARCHAR(3) ,
    "avg_power_consumed" NUMERIC(2, 1),
    "socket_name" VARCHAR(18) 
);
INSERT INTO Sockets VALUES
    (1,1,1,'ON',1.9,'Socket Living Room'),
    (2,2,2,'OFF',1.1,'Socket Bathroom'),
    (3,3,3,'OFF',2.5,'Socket Kitchen'),
    (4,4,4,'OFF',1.6,'Socket Bedroom'),
    (5,5,5,'ON',1.5,'Socket Dining Room'),
    (6,6,6,'OFF',2.9,'Socket Living Room'),
    (7,7,7,'ON',2.0,'Socket Bathroom'),
    (8,8,8,'OFF',1.0,'Socket Kitchen'),
    (9,9,9,'ON',1.9,'Socket Bedroom'),
    (10,10,10,'ON',1.2,'Socket Dining Room'),
    (11,11,11,'ON',1.8,'Socket Living Room'),
    (12,12,12,'ON',1.7,'Socket Bathroom'),
    (13,13,13,'ON',1.4,'Socket Kitchen'),
    (14,14,14,'OFF',2.4,'Socket Bedroom'),
    (15,15,15,'OFF',1.8,'Socket Dining Room'),
    (16,16,16,'ON',1.8,'Socket Living Room'),
    (17,17,17,'OFF',1.1,'Socket Bathroom'),
    (18,18,18,'ON',1.1,'Socket Kitchen'),
    (19,19,19,'OFF',2.1,'Socket Bedroom'),
    (20,20,20,'OFF',2.2,'Socket Dining Room');
CREATE TABLE IF NOT EXISTS Solar_Panel (
    "solar_panel_id" INT,
    "battery_id" INT,
    "grid_id" INT,
    "energy_generated" NUMERIC(5, 2),
    "send_to_grid" VARCHAR(3) 
);
INSERT INTO Solar_Panel VALUES
    (1,14,1,111.78,'OFF'),
    (2,14,1,253.83,'ON'),
    (3,14,1,371.56,'ON'),
    (4,9,1,49.6,'ON'),
    (5,14,1,72.43,'ON'),
    (6,3,1,17.04,'OFF'),
    (7,10,1,329.09,'ON'),
    (8,2,1,74.13,'OFF'),
    (9,12,1,261.28,'ON'),
    (10,9,1,425.21,'OFF'),
    (11,10,1,22.85,'ON'),
    (12,2,1,245.75,'ON'),
    (13,13,1,423.36,'ON'),
    (14,2,1,48.27,'OFF'),
    (15,5,1,320.05,'ON'),
    (16,5,1,230.78,'ON'),
    (17,2,1,406.38,'OFF'),
    (18,3,1,355.07,'OFF'),
    (19,7,1,411.83,'ON'),
    (20,5,1,474.94,'OFF'),
    (21,8,1,344.03,'OFF'),
    (22,2,1,270.73,'ON'),
    (23,6,1,57.35,'ON'),
    (24,8,1,372.08,'ON'),
    (25,9,1,359.75,'ON'),
    (26,13,1,151.44,'ON'),
    (27,11,1,303.5,'OFF'),
    (28,11,1,151.36,'OFF'),
    (29,9,1,154.95,'OFF'),
    (30,15,1,450.41,'OFF'),
    (31,13,1,490.47,'ON'),
    (32,13,1,384.1,'ON'),
    (33,11,1,79.9,'ON'),
    (34,5,1,267.03,'ON'),
    (35,15,1,30.1,'ON'),
    (36,9,1,464.62,'OFF'),
    (37,11,1,364.19,'OFF'),
    (38,8,1,3.24,'OFF'),
    (39,4,1,176.06,'OFF'),
    (40,1,1,419.37,'ON'),
    (41,14,1,462.49,'OFF'),
    (42,3,1,227.05,'ON'),
    (43,5,1,444.89,'OFF'),
    (44,9,1,75.77,'OFF'),
    (45,11,1,95.96,'OFF'),
    (46,8,1,330.95,'OFF'),
    (47,8,1,443.67,'ON'),
    (48,10,1,196.53,'ON'),
    (49,2,1,9.67,'ON'),
    (50,1,1,395.39,'ON'),
    (51,2,1,248.93,'ON'),
    (52,2,1,466,'ON'),
    (53,9,1,6.09,'ON'),
    (54,6,1,174.08,'OFF'),
    (55,12,1,463.96,'ON'),
    (56,12,1,175.62,'OFF'),
    (57,13,1,271.68,'OFF'),
    (58,14,1,150.82,'ON'),
    (59,11,1,236.43,'ON'),
    (60,3,1,121.57,'ON'),
    (61,10,1,159.4,'ON'),
    (62,8,1,194.31,'OFF'),
    (63,15,1,268.07,'ON'),
    (64,1,1,320.95,'ON'),
    (65,8,1,281.35,'OFF'),
    (66,3,1,198.69,'ON'),
    (67,4,1,443.86,'OFF'),
    (68,2,1,92.3,'OFF'),
    (69,5,1,149.14,'ON'),
    (70,1,1,403.26,'OFF'),
    (71,6,1,197.39,'OFF'),
    (72,10,1,70.35,'ON'),
    (73,8,1,256.66,'ON'),
    (74,3,1,439.44,'ON'),
    (75,5,1,27.11,'ON'),
    (76,14,1,401.73,'ON'),
    (77,9,1,307.99,'OFF'),
    (78,12,1,219.68,'OFF'),
    (79,10,1,375.23,'OFF'),
    (80,6,1,250.07,'OFF'),
    (81,3,1,70.8,'ON'),
    (82,10,1,378.56,'ON'),
    (83,10,1,298.48,'OFF'),
    (84,15,1,65.45,'ON'),
    (85,8,1,80.66,'ON'),
    (86,4,1,349.17,'ON'),
    (87,13,1,117.64,'ON'),
    (88,13,1,430.19,'OFF'),
    (89,10,1,34.68,'ON'),
    (90,13,1,49.39,'ON'),
    (91,4,1,280.5,'OFF'),
    (92,14,1,38.12,'OFF'),
    (93,14,1,223.16,'ON'),
    (94,8,1,376.2,'OFF'),
    (95,6,1,248.31,'ON'),
    (96,8,1,281.11,'OFF'),
    (97,6,1,139.15,'OFF'),
    (98,1,1,57.42,'OFF'),
    (99,3,1,306.13,'OFF'),
    (100,11,1,219.6,'OFF'),
    (101,1,1,208.51,'OFF'),
    (102,4,1,452.78,'ON'),
    (103,9,1,293.67,'ON'),
    (104,8,1,66.5,'ON'),
    (105,5,1,44.63,'ON'),
    (106,8,1,121.48,'OFF'),
    (107,14,1,275.98,'OFF'),
    (108,1,1,30.07,'ON'),
    (109,3,1,344.83,'OFF'),
    (110,15,1,446.22,'OFF'),
    (111,14,1,131.59,'OFF'),
    (112,11,1,457.57,'OFF'),
    (113,6,1,236.89,'OFF'),
    (114,2,1,204.1,'OFF'),
    (115,7,1,147.91,'ON'),
    (116,13,1,21.76,'ON'),
    (117,3,1,267.29,'ON'),
    (118,9,1,107.02,'ON'),
    (119,4,1,245.44,'OFF'),
    (120,14,1,151.97,'ON'),
    (121,9,1,174.32,'OFF'),
    (122,11,1,371.83,'ON'),
    (123,2,1,350.91,'OFF'),
    (124,2,1,221.47,'OFF'),
    (125,11,1,15.49,'OFF'),
    (126,5,1,64.54,'ON'),
    (127,8,1,415.6,'OFF'),
    (128,15,1,422.64,'OFF'),
    (129,4,1,287.75,'OFF'),
    (130,4,1,349.89,'ON'),
    (131,4,1,15.43,'OFF'),
    (132,14,1,195.82,'OFF'),
    (133,10,1,281.22,'OFF'),
    (134,6,1,14.18,'ON'),
    (135,8,1,109.64,'OFF'),
    (136,14,1,341.64,'ON'),
    (137,4,1,86.15,'OFF'),
    (138,9,1,380.27,'ON'),
    (139,7,1,350.98,'ON'),
    (140,4,1,335.09,'OFF'),
    (141,6,1,225.43,'ON'),
    (142,6,1,204.77,'OFF'),
    (143,14,1,485.77,'OFF'),
    (144,5,1,31.01,'OFF'),
    (145,6,1,36.45,'ON'),
    (146,12,1,311.55,'OFF'),
    (147,10,1,144.72,'ON'),
    (148,3,1,82.65,'ON'),
    (149,7,1,77.48,'ON'),
    (150,3,1,192.13,'ON'),
    (151,8,1,286.21,'OFF'),
    (152,8,1,414.11,'OFF'),
    (153,11,1,336.22,'OFF'),
    (154,9,1,269.76,'ON'),
    (155,3,1,4.15,'ON'),
    (156,10,1,481.38,'ON'),
    (157,4,1,166.22,'ON'),
    (158,6,1,91.84,'ON'),
    (159,12,1,248.71,'ON'),
    (160,14,1,381.56,'ON'),
    (161,9,1,439.67,'OFF'),
    (162,11,1,247.08,'OFF'),
    (163,9,1,160.23,'OFF'),
    (164,1,1,283.72,'OFF'),
    (165,8,1,86.54,'OFF'),
    (166,15,1,161.76,'OFF'),
    (167,1,1,34.04,'ON'),
    (168,12,1,292.15,'OFF'),
    (169,2,1,312.73,'OFF'),
    (170,5,1,151.72,'ON'),
    (171,5,1,271.07,'OFF'),
    (172,4,1,484.53,'OFF'),
    (173,10,1,319.97,'OFF'),
    (174,4,1,33.59,'ON'),
    (175,2,1,259.58,'OFF'),
    (176,9,1,389.98,'OFF'),
    (177,12,1,291.01,'ON'),
    (178,3,1,188.6,'OFF'),
    (179,7,1,105.4,'ON'),
    (180,13,1,236.35,'ON'),
    (181,1,1,61.17,'ON'),
    (182,15,1,317.12,'OFF'),
    (183,15,1,139.59,'OFF'),
    (184,1,1,369.24,'ON'),
    (185,14,1,112.86,'OFF'),
    (186,6,1,98.55,'OFF'),
    (187,7,1,19.63,'OFF'),
    (188,9,1,415.53,'OFF'),
    (189,12,1,83.48,'OFF'),
    (190,1,1,40.64,'OFF'),
    (191,7,1,202.32,'ON'),
    (192,14,1,355.1,'OFF'),
    (193,7,1,103.81,'ON'),
    (194,9,1,386.61,'ON'),
    (195,2,1,164.71,'OFF'),
    (196,7,1,410.91,'ON'),
    (197,8,1,160.66,'OFF'),
    (198,10,1,15.19,'OFF'),
    (199,10,1,92.38,'OFF'),
    (200,11,1,96.43,'OFF');
CREATE TABLE IF NOT EXISTS Solar_Panel_Readings (
    "solar_panel_reading_id" INT,
    "solar_panel_id" INT,
    "energy_generated" NUMERIC(4, 3),
    "reading_time" VARCHAR(50)
);
INSERT INTO Solar_Panel_Readings VALUES
    (1,14,0.009,'2018-04-21 01:10:00'),
    (2,20,0.007,'2018-04-21 01:20:00'),
    (3,6,0.003,'2018-04-21 01:30:00'),
    (4,9,0.002,'2018-04-21 01:40:00'),
    (5,16,0.006,'2018-04-21 01:50:00'),
    (6,7,0.009,'2018-04-21 02:00:00'),
    (7,13,0.006,'2018-04-21 02:10:00'),
    (8,2,0.002,'2018-04-21 02:20:00'),
    (9,9,0.008,'2018-04-21 02:30:00'),
    (10,3,0.004,'2018-04-21 02:40:00'),
    (11,8,0.006,'2018-04-21 02:50:00'),
    (12,6,0.004,'2018-04-21 03:00:00'),
    (13,13,0.005,'2018-04-21 03:10:00'),
    (14,6,0.001,'2018-04-21 03:20:00'),
    (15,17,0.006,'2018-04-21 03:30:00'),
    (16,18,0.009,'2018-04-21 03:40:00'),
    (17,18,0.007,'2018-04-21 03:50:00'),
    (18,9,0.008,'2018-04-21 04:00:00'),
    (19,10,0.002,'2018-04-21 04:10:00'),
    (20,4,0.003,'2018-04-21 04:20:00'),
    (21,13,0.003,'2018-04-21 04:30:00'),
    (22,14,0.008,'2018-04-21 04:40:00'),
    (23,16,0.005,'2018-04-21 04:50:00'),
    (24,7,0.006,'2018-04-21 05:00:00'),
    (25,7,0.004,'2018-04-21 05:10:00'),
    (26,7,0.002,'2018-04-21 05:20:00'),
    (27,3,0.008,'2018-04-21 05:30:00'),
    (28,3,0.006,'2018-04-21 05:40:00'),
    (29,4,0.009,'2018-04-21 05:50:00'),
    (30,1,0.005,'2018-04-21 06:00:00'),
    (31,20,0.005,'2018-04-21 06:10:00'),
    (32,14,0.008,'2018-04-21 06:20:00'),
    (33,10,0.002,'2018-04-21 06:30:00'),
    (34,7,0.004,'2018-04-21 06:40:00'),
    (35,17,0.006,'2018-04-21 06:50:00'),
    (36,11,0.003,'2018-04-21 07:00:00'),
    (37,13,0.01,'2018-04-21 07:10:00'),
    (38,8,0.006,'2018-04-21 07:20:00'),
    (39,15,0.004,'2018-04-21 07:30:00'),
    (40,8,0.004,'2018-04-21 07:40:00'),
    (41,4,0.007,'2018-04-21 07:50:00'),
    (42,12,0.002,'2018-04-21 08:00:00'),
    (43,7,0.004,'2018-04-21 08:10:00'),
    (44,11,0.01,'2018-04-21 08:20:00'),
    (45,1,0.005,'2018-04-21 08:30:00'),
    (46,19,0.005,'2018-04-21 08:40:00'),
    (47,11,0.001,'2018-04-21 08:50:00'),
    (48,17,0.004,'2018-04-21 09:00:00'),
    (49,3,0.006,'2018-04-21 09:10:00'),
    (50,7,0.002,'2018-04-21 09:20:00'),
    (51,20,0.002,'2018-04-21 09:30:00'),
    (52,14,0.003,'2018-04-21 09:40:00'),
    (53,12,0.004,'2018-04-21 09:50:00'),
    (54,13,0.004,'2018-04-21 10:00:00'),
    (55,18,0.01,'2018-04-21 10:10:00'),
    (56,18,0.009,'2018-04-21 10:20:00'),
    (57,6,0.002,'2018-04-21 10:30:00'),
    (58,13,0.006,'2018-04-21 10:40:00'),
    (59,7,0.004,'2018-04-21 10:50:00'),
    (60,2,0.003,'2018-04-21 11:00:00'),
    (61,1,0.004,'2018-04-21 11:10:00'),
    (62,20,0.001,'2018-04-21 11:20:00'),
    (63,4,0.009,'2018-04-21 11:30:00'),
    (64,2,0.007,'2018-04-21 11:40:00'),
    (65,12,0.007,'2018-04-21 11:50:00'),
    (66,3,0.009,'2018-04-21 12:00:00'),
    (67,11,0.008,'2018-04-21 12:10:00'),
    (68,20,0.005,'2018-04-21 12:20:00'),
    (69,12,0.006,'2018-04-21 12:30:00'),
    (70,3,0.004,'2018-04-21 12:40:00'),
    (71,7,0.006,'2018-04-21 12:50:00'),
    (72,17,0.002,'2018-04-21 13:00:00'),
    (73,5,0.009,'2018-04-21 13:10:00'),
    (74,1,0.003,'2018-04-21 13:20:00'),
    (75,13,0.003,'2018-04-21 13:30:00'),
    (76,18,0.008,'2018-04-21 13:40:00'),
    (77,6,0.006,'2018-04-21 13:50:00'),
    (78,4,0.007,'2018-04-21 14:00:00'),
    (79,16,0.004,'2018-04-21 14:10:00'),
    (80,10,0.003,'2018-04-21 14:20:00'),
    (81,15,0.003,'2018-04-21 14:30:00'),
    (82,15,0.009,'2018-04-21 14:40:00'),
    (83,16,0.006,'2018-04-21 14:50:00'),
    (84,6,0.009,'2018-04-21 15:00:00'),
    (85,13,0.01,'2018-04-21 15:10:00'),
    (86,8,0.009,'2018-04-21 15:20:00'),
    (87,9,0.002,'2018-04-21 15:30:00'),
    (88,1,0.008,'2018-04-21 15:40:00'),
    (89,14,0.003,'2018-04-21 15:50:00'),
    (90,13,0.006,'2018-04-21 16:00:00'),
    (91,20,0.004,'2018-04-21 16:10:00'),
    (92,3,0.003,'2018-04-21 16:20:00'),
    (93,6,0.007,'2018-04-21 16:30:00'),
    (94,2,0.005,'2018-04-21 16:40:00'),
    (95,8,0.005,'2018-04-21 16:50:00'),
    (96,14,0.009,'2018-04-21 17:00:00'),
    (97,6,0.002,'2018-04-21 17:10:00'),
    (98,15,0.008,'2018-04-21 17:20:00'),
    (99,16,0.002,'2018-04-21 17:30:00'),
    (100,1,0.006,'2018-04-21 17:40:00'),
    (101,13,0.005,'2018-04-21 17:50:00'),
    (102,11,0.004,'2018-04-21 18:00:00'),
    (103,9,0.001,'2018-04-21 18:10:00'),
    (104,19,0.004,'2018-04-21 18:20:00'),
    (105,5,0.008,'2018-04-21 18:30:00'),
    (106,11,0.007,'2018-04-21 18:40:00'),
    (107,1,0.007,'2018-04-21 18:50:00'),
    (108,11,0.001,'2018-04-21 19:00:00'),
    (109,18,0.008,'2018-04-21 19:10:00'),
    (110,11,0.008,'2018-04-21 19:20:00'),
    (111,6,0.004,'2018-04-21 19:30:00'),
    (112,6,0.002,'2018-04-21 19:40:00'),
    (113,7,0.008,'2018-04-21 19:50:00'),
    (114,10,0.001,'2018-04-21 20:00:00'),
    (115,20,0.006,'2018-04-21 20:10:00'),
    (116,15,0.005,'2018-04-21 20:20:00'),
    (117,3,0.009,'2018-04-21 20:30:00'),
    (118,3,0.003,'2018-04-21 20:40:00'),
    (119,4,0.007,'2018-04-21 20:50:00'),
    (120,15,0.003,'2018-04-21 21:00:00'),
    (121,16,0.008,'2018-04-21 21:10:00'),
    (122,3,0.003,'2018-04-21 21:20:00'),
    (123,11,0.004,'2018-04-21 21:30:00'),
    (124,18,0.004,'2018-04-21 21:40:00'),
    (125,20,0.007,'2018-04-21 21:50:00'),
    (126,3,0.006,'2018-04-21 22:00:00'),
    (127,17,0.007,'2018-04-21 22:10:00'),
    (128,5,0.006,'2018-04-21 22:20:00'),
    (129,18,0.002,'2018-04-21 22:30:00'),
    (130,14,0.005,'2018-04-21 22:40:00'),
    (131,8,0.008,'2018-04-21 22:50:00'),
    (132,18,0.006,'2018-04-21 23:00:00'),
    (133,6,0.006,'2018-04-21 23:10:00'),
    (134,1,0.003,'2018-04-21 23:20:00'),
    (135,18,0.009,'2018-04-21 23:30:00'),
    (136,13,0.002,'2018-04-21 23:40:00'),
    (137,13,0.007,'2018-04-21 23:50:00'),
    (138,17,0.001,'2018-04-22 00:00:00'),
    (139,16,0.005,'2018-04-22 00:10:00'),
    (140,7,0.008,'2018-04-22 00:20:00'),
    (141,16,0.002,'2018-04-22 00:30:00'),
    (142,10,0.007,'2018-04-22 00:40:00'),
    (143,4,0.01,'2018-04-22 00:50:00'),
    (144,13,0.009,'2018-04-22 01:00:00'),
    (145,8,0.008,'2018-04-22 01:10:00'),
    (146,15,0.004,'2018-04-22 01:20:00'),
    (147,18,0.006,'2018-04-22 01:30:00'),
    (148,5,0.006,'2018-04-22 01:40:00'),
    (149,14,0.002,'2018-04-22 01:50:00'),
    (150,18,0.005,'2018-04-22 02:00:00'),
    (151,7,0.003,'2018-04-22 02:10:00'),
    (152,14,0.009,'2018-04-22 02:20:00'),
    (153,1,0.004,'2018-04-22 02:30:00'),
    (154,9,0.003,'2018-04-22 02:40:00'),
    (155,3,0.005,'2018-04-22 02:50:00'),
    (156,11,0.001,'2018-04-22 03:00:00'),
    (157,9,0.004,'2018-04-22 03:10:00'),
    (158,16,0.006,'2018-04-22 03:20:00'),
    (159,16,0.006,'2018-04-22 03:30:00'),
    (160,15,0.003,'2018-04-22 03:40:00'),
    (161,15,0.009,'2018-04-22 03:50:00'),
    (162,5,0.006,'2018-04-22 04:00:00'),
    (163,12,0.007,'2018-04-22 04:10:00'),
    (164,17,0.008,'2018-04-22 04:20:00'),
    (165,9,0.005,'2018-04-22 04:30:00'),
    (166,7,0.004,'2018-04-22 04:40:00'),
    (167,9,0.007,'2018-04-22 04:50:00'),
    (168,9,0.008,'2018-04-22 05:00:00'),
    (169,15,0.007,'2018-04-22 05:10:00'),
    (170,14,0.008,'2018-04-22 05:20:00'),
    (171,18,0.003,'2018-04-22 05:30:00'),
    (172,15,0.005,'2018-04-22 05:40:00'),
    (173,13,0.004,'2018-04-22 05:50:00'),
    (174,5,0.008,'2018-04-22 06:00:00'),
    (175,17,0.007,'2018-04-22 06:10:00'),
    (176,12,0.006,'2018-04-22 06:20:00'),
    (177,3,0.008,'2018-04-22 06:30:00'),
    (178,10,0.004,'2018-04-22 06:40:00'),
    (179,19,0.007,'2018-04-22 06:50:00'),
    (180,5,0.002,'2018-04-22 07:00:00'),
    (181,3,0.003,'2018-04-22 07:10:00'),
    (182,17,0.003,'2018-04-22 07:20:00'),
    (183,19,0.008,'2018-04-22 07:30:00'),
    (184,1,0.009,'2018-04-22 07:40:00'),
    (185,14,0.008,'2018-04-22 07:50:00'),
    (186,8,0.003,'2018-04-22 08:00:00'),
    (187,6,0.002,'2018-04-22 08:10:00'),
    (188,13,0.004,'2018-04-22 08:20:00'),
    (189,16,0.007,'2018-04-22 08:30:00'),
    (190,20,0.005,'2018-04-22 08:40:00'),
    (191,8,0.007,'2018-04-22 08:50:00'),
    (192,17,0.007,'2018-04-22 09:00:00'),
    (193,10,0.01,'2018-04-22 09:10:00'),
    (194,7,0.005,'2018-04-22 09:20:00'),
    (195,1,0.008,'2018-04-22 09:30:00'),
    (196,4,0.005,'2018-04-22 09:40:00'),
    (197,14,0.007,'2018-04-22 09:50:00'),
    (198,5,0.009,'2018-04-22 10:00:00'),
    (199,1,0.004,'2018-04-22 10:10:00'),
    (200,15,0.004,'2018-04-22 10:20:00'),
    (201,3,0.008,'2018-04-22 10:30:00'),
    (202,5,0.004,'2018-04-22 10:40:00'),
    (203,16,0.004,'2018-04-22 10:50:00'),
    (204,7,0.002,'2018-04-22 11:00:00'),
    (205,9,0.005,'2018-04-22 11:10:00'),
    (206,13,0.008,'2018-04-22 11:20:00'),
    (207,12,0.005,'2018-04-22 11:30:00'),
    (208,12,0.006,'2018-04-22 11:40:00'),
    (209,5,0.01,'2018-04-22 11:50:00'),
    (210,17,0.01,'2018-04-22 12:00:00'),
    (211,17,0.004,'2018-04-22 12:10:00'),
    (212,20,0.002,'2018-04-22 12:20:00'),
    (213,14,0.006,'2018-04-22 12:30:00'),
    (214,1,0.008,'2018-04-22 12:40:00'),
    (215,7,0.007,'2018-04-22 12:50:00'),
    (216,9,0.003,'2018-04-22 13:00:00'),
    (217,12,0.002,'2018-04-22 13:10:00'),
    (218,2,0.006,'2018-04-22 13:20:00'),
    (219,12,0.008,'2018-04-22 13:30:00'),
    (220,18,0.001,'2018-04-22 13:40:00'),
    (221,16,0.003,'2018-04-22 13:50:00'),
    (222,7,0.006,'2018-04-22 14:00:00'),
    (223,12,0.007,'2018-04-22 14:10:00'),
    (224,4,0.007,'2018-04-22 14:20:00'),
    (225,13,0.002,'2018-04-22 14:30:00'),
    (226,15,0.006,'2018-04-22 14:40:00'),
    (227,3,0.006,'2018-04-22 14:50:00'),
    (228,8,0.005,'2018-04-22 15:00:00'),
    (229,7,0.007,'2018-04-22 15:10:00'),
    (230,4,0.01,'2018-04-22 15:20:00'),
    (231,12,0.01,'2018-04-22 15:30:00'),
    (232,11,0.005,'2018-04-22 15:40:00'),
    (233,4,0.006,'2018-04-22 15:50:00'),
    (234,17,0.003,'2018-04-22 16:00:00'),
    (235,5,0.002,'2018-04-22 16:10:00'),
    (236,3,0.01,'2018-04-22 16:20:00'),
    (237,13,0.005,'2018-04-22 16:30:00'),
    (238,15,0.009,'2018-04-22 16:40:00'),
    (239,3,0.003,'2018-04-22 16:50:00'),
    (240,20,0.003,'2018-04-22 17:00:00'),
    (241,7,0.009,'2018-04-22 17:10:00'),
    (242,17,0.009,'2018-04-22 17:20:00'),
    (243,2,0.004,'2018-04-22 17:30:00'),
    (244,3,0.007,'2018-04-22 17:40:00'),
    (245,12,0.005,'2018-04-22 17:50:00'),
    (246,20,0.002,'2018-04-22 18:00:00'),
    (247,17,0.004,'2018-04-22 18:10:00'),
    (248,1,0.008,'2018-04-22 18:20:00'),
    (249,18,0.003,'2018-04-22 18:30:00'),
    (250,16,0.009,'2018-04-22 18:40:00');
INSERT INTO Solar_Panel_Readings VALUES
    (251,16,0.008,'2018-04-22 18:50:00'),
    (252,16,0.006,'2018-04-22 19:00:00'),
    (253,14,0.006,'2018-04-22 19:10:00'),
    (254,4,0.004,'2018-04-22 19:20:00'),
    (255,11,0.008,'2018-04-22 19:30:00'),
    (256,6,0.003,'2018-04-22 19:40:00'),
    (257,10,0.007,'2018-04-22 19:50:00'),
    (258,10,0.009,'2018-04-22 20:00:00'),
    (259,15,0.004,'2018-04-22 20:10:00'),
    (260,7,0.005,'2018-04-22 20:20:00'),
    (261,5,0.009,'2018-04-22 20:30:00'),
    (262,4,0.002,'2018-04-22 20:40:00'),
    (263,12,0.006,'2018-04-22 20:50:00'),
    (264,1,0.007,'2018-04-22 21:00:00'),
    (265,6,0.003,'2018-04-22 21:10:00'),
    (266,19,0.006,'2018-04-22 21:20:00'),
    (267,11,0.002,'2018-04-22 21:30:00'),
    (268,20,0.009,'2018-04-22 21:40:00'),
    (269,1,0.004,'2018-04-22 21:50:00'),
    (270,15,0.003,'2018-04-22 22:00:00'),
    (271,16,0.008,'2018-04-22 22:10:00'),
    (272,20,0.009,'2018-04-22 22:20:00'),
    (273,2,0.006,'2018-04-22 22:30:00'),
    (274,15,0.009,'2018-04-22 22:40:00'),
    (275,13,0.002,'2018-04-22 22:50:00'),
    (276,19,0.003,'2018-04-22 23:00:00'),
    (277,9,0.004,'2018-04-22 23:10:00'),
    (278,1,0.008,'2018-04-22 23:20:00'),
    (279,17,0.002,'2018-04-22 23:30:00'),
    (280,5,0.008,'2018-04-22 23:40:00'),
    (281,3,0.004,'2018-04-22 23:50:00'),
    (282,19,0.005,'2018-04-23 00:00:00'),
    (283,19,0.003,'2018-04-23 00:10:00'),
    (284,12,0.007,'2018-04-23 00:20:00'),
    (285,16,0.003,'2018-04-23 00:30:00'),
    (286,17,0.003,'2018-04-23 00:40:00'),
    (287,3,0.009,'2018-04-23 00:50:00'),
    (288,11,0.007,'2018-04-23 01:00:00'),
    (289,1,0.003,'2018-04-23 01:10:00'),
    (290,8,0.009,'2018-04-23 01:20:00'),
    (291,13,0.004,'2018-04-23 01:30:00'),
    (292,15,0.001,'2018-04-23 01:40:00'),
    (293,11,0.005,'2018-04-23 01:50:00'),
    (294,20,0.001,'2018-04-23 02:00:00'),
    (295,11,0.005,'2018-04-23 02:10:00'),
    (296,18,0.009,'2018-04-23 02:20:00'),
    (297,8,0.006,'2018-04-23 02:30:00'),
    (298,7,0.005,'2018-04-23 02:40:00'),
    (299,15,0.003,'2018-04-23 02:50:00'),
    (300,2,0.008,'2018-04-23 03:00:00'),
    (301,7,0.002,'2018-04-23 03:10:00'),
    (302,9,0.001,'2018-04-23 03:20:00'),
    (303,4,0.004,'2018-04-23 03:30:00'),
    (304,15,0.006,'2018-04-23 03:40:00'),
    (305,4,0.004,'2018-04-23 03:50:00'),
    (306,1,0.009,'2018-04-23 04:00:00'),
    (307,19,0.002,'2018-04-23 04:10:00'),
    (308,20,0.006,'2018-04-23 04:20:00'),
    (309,13,0.001,'2018-04-23 04:30:00'),
    (310,6,0.009,'2018-04-23 04:40:00'),
    (311,18,0.007,'2018-04-23 04:50:00'),
    (312,1,0.003,'2018-04-23 05:00:00'),
    (313,4,0.008,'2018-04-23 05:10:00'),
    (314,13,0.01,'2018-04-23 05:20:00'),
    (315,1,0.006,'2018-04-23 05:30:00'),
    (316,13,0.006,'2018-04-23 05:40:00'),
    (317,13,0.007,'2018-04-23 05:50:00'),
    (318,14,0.002,'2018-04-23 06:00:00'),
    (319,17,0.009,'2018-04-23 06:10:00'),
    (320,11,0.002,'2018-04-23 06:20:00'),
    (321,7,0.003,'2018-04-23 06:30:00'),
    (322,6,0.006,'2018-04-23 06:40:00'),
    (323,2,0.001,'2018-04-23 06:50:00'),
    (324,6,0.005,'2018-04-23 07:00:00'),
    (325,16,0.001,'2018-04-23 07:10:00'),
    (326,14,0.001,'2018-04-23 07:20:00'),
    (327,20,0.001,'2018-04-23 07:30:00'),
    (328,13,0.004,'2018-04-23 07:40:00'),
    (329,20,0.005,'2018-04-23 07:50:00'),
    (330,13,0.008,'2018-04-23 08:00:00'),
    (331,7,0.008,'2018-04-23 08:10:00'),
    (332,18,0.003,'2018-04-23 08:20:00'),
    (333,17,0.003,'2018-04-23 08:30:00'),
    (334,14,0.002,'2018-04-23 08:40:00'),
    (335,6,0.003,'2018-04-23 08:50:00'),
    (336,17,0.01,'2018-04-23 09:00:00'),
    (337,1,0.005,'2018-04-23 09:10:00'),
    (338,2,0.001,'2018-04-23 09:20:00'),
    (339,1,0.005,'2018-04-23 09:30:00'),
    (340,1,0.006,'2018-04-23 09:40:00'),
    (341,6,0.01,'2018-04-23 09:50:00'),
    (342,11,0.003,'2018-04-23 10:00:00'),
    (343,6,0.002,'2018-04-23 10:10:00'),
    (344,10,0.008,'2018-04-23 10:20:00'),
    (345,3,0.008,'2018-04-23 10:30:00'),
    (346,1,0.003,'2018-04-23 10:40:00'),
    (347,15,0.003,'2018-04-23 10:50:00'),
    (348,16,0.009,'2018-04-23 11:00:00'),
    (349,2,0.001,'2018-04-23 11:10:00'),
    (350,2,0.004,'2018-04-23 11:20:00'),
    (351,12,0.008,'2018-04-23 11:30:00'),
    (352,8,0.002,'2018-04-23 11:40:00'),
    (353,5,0.008,'2018-04-23 11:50:00'),
    (354,16,0.004,'2018-04-23 12:00:00'),
    (355,17,0.002,'2018-04-23 12:10:00'),
    (356,6,0.001,'2018-04-23 12:20:00'),
    (357,5,0.01,'2018-04-23 12:30:00'),
    (358,4,0.001,'2018-04-23 12:40:00'),
    (359,8,0.007,'2018-04-23 12:50:00'),
    (360,19,0.003,'2018-04-23 13:00:00'),
    (361,5,0.004,'2018-04-23 13:10:00'),
    (362,3,0.007,'2018-04-23 13:20:00'),
    (363,8,0.009,'2018-04-23 13:30:00'),
    (364,3,0.003,'2018-04-23 13:40:00'),
    (365,3,0.007,'2018-04-23 13:50:00'),
    (366,19,0.007,'2018-04-23 14:00:00'),
    (367,9,0.005,'2018-04-23 14:10:00'),
    (368,16,0.004,'2018-04-23 14:20:00'),
    (369,4,0.01,'2018-04-23 14:30:00'),
    (370,19,0.004,'2018-04-23 14:40:00'),
    (371,20,0.01,'2018-04-23 14:50:00'),
    (372,8,0.006,'2018-04-23 15:00:00'),
    (373,16,0.001,'2018-04-23 15:10:00'),
    (374,20,0.006,'2018-04-23 15:20:00'),
    (375,16,0.008,'2018-04-23 15:30:00'),
    (376,5,0.005,'2018-04-23 15:40:00'),
    (377,16,0.003,'2018-04-23 15:50:00'),
    (378,8,0.001,'2018-04-23 16:00:00'),
    (379,7,0.006,'2018-04-23 16:10:00'),
    (380,2,0.008,'2018-04-23 16:20:00'),
    (381,5,0.009,'2018-04-23 16:30:00'),
    (382,1,0.002,'2018-04-23 16:40:00'),
    (383,5,0.009,'2018-04-23 16:50:00'),
    (384,18,0.002,'2018-04-23 17:00:00'),
    (385,17,0.005,'2018-04-23 17:10:00'),
    (386,4,0.003,'2018-04-23 17:20:00'),
    (387,16,0.006,'2018-04-23 17:30:00'),
    (388,5,0.003,'2018-04-23 17:40:00'),
    (389,12,0.007,'2018-04-23 17:50:00'),
    (390,8,0.008,'2018-04-23 18:00:00'),
    (391,17,0.009,'2018-04-23 18:10:00'),
    (392,16,0.008,'2018-04-23 18:20:00'),
    (393,6,0.008,'2018-04-23 18:30:00'),
    (394,12,0.003,'2018-04-23 18:40:00'),
    (395,7,0.001,'2018-04-23 18:50:00'),
    (396,9,0.004,'2018-04-23 19:00:00'),
    (397,11,0.005,'2018-04-23 19:10:00'),
    (398,12,0.005,'2018-04-23 19:20:00'),
    (399,16,0.009,'2018-04-23 19:30:00'),
    (400,3,0.002,'2018-04-23 19:40:00'),
    (401,10,0.006,'2018-04-23 19:50:00'),
    (402,6,0.005,'2018-04-23 20:00:00'),
    (403,14,0.007,'2018-04-23 20:10:00'),
    (404,4,0.006,'2018-04-23 20:20:00'),
    (405,10,0.001,'2018-04-23 20:30:00'),
    (406,5,0.009,'2018-04-23 20:40:00'),
    (407,13,0.007,'2018-04-23 20:50:00'),
    (408,18,0.004,'2018-04-23 21:00:00'),
    (409,18,0.008,'2018-04-23 21:10:00'),
    (410,1,0.006,'2018-04-23 21:20:00'),
    (411,3,0.008,'2018-04-23 21:30:00'),
    (412,1,0.002,'2018-04-23 21:40:00'),
    (413,13,0.005,'2018-04-23 21:50:00'),
    (414,11,0.009,'2018-04-23 22:00:00'),
    (415,1,0.008,'2018-04-23 22:10:00'),
    (416,2,0.008,'2018-04-23 22:20:00'),
    (417,20,0.003,'2018-04-23 22:30:00'),
    (418,9,0.005,'2018-04-23 22:40:00'),
    (419,17,0.007,'2018-04-23 22:50:00'),
    (420,8,0.001,'2018-04-23 23:00:00'),
    (421,14,0.003,'2018-04-23 23:10:00'),
    (422,4,0.008,'2018-04-23 23:20:00'),
    (423,5,0.008,'2018-04-23 23:30:00'),
    (424,9,0.009,'2018-04-23 23:40:00'),
    (425,18,0.008,'2018-04-23 23:50:00'),
    (426,11,0.003,'2018-04-24 00:00:00'),
    (427,13,0.008,'2018-04-24 00:10:00'),
    (428,15,0.009,'2018-04-24 00:20:00'),
    (429,7,0.008,'2018-04-24 00:30:00'),
    (430,1,0.008,'2018-04-24 00:40:00'),
    (431,4,0.004,'2018-04-24 00:50:00'),
    (432,9,0.008,'2018-04-24 01:00:00'),
    (433,3,0.009,'2018-04-24 01:10:00'),
    (434,19,0.005,'2018-04-24 01:20:00'),
    (435,18,0.007,'2018-04-24 01:30:00'),
    (436,2,0.004,'2018-04-24 01:40:00'),
    (437,14,0.002,'2018-04-24 01:50:00'),
    (438,11,0.004,'2018-04-24 02:00:00'),
    (439,13,0.005,'2018-04-24 02:10:00'),
    (440,13,0.002,'2018-04-24 02:20:00'),
    (441,18,0.01,'2018-04-24 02:30:00'),
    (442,18,0.004,'2018-04-24 02:40:00'),
    (443,16,0.007,'2018-04-24 02:50:00'),
    (444,9,0.007,'2018-04-24 03:00:00'),
    (445,19,0.009,'2018-04-24 03:10:00'),
    (446,14,0.007,'2018-04-24 03:20:00'),
    (447,9,0.005,'2018-04-24 03:30:00'),
    (448,17,0.007,'2018-04-24 03:40:00'),
    (449,3,0.004,'2018-04-24 03:50:00'),
    (450,18,0.008,'2018-04-24 04:00:00'),
    (451,18,0.007,'2018-04-24 04:10:00'),
    (452,8,0.002,'2018-04-24 04:20:00'),
    (453,13,0.004,'2018-04-24 04:30:00'),
    (454,20,0.003,'2018-04-24 04:40:00'),
    (455,10,0.005,'2018-04-24 04:50:00'),
    (456,15,0.009,'2018-04-24 05:00:00'),
    (457,8,0.007,'2018-04-24 05:10:00'),
    (458,15,0.008,'2018-04-24 05:20:00'),
    (459,5,0.005,'2018-04-24 05:30:00'),
    (460,3,0.009,'2018-04-24 05:40:00'),
    (461,10,0.009,'2018-04-24 05:50:00'),
    (462,2,0.01,'2018-04-24 06:00:00'),
    (463,16,0.006,'2018-04-24 06:10:00'),
    (464,16,0.002,'2018-04-24 06:20:00'),
    (465,6,0.003,'2018-04-24 06:30:00'),
    (466,3,0.007,'2018-04-24 06:40:00'),
    (467,2,0.003,'2018-04-24 06:50:00'),
    (468,7,0.008,'2018-04-24 07:00:00'),
    (469,19,0.006,'2018-04-24 07:10:00'),
    (470,14,0.007,'2018-04-24 07:20:00'),
    (471,19,0.005,'2018-04-24 07:30:00'),
    (472,5,0.007,'2018-04-24 07:40:00'),
    (473,6,0.003,'2018-04-24 07:50:00'),
    (474,16,0.009,'2018-04-24 08:00:00'),
    (475,7,0.009,'2018-04-24 08:10:00'),
    (476,7,0.004,'2018-04-24 08:20:00'),
    (477,13,0.002,'2018-04-24 08:30:00'),
    (478,14,0.003,'2018-04-24 08:40:00'),
    (479,5,0.008,'2018-04-24 08:50:00'),
    (480,8,0.006,'2018-04-24 09:00:00'),
    (481,7,0.008,'2018-04-24 09:10:00'),
    (482,16,0.007,'2018-04-24 09:20:00'),
    (483,8,0.006,'2018-04-24 09:30:00'),
    (484,9,0.002,'2018-04-24 09:40:00'),
    (485,3,0.007,'2018-04-24 09:50:00'),
    (486,10,0.003,'2018-04-24 10:00:00'),
    (487,10,0.007,'2018-04-24 10:10:00'),
    (488,12,0.006,'2018-04-24 10:20:00'),
    (489,16,0.009,'2018-04-24 10:30:00'),
    (490,1,0.007,'2018-04-24 10:40:00'),
    (491,11,0.004,'2018-04-24 10:50:00'),
    (492,2,0.004,'2018-04-24 11:00:00'),
    (493,9,0.009,'2018-04-24 11:10:00'),
    (494,2,0.006,'2018-04-24 11:20:00'),
    (495,9,0.003,'2018-04-24 11:30:00'),
    (496,8,0.007,'2018-04-24 11:40:00'),
    (497,9,0.007,'2018-04-24 11:50:00'),
    (498,10,0.002,'2018-04-24 12:00:00'),
    (499,8,0.009,'2018-04-24 12:10:00'),
    (500,15,0.008,'2018-04-24 12:20:00');
INSERT INTO Solar_Panel_Readings VALUES
    (501,8,0.006,'2018-04-24 12:30:00'),
    (502,10,0.002,'2018-04-24 12:40:00'),
    (503,8,0.005,'2018-04-24 12:50:00'),
    (504,10,0.01,'2018-04-24 13:00:00'),
    (505,8,0.004,'2018-04-24 13:10:00'),
    (506,13,0.008,'2018-04-24 13:20:00'),
    (507,17,0.003,'2018-04-24 13:30:00'),
    (508,5,0.009,'2018-04-24 13:40:00'),
    (509,20,0.009,'2018-04-24 13:50:00'),
    (510,6,0.003,'2018-04-24 14:00:00'),
    (511,14,0.005,'2018-04-24 14:10:00'),
    (512,18,0.006,'2018-04-24 14:20:00'),
    (513,16,0.004,'2018-04-24 14:30:00'),
    (514,2,0.001,'2018-04-24 14:40:00'),
    (515,13,0.009,'2018-04-24 14:50:00'),
    (516,13,0.007,'2018-04-24 15:00:00'),
    (517,5,0.004,'2018-04-24 15:10:00'),
    (518,10,0.009,'2018-04-24 15:20:00'),
    (519,11,0.005,'2018-04-24 15:30:00'),
    (520,3,0.006,'2018-04-24 15:40:00'),
    (521,1,0.007,'2018-04-24 15:50:00'),
    (522,1,0.004,'2018-04-24 16:00:00'),
    (523,12,0.003,'2018-04-24 16:10:00'),
    (524,17,0.006,'2018-04-24 16:20:00'),
    (525,11,0.005,'2018-04-24 16:30:00'),
    (526,11,0.004,'2018-04-24 16:40:00'),
    (527,2,0.006,'2018-04-24 16:50:00'),
    (528,8,0.009,'2018-04-24 17:00:00'),
    (529,13,0.005,'2018-04-24 17:10:00'),
    (530,18,0.002,'2018-04-24 17:20:00'),
    (531,16,0.005,'2018-04-24 17:30:00'),
    (532,5,0.005,'2018-04-24 17:40:00'),
    (533,10,0.008,'2018-04-24 17:50:00'),
    (534,1,0.01,'2018-04-24 18:00:00'),
    (535,17,0.008,'2018-04-24 18:10:00'),
    (536,5,0.006,'2018-04-24 18:20:00'),
    (537,5,0.002,'2018-04-24 18:30:00'),
    (538,7,0.008,'2018-04-24 18:40:00'),
    (539,3,0.002,'2018-04-24 18:50:00'),
    (540,13,0.007,'2018-04-24 19:00:00'),
    (541,12,0.003,'2018-04-24 19:10:00'),
    (542,7,0.01,'2018-04-24 19:20:00'),
    (543,5,0.01,'2018-04-24 19:30:00'),
    (544,12,0.005,'2018-04-24 19:40:00'),
    (545,19,0.005,'2018-04-24 19:50:00'),
    (546,15,0.009,'2018-04-24 20:00:00'),
    (547,15,0.006,'2018-04-24 20:10:00'),
    (548,8,0.002,'2018-04-24 20:20:00'),
    (549,20,0.005,'2018-04-24 20:30:00'),
    (550,4,0.004,'2018-04-24 20:40:00'),
    (551,14,0.01,'2018-04-24 20:50:00'),
    (552,11,0.01,'2018-04-24 21:00:00'),
    (553,15,0.002,'2018-04-24 21:10:00'),
    (554,16,0.009,'2018-04-24 21:20:00'),
    (555,7,0.008,'2018-04-24 21:30:00'),
    (556,19,0.009,'2018-04-24 21:40:00'),
    (557,1,0.001,'2018-04-24 21:50:00'),
    (558,10,0.01,'2018-04-24 22:00:00'),
    (559,5,0.005,'2018-04-24 22:10:00'),
    (560,5,0.004,'2018-04-24 22:20:00'),
    (561,14,0.001,'2018-04-24 22:30:00'),
    (562,1,0.003,'2018-04-24 22:40:00'),
    (563,11,0.01,'2018-04-24 22:50:00'),
    (564,10,0.005,'2018-04-24 23:00:00'),
    (565,4,0.002,'2018-04-24 23:10:00'),
    (566,20,0.007,'2018-04-24 23:20:00'),
    (567,6,0.003,'2018-04-24 23:30:00'),
    (568,10,0.002,'2018-04-24 23:40:00'),
    (569,20,0.008,'2018-04-24 23:50:00'),
    (570,3,0.005,'2018-04-25 00:00:00'),
    (571,17,0.01,'2018-04-25 00:10:00'),
    (572,16,0.004,'2018-04-25 00:20:00'),
    (573,11,0.006,'2018-04-25 00:30:00'),
    (574,18,0.008,'2018-04-25 00:40:00'),
    (575,3,0.003,'2018-04-25 00:50:00'),
    (576,2,0.006,'2018-04-25 01:00:00'),
    (577,17,0.002,'2018-04-25 01:10:00'),
    (578,4,0.005,'2018-04-25 01:20:00'),
    (579,15,0.007,'2018-04-25 01:30:00'),
    (580,9,0.006,'2018-04-25 01:40:00'),
    (581,11,0.005,'2018-04-25 01:50:00'),
    (582,12,0.003,'2018-04-25 02:00:00'),
    (583,4,0.009,'2018-04-25 02:10:00'),
    (584,8,0.005,'2018-04-25 02:20:00'),
    (585,1,0.01,'2018-04-25 02:30:00'),
    (586,15,0.005,'2018-04-25 02:40:00'),
    (587,11,0.005,'2018-04-25 02:50:00'),
    (588,1,0.002,'2018-04-25 03:00:00'),
    (589,3,0.008,'2018-04-25 03:10:00'),
    (590,5,0.003,'2018-04-25 03:20:00'),
    (591,6,0.001,'2018-04-25 03:30:00'),
    (592,17,0.006,'2018-04-25 03:40:00'),
    (593,6,0.001,'2018-04-25 03:50:00'),
    (594,15,0.005,'2018-04-25 04:00:00'),
    (595,1,0.01,'2018-04-25 04:10:00'),
    (596,19,0.007,'2018-04-25 04:20:00'),
    (597,17,0.004,'2018-04-25 04:30:00'),
    (598,2,0.009,'2018-04-25 04:40:00'),
    (599,5,0.005,'2018-04-25 04:50:00'),
    (600,3,0.009,'2018-04-25 05:00:00'),
    (601,5,0.008,'2018-04-25 05:10:00'),
    (602,7,0.005,'2018-04-25 05:20:00'),
    (603,11,0.003,'2018-04-25 05:30:00'),
    (604,15,0.008,'2018-04-25 05:40:00'),
    (605,9,0.001,'2018-04-25 05:50:00'),
    (606,19,0.001,'2018-04-25 06:00:00'),
    (607,14,0.005,'2018-04-25 06:10:00'),
    (608,18,0.004,'2018-04-25 06:20:00'),
    (609,14,0.006,'2018-04-25 06:30:00'),
    (610,17,0.01,'2018-04-25 06:40:00'),
    (611,17,0.006,'2018-04-25 06:50:00'),
    (612,14,0.01,'2018-04-25 07:00:00'),
    (613,13,0.002,'2018-04-25 07:10:00'),
    (614,3,0.008,'2018-04-25 07:20:00'),
    (615,18,0.008,'2018-04-25 07:30:00'),
    (616,6,0.009,'2018-04-25 07:40:00'),
    (617,15,0.002,'2018-04-25 07:50:00'),
    (618,19,0.002,'2018-04-25 08:00:00'),
    (619,5,0.001,'2018-04-25 08:10:00'),
    (620,5,0.005,'2018-04-25 08:20:00'),
    (621,14,0.008,'2018-04-25 08:30:00'),
    (622,15,0.004,'2018-04-25 08:40:00'),
    (623,4,0.009,'2018-04-25 08:50:00'),
    (624,9,0.005,'2018-04-25 09:00:00'),
    (625,2,0.001,'2018-04-25 09:10:00'),
    (626,15,0.01,'2018-04-25 09:20:00'),
    (627,10,0.007,'2018-04-25 09:30:00'),
    (628,18,0.003,'2018-04-25 09:40:00'),
    (629,18,0.005,'2018-04-25 09:50:00'),
    (630,20,0.007,'2018-04-25 10:00:00'),
    (631,12,0.003,'2018-04-25 10:10:00'),
    (632,7,0.01,'2018-04-25 10:20:00'),
    (633,4,0.009,'2018-04-25 10:30:00'),
    (634,3,0.01,'2018-04-25 10:40:00'),
    (635,11,0.008,'2018-04-25 10:50:00'),
    (636,8,0.005,'2018-04-25 11:00:00'),
    (637,10,0.003,'2018-04-25 11:10:00'),
    (638,6,0.002,'2018-04-25 11:20:00'),
    (639,7,0.006,'2018-04-25 11:30:00'),
    (640,3,0.008,'2018-04-25 11:40:00'),
    (641,14,0.008,'2018-04-25 11:50:00'),
    (642,2,0.001,'2018-04-25 12:00:00'),
    (643,1,0.004,'2018-04-25 12:10:00'),
    (644,14,0.007,'2018-04-25 12:20:00'),
    (645,3,0.005,'2018-04-25 12:30:00'),
    (646,15,0.002,'2018-04-25 12:40:00'),
    (647,4,0.004,'2018-04-25 12:50:00'),
    (648,17,0.005,'2018-04-25 13:00:00'),
    (649,13,0.007,'2018-04-25 13:10:00'),
    (650,14,0.002,'2018-04-25 13:20:00'),
    (651,6,0.006,'2018-04-25 13:30:00'),
    (652,5,0.006,'2018-04-25 13:40:00'),
    (653,8,0.009,'2018-04-25 13:50:00'),
    (654,18,0.007,'2018-04-25 14:00:00'),
    (655,7,0.003,'2018-04-25 14:10:00'),
    (656,7,0.006,'2018-04-25 14:20:00'),
    (657,8,0.009,'2018-04-25 14:30:00'),
    (658,17,0.008,'2018-04-25 14:40:00'),
    (659,9,0.001,'2018-04-25 14:50:00'),
    (660,19,0.006,'2018-04-25 15:00:00'),
    (661,10,0.007,'2018-04-25 15:10:00'),
    (662,11,0.005,'2018-04-25 15:20:00'),
    (663,11,0.008,'2018-04-25 15:30:00'),
    (664,14,0.01,'2018-04-25 15:40:00'),
    (665,18,0.008,'2018-04-25 15:50:00'),
    (666,10,0.005,'2018-04-25 16:00:00'),
    (667,4,0.009,'2018-04-25 16:10:00'),
    (668,3,0.002,'2018-04-25 16:20:00'),
    (669,10,0.008,'2018-04-25 16:30:00'),
    (670,15,0.01,'2018-04-25 16:40:00'),
    (671,10,0.009,'2018-04-25 16:50:00'),
    (672,12,0.003,'2018-04-25 17:00:00'),
    (673,2,0.003,'2018-04-25 17:10:00'),
    (674,11,0.007,'2018-04-25 17:20:00'),
    (675,20,0.006,'2018-04-25 17:30:00'),
    (676,20,0.009,'2018-04-25 17:40:00'),
    (677,16,0.005,'2018-04-25 17:50:00'),
    (678,2,0.005,'2018-04-25 18:00:00'),
    (679,3,0.004,'2018-04-25 18:10:00'),
    (680,10,0.009,'2018-04-25 18:20:00'),
    (681,5,0.009,'2018-04-25 18:30:00'),
    (682,17,0.001,'2018-04-25 18:40:00'),
    (683,11,0.006,'2018-04-25 18:50:00'),
    (684,1,0.002,'2018-04-25 19:00:00'),
    (685,5,0.009,'2018-04-25 19:10:00'),
    (686,14,0.006,'2018-04-25 19:20:00'),
    (687,19,0.002,'2018-04-25 19:30:00'),
    (688,2,0.009,'2018-04-25 19:40:00'),
    (689,7,0.001,'2018-04-25 19:50:00'),
    (690,5,0.007,'2018-04-25 20:00:00'),
    (691,17,0.005,'2018-04-25 20:10:00'),
    (692,14,0.007,'2018-04-25 20:20:00'),
    (693,12,0.008,'2018-04-25 20:30:00'),
    (694,13,0.008,'2018-04-25 20:40:00'),
    (695,17,0.003,'2018-04-25 20:50:00'),
    (696,8,0.001,'2018-04-25 21:00:00'),
    (697,8,0.009,'2018-04-25 21:10:00'),
    (698,18,0.006,'2018-04-25 21:20:00'),
    (699,12,0.007,'2018-04-25 21:30:00'),
    (700,12,0.005,'2018-04-25 21:40:00'),
    (701,14,0.008,'2018-04-25 21:50:00'),
    (702,8,0.003,'2018-04-25 22:00:00'),
    (703,20,0.009,'2018-04-25 22:10:00'),
    (704,20,0.005,'2018-04-25 22:20:00'),
    (705,8,0.001,'2018-04-25 22:30:00'),
    (706,4,0.007,'2018-04-25 22:40:00'),
    (707,1,0.005,'2018-04-25 22:50:00'),
    (708,5,0.009,'2018-04-25 23:00:00'),
    (709,9,0.008,'2018-04-25 23:10:00'),
    (710,15,0.009,'2018-04-25 23:20:00'),
    (711,18,0.005,'2018-04-25 23:30:00'),
    (712,1,0.007,'2018-04-25 23:40:00'),
    (713,11,0.003,'2018-04-25 23:50:00'),
    (714,9,0.003,'2018-04-26 00:00:00'),
    (715,12,0.007,'2018-04-26 00:10:00'),
    (716,19,0.006,'2018-04-26 00:20:00'),
    (717,2,0.002,'2018-04-26 00:30:00'),
    (718,15,0.004,'2018-04-26 00:40:00'),
    (719,3,0.01,'2018-04-26 00:50:00'),
    (720,19,0.003,'2018-04-26 01:00:00'),
    (721,11,0.01,'2018-04-26 01:10:00'),
    (722,17,0.008,'2018-04-26 01:20:00'),
    (723,4,0.002,'2018-04-26 01:30:00'),
    (724,14,0.006,'2018-04-26 01:40:00'),
    (725,19,0.007,'2018-04-26 01:50:00'),
    (726,7,0.007,'2018-04-26 02:00:00'),
    (727,9,0.008,'2018-04-26 02:10:00'),
    (728,15,0.005,'2018-04-26 02:20:00'),
    (729,10,0.002,'2018-04-26 02:30:00'),
    (730,10,0.007,'2018-04-26 02:40:00'),
    (731,20,0.009,'2018-04-26 02:50:00'),
    (732,13,0.009,'2018-04-26 03:00:00'),
    (733,9,0.008,'2018-04-26 03:10:00'),
    (734,5,0.004,'2018-04-26 03:20:00'),
    (735,8,0.009,'2018-04-26 03:30:00'),
    (736,11,0.008,'2018-04-26 03:40:00'),
    (737,2,0.006,'2018-04-26 03:50:00'),
    (738,10,0.004,'2018-04-26 04:00:00'),
    (739,10,0.006,'2018-04-26 04:10:00'),
    (740,19,0.005,'2018-04-26 04:20:00'),
    (741,4,0.006,'2018-04-26 04:30:00'),
    (742,5,0.004,'2018-04-26 04:40:00'),
    (743,3,0.004,'2018-04-26 04:50:00'),
    (744,4,0.005,'2018-04-26 05:00:00'),
    (745,3,0.003,'2018-04-26 05:10:00'),
    (746,6,0.008,'2018-04-26 05:20:00'),
    (747,12,0.005,'2018-04-26 05:30:00'),
    (748,8,0.007,'2018-04-26 05:40:00'),
    (749,14,0.009,'2018-04-26 05:50:00'),
    (750,1,0.002,'2018-04-26 06:00:00');
INSERT INTO Solar_Panel_Readings VALUES
    (751,20,0.002,'2018-04-26 06:10:00'),
    (752,10,0.008,'2018-04-26 06:20:00'),
    (753,12,0.004,'2018-04-26 06:30:00'),
    (754,7,0.004,'2018-04-26 06:40:00'),
    (755,3,0.001,'2018-04-26 06:50:00'),
    (756,11,0.002,'2018-04-26 07:00:00'),
    (757,17,0.006,'2018-04-26 07:10:00'),
    (758,7,0.003,'2018-04-26 07:20:00'),
    (759,16,0.006,'2018-04-26 07:30:00'),
    (760,16,0.004,'2018-04-26 07:40:00'),
    (761,20,0.009,'2018-04-26 07:50:00'),
    (762,9,0.003,'2018-04-26 08:00:00'),
    (763,3,0.009,'2018-04-26 08:10:00'),
    (764,10,0.003,'2018-04-26 08:20:00'),
    (765,1,0.008,'2018-04-26 08:30:00'),
    (766,5,0.003,'2018-04-26 08:40:00'),
    (767,4,0.006,'2018-04-26 08:50:00'),
    (768,13,0.008,'2018-04-26 09:00:00'),
    (769,9,0.007,'2018-04-26 09:10:00'),
    (770,15,0.004,'2018-04-26 09:20:00'),
    (771,8,0.01,'2018-04-26 09:30:00'),
    (772,19,0.009,'2018-04-26 09:40:00'),
    (773,7,0.007,'2018-04-26 09:50:00'),
    (774,15,0.007,'2018-04-26 10:00:00'),
    (775,2,0.005,'2018-04-26 10:10:00'),
    (776,6,0.007,'2018-04-26 10:20:00'),
    (777,15,0.004,'2018-04-26 10:30:00'),
    (778,19,0.007,'2018-04-26 10:40:00'),
    (779,7,0.006,'2018-04-26 10:50:00'),
    (780,10,0.01,'2018-04-26 11:00:00'),
    (781,14,0.007,'2018-04-26 11:10:00'),
    (782,19,0.002,'2018-04-26 11:20:00'),
    (783,20,0.002,'2018-04-26 11:30:00'),
    (784,12,0.003,'2018-04-26 11:40:00'),
    (785,1,0.009,'2018-04-26 11:50:00'),
    (786,1,0.005,'2018-04-26 12:00:00'),
    (787,19,0.004,'2018-04-26 12:10:00'),
    (788,10,0.003,'2018-04-26 12:20:00'),
    (789,12,0.002,'2018-04-26 12:30:00'),
    (790,3,0.005,'2018-04-26 12:40:00'),
    (791,8,0.01,'2018-04-26 12:50:00'),
    (792,6,0.006,'2018-04-26 13:00:00'),
    (793,7,0.009,'2018-04-26 13:10:00'),
    (794,12,0.001,'2018-04-26 13:20:00'),
    (795,10,0.004,'2018-04-26 13:30:00'),
    (796,7,0.002,'2018-04-26 13:40:00'),
    (797,9,0.008,'2018-04-26 13:50:00'),
    (798,6,0.007,'2018-04-26 14:00:00'),
    (799,7,0.004,'2018-04-26 14:10:00'),
    (800,20,0.01,'2018-04-26 14:20:00'),
    (801,7,0.005,'2018-04-26 14:30:00'),
    (802,16,0.004,'2018-04-26 14:40:00'),
    (803,1,0.005,'2018-04-26 14:50:00'),
    (804,20,0.005,'2018-04-26 15:00:00'),
    (805,18,0.009,'2018-04-26 15:10:00'),
    (806,7,0.001,'2018-04-26 15:20:00'),
    (807,13,0.004,'2018-04-26 15:30:00'),
    (808,11,0.001,'2018-04-26 15:40:00'),
    (809,14,0.008,'2018-04-26 15:50:00'),
    (810,18,0.005,'2018-04-26 16:00:00'),
    (811,19,0.009,'2018-04-26 16:10:00'),
    (812,14,0.008,'2018-04-26 16:20:00'),
    (813,4,0.008,'2018-04-26 16:30:00'),
    (814,9,0.01,'2018-04-26 16:40:00'),
    (815,16,0.002,'2018-04-26 16:50:00'),
    (816,7,0.007,'2018-04-26 17:00:00'),
    (817,13,0.002,'2018-04-26 17:10:00'),
    (818,4,0.01,'2018-04-26 17:20:00'),
    (819,13,0.001,'2018-04-26 17:30:00'),
    (820,19,0.003,'2018-04-26 17:40:00'),
    (821,13,0.002,'2018-04-26 17:50:00'),
    (822,6,0.005,'2018-04-26 18:00:00'),
    (823,11,0.002,'2018-04-26 18:10:00'),
    (824,20,0.001,'2018-04-26 18:20:00'),
    (825,4,0.004,'2018-04-26 18:30:00'),
    (826,1,0.005,'2018-04-26 18:40:00'),
    (827,9,0.003,'2018-04-26 18:50:00'),
    (828,1,0.006,'2018-04-26 19:00:00'),
    (829,6,0.003,'2018-04-26 19:10:00'),
    (830,12,0.009,'2018-04-26 19:20:00'),
    (831,4,0.001,'2018-04-26 19:30:00'),
    (832,18,0.008,'2018-04-26 19:40:00'),
    (833,18,0.007,'2018-04-26 19:50:00'),
    (834,2,0.003,'2018-04-26 20:00:00'),
    (835,9,0.01,'2018-04-26 20:10:00'),
    (836,8,0.007,'2018-04-26 20:20:00'),
    (837,14,0.005,'2018-04-26 20:30:00'),
    (838,12,0.007,'2018-04-26 20:40:00'),
    (839,10,0.002,'2018-04-26 20:50:00'),
    (840,7,0.003,'2018-04-26 21:00:00'),
    (841,16,0.008,'2018-04-26 21:10:00'),
    (842,6,0.002,'2018-04-26 21:20:00'),
    (843,1,0.005,'2018-04-26 21:30:00'),
    (844,13,0.002,'2018-04-26 21:40:00'),
    (845,7,0.008,'2018-04-26 21:50:00'),
    (846,15,0.001,'2018-04-26 22:00:00'),
    (847,2,0.005,'2018-04-26 22:10:00'),
    (848,15,0.005,'2018-04-26 22:20:00'),
    (849,13,0.005,'2018-04-26 22:30:00'),
    (850,13,0.007,'2018-04-26 22:40:00'),
    (851,3,0.007,'2018-04-26 22:50:00'),
    (852,8,0.003,'2018-04-26 23:00:00'),
    (853,16,0.004,'2018-04-26 23:10:00'),
    (854,3,0.008,'2018-04-26 23:20:00'),
    (855,2,0.003,'2018-04-26 23:30:00'),
    (856,19,0.001,'2018-04-26 23:40:00'),
    (857,13,0.004,'2018-04-26 23:50:00'),
    (858,15,0.002,'2018-04-27 00:00:00'),
    (859,11,0.007,'2018-04-27 00:10:00'),
    (860,4,0.006,'2018-04-27 00:20:00'),
    (861,3,0.005,'2018-04-27 00:30:00'),
    (862,10,0.006,'2018-04-27 00:40:00'),
    (863,6,0.005,'2018-04-27 00:50:00'),
    (864,12,0.006,'2018-04-27 01:00:00'),
    (865,17,0.002,'2018-04-27 01:10:00'),
    (866,9,0.009,'2018-04-27 01:20:00'),
    (867,6,0.004,'2018-04-27 01:30:00'),
    (868,3,0.004,'2018-04-27 01:40:00'),
    (869,1,0.008,'2018-04-27 01:50:00'),
    (870,1,0.005,'2018-04-27 02:00:00'),
    (871,2,0.004,'2018-04-27 02:10:00'),
    (872,15,0.004,'2018-04-27 02:20:00'),
    (873,12,0.005,'2018-04-27 02:30:00'),
    (874,7,0.01,'2018-04-27 02:40:00'),
    (875,2,0.004,'2018-04-27 02:50:00'),
    (876,1,0.005,'2018-04-27 03:00:00'),
    (877,5,0.009,'2018-04-27 03:10:00'),
    (878,18,0.007,'2018-04-27 03:20:00'),
    (879,15,0.006,'2018-04-27 03:30:00'),
    (880,2,0.01,'2018-04-27 03:40:00'),
    (881,15,0.003,'2018-04-27 03:50:00'),
    (882,9,0.009,'2018-04-27 04:00:00'),
    (883,13,0.007,'2018-04-27 04:10:00'),
    (884,15,0.003,'2018-04-27 04:20:00'),
    (885,11,0.007,'2018-04-27 04:30:00'),
    (886,11,0.008,'2018-04-27 04:40:00'),
    (887,3,0.005,'2018-04-27 04:50:00'),
    (888,10,0.006,'2018-04-27 05:00:00'),
    (889,4,0.001,'2018-04-27 05:10:00'),
    (890,5,0.004,'2018-04-27 05:20:00'),
    (891,3,0.005,'2018-04-27 05:30:00'),
    (892,5,0.007,'2018-04-27 05:40:00'),
    (893,4,0.009,'2018-04-27 05:50:00'),
    (894,1,0.001,'2018-04-27 06:00:00'),
    (895,17,0.002,'2018-04-27 06:10:00'),
    (896,6,0.008,'2018-04-27 06:20:00'),
    (897,9,0.007,'2018-04-27 06:30:00'),
    (898,1,0.002,'2018-04-27 06:40:00'),
    (899,16,0.007,'2018-04-27 06:50:00'),
    (900,8,0.007,'2018-04-27 07:00:00'),
    (901,19,0.009,'2018-04-27 07:10:00'),
    (902,6,0.008,'2018-04-27 07:20:00'),
    (903,4,0.007,'2018-04-27 07:30:00'),
    (904,9,0.001,'2018-04-27 07:40:00'),
    (905,13,0.007,'2018-04-27 07:50:00'),
    (906,9,0.005,'2018-04-27 08:00:00'),
    (907,7,0.006,'2018-04-27 08:10:00'),
    (908,9,0.008,'2018-04-27 08:20:00'),
    (909,20,0.005,'2018-04-27 08:30:00'),
    (910,17,0.008,'2018-04-27 08:40:00'),
    (911,4,0.006,'2018-04-27 08:50:00'),
    (912,2,0.009,'2018-04-27 09:00:00'),
    (913,15,0.009,'2018-04-27 09:10:00'),
    (914,2,0.004,'2018-04-27 09:20:00'),
    (915,10,0.008,'2018-04-27 09:30:00'),
    (916,13,0.008,'2018-04-27 09:40:00'),
    (917,20,0.005,'2018-04-27 09:50:00'),
    (918,18,0.007,'2018-04-27 10:00:00'),
    (919,1,0.003,'2018-04-27 10:10:00'),
    (920,19,0.003,'2018-04-27 10:20:00'),
    (921,12,0.003,'2018-04-27 10:30:00'),
    (922,18,0.008,'2018-04-27 10:40:00'),
    (923,18,0.003,'2018-04-27 10:50:00'),
    (924,1,0.003,'2018-04-27 11:00:00'),
    (925,15,0.003,'2018-04-27 11:10:00'),
    (926,9,0.004,'2018-04-27 11:20:00'),
    (927,7,0.01,'2018-04-27 11:30:00'),
    (928,19,0.005,'2018-04-27 11:40:00'),
    (929,8,0.006,'2018-04-27 11:50:00'),
    (930,8,0.005,'2018-04-27 12:00:00'),
    (931,7,0.005,'2018-04-27 12:10:00'),
    (932,16,0.005,'2018-04-27 12:20:00'),
    (933,5,0.001,'2018-04-27 12:30:00'),
    (934,3,0.005,'2018-04-27 12:40:00'),
    (935,3,0.004,'2018-04-27 12:50:00'),
    (936,14,0.008,'2018-04-27 13:00:00'),
    (937,2,0.007,'2018-04-27 13:10:00'),
    (938,11,0.006,'2018-04-27 13:20:00'),
    (939,2,0.007,'2018-04-27 13:30:00'),
    (940,11,0.005,'2018-04-27 13:40:00'),
    (941,9,0.008,'2018-04-27 13:50:00'),
    (942,17,0.005,'2018-04-27 14:00:00'),
    (943,6,0.006,'2018-04-27 14:10:00'),
    (944,18,0.002,'2018-04-27 14:20:00'),
    (945,18,0.004,'2018-04-27 14:30:00'),
    (946,13,0.008,'2018-04-27 14:40:00'),
    (947,20,0.009,'2018-04-27 14:50:00'),
    (948,4,0.008,'2018-04-27 15:00:00'),
    (949,12,0.007,'2018-04-27 15:10:00'),
    (950,9,0.01,'2018-04-27 15:20:00'),
    (951,10,0.007,'2018-04-27 15:30:00'),
    (952,19,0.003,'2018-04-27 15:40:00'),
    (953,6,0.006,'2018-04-27 15:50:00'),
    (954,4,0.003,'2018-04-27 16:00:00'),
    (955,2,0.001,'2018-04-27 16:10:00'),
    (956,13,0.002,'2018-04-27 16:20:00'),
    (957,12,0.006,'2018-04-27 16:30:00'),
    (958,6,0.002,'2018-04-27 16:40:00'),
    (959,3,0.001,'2018-04-27 16:50:00'),
    (960,14,0.005,'2018-04-27 17:00:00'),
    (961,8,0.007,'2018-04-27 17:10:00'),
    (962,1,0.005,'2018-04-27 17:20:00'),
    (963,15,0.005,'2018-04-27 17:30:00'),
    (964,6,0.002,'2018-04-27 17:40:00'),
    (965,8,0.003,'2018-04-27 17:50:00'),
    (966,2,0.007,'2018-04-27 18:00:00'),
    (967,5,0.001,'2018-04-27 18:10:00'),
    (968,18,0.01,'2018-04-27 18:20:00'),
    (969,14,0.003,'2018-04-27 18:30:00'),
    (970,7,0.005,'2018-04-27 18:40:00'),
    (971,13,0.005,'2018-04-27 18:50:00'),
    (972,4,0.005,'2018-04-27 19:00:00'),
    (973,9,0.003,'2018-04-27 19:10:00'),
    (974,14,0.002,'2018-04-27 19:20:00'),
    (975,1,0.001,'2018-04-27 19:30:00'),
    (976,11,0.009,'2018-04-27 19:40:00'),
    (977,6,0.001,'2018-04-27 19:50:00'),
    (978,8,0.006,'2018-04-27 20:00:00'),
    (979,14,0.006,'2018-04-27 20:10:00'),
    (980,17,0.008,'2018-04-27 20:20:00'),
    (981,13,0.003,'2018-04-27 20:30:00'),
    (982,1,0.009,'2018-04-27 20:40:00'),
    (983,2,0.003,'2018-04-27 20:50:00'),
    (984,16,0.009,'2018-04-27 21:00:00'),
    (985,11,0.005,'2018-04-27 21:10:00'),
    (986,7,0.003,'2018-04-27 21:20:00'),
    (987,11,0.005,'2018-04-27 21:30:00'),
    (988,3,0.006,'2018-04-27 21:40:00'),
    (989,19,0.009,'2018-04-27 21:50:00'),
    (990,2,0.004,'2018-04-27 22:00:00'),
    (991,14,0.006,'2018-04-27 22:10:00'),
    (992,7,0.004,'2018-04-27 22:20:00'),
    (993,8,0.002,'2018-04-27 22:30:00'),
    (994,19,0.009,'2018-04-27 22:40:00'),
    (995,8,0.004,'2018-04-27 22:50:00'),
    (996,8,0.01,'2018-04-27 23:00:00'),
    (997,4,0.004,'2018-04-27 23:10:00'),
    (998,19,0.006,'2018-04-27 23:20:00'),
    (999,4,0.008,'2018-04-27 23:30:00'),
    (1000,17,0.008,'2018-04-27 23:40:00');
CREATE TABLE IF NOT EXISTS Types_Of_Activites (
    "activity_name" VARCHAR(8) ,
    "activity_description" VARCHAR(66) 
);
INSERT INTO Types_Of_Activites VALUES
    ('Hockey','velit eu est congue elementum'),
    ('Running','quisque ut erat curabitur gravida'),
    ('Tennis','cursus vestibulum proin eu mi nulla ac'),
    ('Surfing','cubilia curae duis faucibus accumsan odio curabitur convallis duis'),
    ('Reading','congue eget semper rutrum nulla nunc purus phasellus'),
    ('Cleaning','venenatis turpis enim blandit mi in porttitor'),
    ('Sleeping','faucibus orci luctus et ultrices'),
    ('Eating','dui nec nisi volutpat eleifend donec ut dolor'),
    ('Acting','consectetuer adipiscing elit proin risus praesent');
CREATE TABLE IF NOT EXISTS Water_System (
    "water_system_id" INT,
    "house_id" INT,
    "total_usage" INT,
    "system_status" VARCHAR(3) 
);
INSERT INTO Water_System VALUES
    (1,1,3224,'ON'),
    (2,2,3228,'ON'),
    (3,3,2872,'ON'),
    (4,4,3351,'OFF'),
    (5,5,1430,'OFF'),
    (6,6,3234,'ON'),
    (7,7,1740,'OFF'),
    (8,8,504,'OFF'),
    (9,9,292,'ON'),
    (10,10,2238,'ON');
CREATE TABLE IF NOT EXISTS Weather_Readings (
    "weather_id" INT,
    "building_id" INT,
    "reading_time" VARCHAR(24) ,
    "temperature" INT,
    "humidity" INT,
    "wind_speed" INT,
    "wind_direction" INT,
    "solar_radiation" INT,
    "amount_of_co2" NUMERIC(4, 3)
);
INSERT INTO Weather_Readings VALUES
    (1,6,'2018-04-21 1:10:00',32,45,13,291,1399,0.067),
    (2,1,'2018-04-21 1:20:00',33,70,12,228,1361,0.052),
    (3,8,'2018-04-21 1:30:00',36,32,17,341,1352,0.029),
    (4,4,'2018-04-21 1:40:00',32,44,26,119,1344,0.062),
    (5,12,'2018-04-21 1:50:00',23,62,12,170,1391,0.057),
    (6,13,'2018-04-21 2:00:00',28,46,6,195,1343,0.037),
    (7,10,'2018-04-21 2:10:00',34,36,13,296,1348,0.032),
    (8,2,'2018-04-21 2:20:00',47,66,7,84,1341,0.061),
    (9,11,'2018-04-21 2:30:00',37,42,26,55,1391,0.069),
    (10,14,'2018-04-21 2:40:00',26,80,8,298,1340,0.084),
    (11,5,'2018-04-21 2:50:00',48,49,24,59,1367,0.069),
    (12,1,'2018-04-21 3:00:00',25,49,22,89,1383,0.035),
    (13,15,'2018-04-21 3:10:00',30,74,25,82,1344,0.032),
    (14,10,'2018-04-21 3:20:00',40,66,22,77,1386,0.057),
    (15,14,'2018-04-21 3:30:00',40,79,8,147,1413,0.063),
    (16,9,'2018-04-21 3:40:00',39,53,19,116,1344,0.077),
    (17,1,'2018-04-21 3:50:00',49,69,10,26,1347,0.054),
    (18,14,'2018-04-21 4:00:00',41,50,9,190,1351,0.026),
    (19,9,'2018-04-21 4:10:00',34,44,6,149,1350,0.088),
    (20,5,'2018-04-21 4:20:00',23,70,12,239,1406,0.08),
    (21,7,'2018-04-21 4:30:00',35,71,21,119,1330,0.034),
    (22,9,'2018-04-21 4:40:00',47,39,30,218,1399,0.05),
    (23,4,'2018-04-21 4:50:00',22,61,22,125,1339,0.087),
    (24,2,'2018-04-21 5:00:00',23,39,11,61,1367,0.033),
    (25,5,'2018-04-21 5:10:00',29,77,12,311,1410,0.059),
    (26,1,'2018-04-21 5:20:00',33,64,22,53,1388,0.073),
    (27,6,'2018-04-21 5:30:00',50,69,19,344,1411,0.057),
    (28,4,'2018-04-21 5:40:00',49,46,13,288,1401,0.086),
    (29,15,'2018-04-21 5:50:00',23,77,17,190,1342,0.035),
    (30,2,'2018-04-21 6:00:00',47,42,29,316,1340,0.093),
    (31,14,'2018-04-21 6:10:00',35,49,20,320,1364,0.043),
    (32,14,'2018-04-21 6:20:00',27,52,28,32,1401,0.043),
    (33,4,'2018-04-21 6:30:00',38,77,18,202,1364,0.048),
    (34,6,'2018-04-21 6:40:00',40,72,20,271,1413,0.051),
    (35,15,'2018-04-21 6:50:00',33,58,10,324,1370,0.056),
    (36,7,'2018-04-21 7:00:00',31,38,25,183,1334,0.093),
    (37,8,'2018-04-21 7:10:00',20,50,19,294,1349,0.094),
    (38,15,'2018-04-21 7:20:00',37,77,10,232,1348,0.084),
    (39,6,'2018-04-21 7:30:00',37,32,7,268,1412,0.056),
    (40,12,'2018-04-21 7:40:00',33,72,13,329,1401,0.057),
    (41,15,'2018-04-21 7:50:00',24,64,17,88,1395,0.064),
    (42,3,'2018-04-21 8:00:00',31,41,9,280,1323,0.049),
    (43,4,'2018-04-21 8:10:00',20,76,14,337,1338,0.049),
    (44,4,'2018-04-21 8:20:00',24,79,17,28,1328,0.037),
    (45,12,'2018-04-21 8:30:00',48,34,17,329,1328,0.087),
    (46,10,'2018-04-21 8:40:00',45,55,9,188,1403,0.047),
    (47,12,'2018-04-21 8:50:00',40,77,17,28,1355,0.036),
    (48,8,'2018-04-21 9:00:00',49,41,28,137,1359,0.036),
    (49,2,'2018-04-21 9:10:00',46,62,18,244,1406,0.065),
    (50,1,'2018-04-21 9:20:00',24,80,15,78,1339,0.032),
    (51,6,'2018-04-21 9:30:00',34,40,15,158,1374,0.058),
    (52,14,'2018-04-21 9:40:00',23,76,24,241,1377,0.049),
    (53,7,'2018-04-21 9:50:00',42,60,8,346,1395,0.088),
    (54,8,'2018-04-21 10:00:00',39,38,11,177,1370,0.033),
    (55,3,'2018-04-21 10:10:00',36,41,27,273,1404,0.044),
    (56,9,'2018-04-21 10:20:00',43,45,27,181,1336,0.076),
    (57,12,'2018-04-21 10:30:00',44,37,23,62,1363,0.095),
    (58,2,'2018-04-21 10:40:00',38,59,16,24,1355,0.06),
    (59,13,'2018-04-21 10:50:00',35,65,7,131,1350,0.039),
    (60,1,'2018-04-21 11:00:00',33,38,13,29,1399,0.082),
    (61,2,'2018-04-21 11:10:00',20,72,20,272,1357,0.055),
    (62,11,'2018-04-21 11:20:00',42,70,13,183,1336,0.034),
    (63,11,'2018-04-21 11:30:00',41,57,7,314,1372,0.052),
    (64,8,'2018-04-21 11:40:00',46,76,22,294,1387,0.089),
    (65,8,'2018-04-21 11:50:00',26,78,18,159,1404,0.063),
    (66,4,'2018-04-21 12:00:00',49,51,7,111,1374,0.077),
    (67,5,'2018-04-21 12:10:00',24,74,9,150,1356,0.076),
    (68,6,'2018-04-21 12:20:00',49,64,11,217,1353,0.043),
    (69,8,'2018-04-21 12:30:00',32,52,9,329,1321,0.04),
    (70,10,'2018-04-21 12:40:00',34,68,28,247,1343,0.073),
    (71,15,'2018-04-21 12:50:00',35,73,7,141,1362,0.028),
    (72,14,'2018-04-21 13:00:00',50,79,13,24,1371,0.063),
    (73,8,'2018-04-21 13:10:00',22,73,17,347,1322,0.062),
    (74,14,'2018-04-21 13:20:00',36,49,26,212,1356,0.041),
    (75,7,'2018-04-21 13:30:00',42,45,10,123,1358,0.053),
    (76,9,'2018-04-21 13:40:00',45,75,23,115,1345,0.082),
    (77,6,'2018-04-21 13:50:00',40,71,26,58,1322,0.065),
    (78,1,'2018-04-21 14:00:00',27,62,6,316,1324,0.067),
    (79,15,'2018-04-21 14:10:00',30,72,13,215,1407,0.028),
    (80,5,'2018-04-21 14:20:00',49,53,14,286,1399,0.052),
    (81,7,'2018-04-21 14:30:00',50,44,11,18,1409,0.052),
    (82,1,'2018-04-21 14:40:00',20,67,27,332,1375,0.041),
    (83,13,'2018-04-21 14:50:00',46,58,23,103,1366,0.044),
    (84,15,'2018-04-21 15:00:00',41,45,27,121,1359,0.077),
    (85,4,'2018-04-21 15:10:00',44,79,6,280,1361,0.054),
    (86,12,'2018-04-21 15:20:00',38,45,21,174,1372,0.041),
    (87,12,'2018-04-21 15:30:00',38,64,21,327,1341,0.063),
    (88,6,'2018-04-21 15:40:00',43,33,13,177,1352,0.058),
    (89,10,'2018-04-21 15:50:00',46,39,10,137,1343,0.077),
    (90,12,'2018-04-21 16:00:00',48,37,11,128,1394,0.025),
    (91,2,'2018-04-21 16:10:00',31,59,9,93,1339,0.029),
    (92,1,'2018-04-21 16:20:00',26,65,30,248,1413,0.074),
    (93,4,'2018-04-21 16:30:00',32,79,10,37,1411,0.088),
    (94,13,'2018-04-21 16:40:00',21,76,6,186,1348,0.079),
    (95,3,'2018-04-21 16:50:00',26,49,9,114,1385,0.039),
    (96,14,'2018-04-21 17:00:00',36,76,28,302,1408,0.098),
    (97,12,'2018-04-21 17:10:00',31,76,13,261,1382,0.07),
    (98,7,'2018-04-21 17:20:00',48,57,23,239,1353,0.052),
    (99,14,'2018-04-21 17:30:00',26,72,18,223,1369,0.071),
    (100,4,'2018-04-21 17:40:00',46,34,22,275,1362,0.099),
    (101,9,'2018-04-21 17:50:00',36,71,16,106,1357,0.04),
    (102,11,'2018-04-21 18:00:00',46,51,30,141,1367,0.066),
    (103,12,'2018-04-21 18:10:00',49,77,7,339,1327,0.043),
    (104,15,'2018-04-21 18:20:00',27,49,12,257,1357,0.053),
    (105,15,'2018-04-21 18:30:00',46,51,23,332,1371,0.08),
    (106,14,'2018-04-21 18:40:00',42,73,15,77,1381,0.039),
    (107,10,'2018-04-21 18:50:00',50,42,20,279,1327,0.062),
    (108,9,'2018-04-21 19:00:00',24,30,16,240,1371,0.038),
    (109,5,'2018-04-21 19:10:00',43,61,14,317,1413,0.026),
    (110,15,'2018-04-21 19:20:00',24,46,22,216,1341,0.076),
    (111,9,'2018-04-21 19:30:00',31,45,23,187,1386,0.058),
    (112,6,'2018-04-21 19:40:00',41,79,23,296,1327,0.083),
    (113,9,'2018-04-21 19:50:00',39,68,6,275,1324,0.091),
    (114,1,'2018-04-21 20:00:00',30,59,8,282,1327,0.031),
    (115,5,'2018-04-21 20:10:00',35,33,23,26,1383,0.062),
    (116,15,'2018-04-21 20:20:00',20,36,30,20,1360,0.035),
    (117,2,'2018-04-21 20:30:00',20,66,8,16,1354,0.082),
    (118,8,'2018-04-21 20:40:00',21,73,23,62,1386,0.058),
    (119,13,'2018-04-21 20:50:00',41,44,9,39,1360,0.086),
    (120,15,'2018-04-21 21:00:00',39,71,7,277,1340,0.029),
    (121,5,'2018-04-21 21:10:00',43,73,18,273,1332,0.094),
    (122,9,'2018-04-21 21:20:00',40,65,6,274,1368,0.048),
    (123,10,'2018-04-21 21:30:00',42,45,17,208,1365,0.062),
    (124,4,'2018-04-21 21:40:00',25,79,20,129,1376,0.033),
    (125,5,'2018-04-21 21:50:00',41,39,17,123,1404,0.028),
    (126,13,'2018-04-21 22:00:00',33,44,25,64,1354,0.05),
    (127,4,'2018-04-21 22:10:00',48,31,28,323,1356,0.073),
    (128,5,'2018-04-21 22:20:00',26,63,30,140,1398,0.072),
    (129,9,'2018-04-21 22:30:00',38,79,27,322,1387,0.06),
    (130,1,'2018-04-21 22:40:00',34,43,18,209,1377,0.089),
    (131,12,'2018-04-21 22:50:00',32,49,6,278,1380,0.076),
    (132,8,'2018-04-21 23:00:00',45,63,26,235,1380,0.062),
    (133,4,'2018-04-21 23:10:00',41,74,28,36,1383,0.029),
    (134,12,'2018-04-21 23:20:00',31,69,14,214,1410,0.026),
    (135,12,'2018-04-21 23:30:00',26,38,15,41,1335,0.058),
    (136,15,'2018-04-21 23:40:00',44,79,25,269,1397,0.075),
    (137,15,'2018-04-21 23:50:00',45,31,28,276,1325,0.071),
    (138,12,'2018-04-22 1037088:00:00',48,73,8,220,1336,0.029),
    (139,11,'2018-04-22 1037088:10:00',23,75,24,217,1355,0.055),
    (140,1,'2018-04-22 1037088:20:00',42,63,24,195,1372,0.051),
    (141,5,'2018-04-22 1037088:30:00',46,38,22,297,1365,0.051),
    (142,5,'2018-04-22 1037088:40:00',38,57,19,205,1365,0.052),
    (143,2,'2018-04-22 1037088:50:00',47,33,20,206,1388,0.031),
    (144,1,'2018-04-22 1037089:00:00',27,52,27,108,1413,0.044),
    (145,6,'2018-04-22 1:10:00',47,57,8,34,1337,0.064),
    (146,4,'2018-04-22 1:20:00',30,74,26,11,1330,0.033),
    (147,2,'2018-04-22 1:30:00',23,72,6,271,1356,0.04),
    (148,7,'2018-04-22 1:40:00',50,37,30,229,1376,0.079),
    (149,5,'2018-04-22 1:50:00',31,33,16,78,1339,0.099),
    (150,4,'2018-04-22 2:00:00',20,34,9,57,1407,0.092),
    (151,4,'2018-04-22 2:10:00',40,64,6,233,1339,0.08),
    (152,3,'2018-04-22 2:20:00',33,69,18,15,1373,0.039),
    (153,5,'2018-04-22 2:30:00',21,47,24,247,1410,0.07),
    (154,1,'2018-04-22 2:40:00',25,76,20,154,1335,0.086),
    (155,7,'2018-04-22 2:50:00',20,39,10,344,1400,0.028),
    (156,2,'2018-04-22 3:00:00',34,42,16,27,1410,0.056),
    (157,2,'2018-04-22 3:10:00',30,50,16,190,1340,0.077),
    (158,8,'2018-04-22 3:20:00',23,44,20,119,1378,0.039),
    (159,10,'2018-04-22 3:30:00',38,64,29,41,1353,0.034),
    (160,10,'2018-04-22 3:40:00',43,46,18,31,1374,0.092),
    (161,9,'2018-04-22 3:50:00',43,32,10,71,1322,0.058),
    (162,15,'2018-04-22 4:00:00',32,34,27,128,1364,0.042),
    (163,1,'2018-04-22 4:10:00',32,45,19,296,1391,0.052),
    (164,3,'2018-04-22 4:20:00',48,44,11,344,1384,0.035),
    (165,11,'2018-04-22 4:30:00',25,77,13,39,1378,0.069),
    (166,14,'2018-04-22 4:40:00',34,62,8,340,1323,0.029),
    (167,7,'2018-04-22 4:50:00',33,30,24,26,1387,0.067),
    (168,5,'2018-04-22 5:00:00',49,42,20,129,1348,0.091),
    (169,3,'2018-04-22 5:10:00',26,63,24,214,1342,0.047),
    (170,7,'2018-04-22 5:20:00',35,67,13,132,1384,0.08),
    (171,1,'2018-04-22 5:30:00',42,46,7,110,1329,0.085),
    (172,11,'2018-04-22 5:40:00',28,31,27,235,1344,0.055),
    (173,3,'2018-04-22 5:50:00',49,59,12,258,1368,0.06),
    (174,11,'2018-04-22 6:00:00',43,39,16,224,1396,0.064),
    (175,4,'2018-04-22 6:10:00',33,69,21,86,1372,0.028),
    (176,15,'2018-04-22 6:20:00',39,61,9,251,1342,0.037),
    (177,1,'2018-04-22 6:30:00',45,34,17,194,1347,0.038),
    (178,6,'2018-04-22 6:40:00',22,63,29,162,1341,0.068),
    (179,1,'2018-04-22 6:50:00',42,72,28,156,1351,0.069),
    (180,10,'2018-04-22 7:00:00',38,47,17,164,1323,0.037),
    (181,7,'2018-04-22 7:10:00',38,43,14,116,1321,0.089),
    (182,12,'2018-04-22 7:20:00',21,76,15,227,1359,0.093),
    (183,6,'2018-04-22 7:30:00',45,53,25,345,1403,0.057),
    (184,13,'2018-04-22 7:40:00',41,40,30,245,1323,0.088),
    (185,8,'2018-04-22 7:50:00',35,66,18,310,1348,0.1),
    (186,13,'2018-04-22 8:00:00',24,56,15,299,1385,0.049),
    (187,6,'2018-04-22 8:10:00',35,67,23,190,1349,0.08),
    (188,1,'2018-04-22 8:20:00',22,33,27,346,1392,0.085),
    (189,1,'2018-04-22 8:30:00',32,48,22,196,1387,0.034),
    (190,9,'2018-04-22 8:40:00',26,32,28,57,1377,0.092),
    (191,1,'2018-04-22 8:50:00',30,46,24,263,1344,0.088),
    (192,10,'2018-04-22 9:00:00',41,55,25,294,1340,0.083),
    (193,7,'2018-04-22 9:10:00',46,75,19,323,1409,0.035),
    (194,3,'2018-04-22 9:20:00',48,31,26,239,1408,0.088),
    (195,2,'2018-04-22 9:30:00',30,47,11,239,1333,0.074),
    (196,9,'2018-04-22 9:40:00',28,44,27,325,1362,0.091),
    (197,11,'2018-04-22 9:50:00',43,76,9,153,1326,0.099),
    (198,13,'2018-04-22 10:00:00',31,68,24,125,1371,0.053),
    (199,14,'2018-04-22 10:10:00',28,78,14,256,1383,0.059),
    (200,4,'2018-04-22 10:20:00',46,74,10,214,1321,0.051),
    (201,2,'2018-04-22 10:30:00',34,37,11,197,1398,0.065),
    (202,2,'2018-04-22 10:40:00',44,56,13,99,1341,0.03),
    (203,14,'2018-04-22 10:50:00',33,76,29,343,1351,0.073),
    (204,11,'2018-04-22 11:00:00',23,53,6,23,1348,0.068),
    (205,11,'2018-04-22 11:10:00',29,73,18,217,1404,0.082),
    (206,13,'2018-04-22 11:20:00',40,42,6,185,1371,0.074),
    (207,14,'2018-04-22 11:30:00',45,47,19,45,1349,0.086),
    (208,4,'2018-04-22 11:40:00',36,76,15,60,1377,0.088),
    (209,1,'2018-04-22 11:50:00',46,48,15,262,1354,0.067),
    (210,14,'2018-04-22 12:00:00',30,67,18,209,1335,0.025),
    (211,15,'2018-04-22 12:10:00',22,38,27,337,1344,0.099),
    (212,13,'2018-04-22 12:20:00',41,39,21,290,1349,0.053),
    (213,12,'2018-04-22 12:30:00',44,75,30,286,1338,0.037),
    (214,5,'2018-04-22 12:40:00',31,56,10,16,1366,0.043),
    (215,1,'2018-04-22 12:50:00',38,51,19,174,1364,0.064),
    (216,10,'2018-04-22 13:00:00',48,70,13,218,1380,0.034),
    (217,9,'2018-04-22 13:10:00',26,75,7,304,1367,0.057),
    (218,13,'2018-04-22 13:20:00',36,62,28,266,1362,0.05),
    (219,14,'2018-04-22 13:30:00',43,60,11,295,1344,0.055),
    (220,3,'2018-04-22 13:40:00',40,73,19,217,1347,0.029),
    (221,2,'2018-04-22 13:50:00',41,79,26,111,1373,0.043),
    (222,13,'2018-04-22 14:00:00',23,53,9,157,1321,0.09),
    (223,14,'2018-04-22 14:10:00',25,72,27,268,1327,0.042),
    (224,13,'2018-04-22 14:20:00',38,44,19,233,1376,0.082),
    (225,3,'2018-04-22 14:30:00',47,37,15,105,1324,0.08),
    (226,14,'2018-04-22 14:40:00',37,42,26,319,1407,0.054),
    (227,12,'2018-04-22 14:50:00',27,36,21,153,1347,0.076),
    (228,3,'2018-04-22 15:00:00',47,72,26,243,1351,0.09),
    (229,6,'2018-04-22 15:10:00',43,63,9,327,1402,0.046),
    (230,11,'2018-04-22 15:20:00',48,74,21,17,1328,0.03),
    (231,9,'2018-04-22 15:30:00',40,32,26,305,1369,0.027),
    (232,7,'2018-04-22 15:40:00',23,57,20,258,1334,0.086),
    (233,15,'2018-04-22 15:50:00',39,44,25,269,1348,0.097),
    (234,13,'2018-04-22 16:00:00',33,44,11,99,1330,0.071),
    (235,9,'2018-04-22 16:10:00',47,76,18,260,1405,0.09),
    (236,10,'2018-04-22 16:20:00',37,40,26,180,1356,0.072),
    (237,5,'2018-04-22 16:30:00',48,53,22,59,1333,0.031),
    (238,8,'2018-04-22 16:40:00',44,50,18,339,1355,0.036),
    (239,11,'2018-04-22 16:50:00',26,73,22,27,1369,0.084),
    (240,2,'2018-04-22 17:00:00',31,40,19,166,1369,0.079),
    (241,9,'2018-04-22 17:10:00',49,72,10,319,1375,0.047),
    (242,6,'2018-04-22 17:20:00',23,73,6,339,1378,0.05),
    (243,6,'2018-04-22 17:30:00',46,38,23,188,1329,0.099),
    (244,9,'2018-04-22 17:40:00',37,66,23,295,1327,0.089),
    (245,3,'2018-04-22 17:50:00',47,47,28,229,1324,0.056),
    (246,10,'2018-04-22 18:00:00',24,41,9,249,1412,0.033),
    (247,9,'2018-04-22 18:10:00',22,44,25,19,1403,0.039),
    (248,2,'2018-04-22 18:20:00',26,78,8,313,1396,0.065),
    (249,3,'2018-04-22 18:30:00',35,32,15,199,1408,0.088),
    (250,1,'2018-04-22 18:40:00',22,57,28,197,1323,0.026);
INSERT INTO Weather_Readings VALUES
    (251,6,'2018-04-22 18:50:00',40,31,26,300,1398,0.096),
    (252,7,'2018-04-22 19:00:00',47,39,23,89,1393,0.049),
    (253,13,'2018-04-22 19:10:00',43,41,22,200,1338,0.054),
    (254,8,'2018-04-22 19:20:00',26,67,19,282,1366,0.079),
    (255,1,'2018-04-22 19:30:00',46,75,30,75,1345,0.052),
    (256,4,'2018-04-22 19:40:00',45,45,18,220,1402,0.048),
    (257,15,'2018-04-22 19:50:00',33,42,9,241,1396,0.089),
    (258,4,'2018-04-22 20:00:00',34,66,10,68,1374,0.056),
    (259,11,'2018-04-22 20:10:00',47,73,25,323,1392,0.059),
    (260,7,'2018-04-22 20:20:00',31,71,15,122,1355,0.049),
    (261,14,'2018-04-22 20:30:00',34,58,17,219,1323,0.079),
    (262,7,'2018-04-22 20:40:00',34,74,13,147,1397,0.091),
    (263,6,'2018-04-22 20:50:00',50,58,7,340,1377,0.088),
    (264,10,'2018-04-22 21:00:00',35,69,7,101,1383,0.026),
    (265,7,'2018-04-22 21:10:00',44,63,6,214,1395,0.081),
    (266,13,'2018-04-22 21:20:00',49,71,24,24,1363,0.042),
    (267,15,'2018-04-22 21:30:00',20,61,7,313,1387,0.067),
    (268,11,'2018-04-22 21:40:00',20,45,7,175,1342,0.096),
    (269,15,'2018-04-22 21:50:00',49,36,12,279,1328,0.065),
    (270,1,'2018-04-22 22:00:00',38,35,21,49,1394,0.065),
    (271,2,'2018-04-22 22:10:00',38,64,29,258,1403,0.073),
    (272,9,'2018-04-22 22:20:00',38,64,25,24,1403,0.058),
    (273,4,'2018-04-22 22:30:00',24,77,29,254,1338,0.088),
    (274,11,'2018-04-22 22:40:00',41,72,12,294,1354,0.063),
    (275,14,'2018-04-22 22:50:00',31,32,6,164,1373,0.065),
    (276,15,'2018-04-22 23:00:00',32,39,26,327,1411,0.088),
    (277,6,'2018-04-22 23:10:00',38,43,6,135,1385,0.048),
    (278,8,'2018-04-22 23:20:00',31,36,27,81,1408,0.061),
    (279,13,'2018-04-22 23:30:00',22,77,8,175,1389,0.066),
    (280,13,'2018-04-22 23:40:00',34,57,17,148,1346,0.057),
    (281,7,'2018-04-22 23:50:00',26,33,22,330,1405,0.08),
    (282,7,'2018-04-23 1037112:00:00',25,71,13,174,1354,0.094),
    (283,8,'2018-04-23 1037112:10:00',46,32,14,63,1404,0.054),
    (284,11,'2018-04-23 1037112:20:00',47,45,12,27,1393,0.098),
    (285,13,'2018-04-23 1037112:30:00',36,52,21,264,1341,0.09),
    (286,4,'2018-04-23 1037112:40:00',26,38,10,275,1392,0.033),
    (287,1,'2018-04-23 1037112:50:00',40,44,18,126,1338,0.074),
    (288,12,'2018-04-23 1037113:00:00',30,38,15,155,1372,0.082),
    (289,12,'2018-04-23 1:10:00',23,65,21,284,1364,0.078),
    (290,3,'2018-04-23 1:20:00',49,45,19,142,1357,0.046),
    (291,6,'2018-04-23 1:30:00',36,79,19,60,1403,0.05),
    (292,9,'2018-04-23 1:40:00',40,56,25,226,1413,0.035),
    (293,8,'2018-04-23 1:50:00',32,68,14,23,1330,0.048),
    (294,12,'2018-04-23 2:00:00',31,52,18,56,1352,0.086),
    (295,4,'2018-04-23 2:10:00',24,78,25,322,1406,0.078),
    (296,13,'2018-04-23 2:20:00',45,43,16,40,1397,0.092),
    (297,5,'2018-04-23 2:30:00',48,76,9,165,1331,0.047),
    (298,5,'2018-04-23 2:40:00',21,39,28,214,1375,0.066),
    (299,5,'2018-04-23 2:50:00',48,65,15,145,1407,0.097),
    (300,12,'2018-04-23 3:00:00',33,53,8,115,1328,0.071),
    (301,9,'2018-04-23 3:10:00',42,38,20,179,1367,0.093),
    (302,5,'2018-04-23 3:20:00',49,65,22,314,1405,0.084),
    (303,8,'2018-04-23 3:30:00',41,51,9,65,1340,0.068),
    (304,15,'2018-04-23 3:40:00',48,57,20,154,1372,0.051),
    (305,14,'2018-04-23 3:50:00',27,54,26,242,1358,0.027),
    (306,15,'2018-04-23 4:00:00',34,61,12,186,1361,0.082),
    (307,13,'2018-04-23 4:10:00',42,75,8,126,1324,0.09),
    (308,2,'2018-04-23 4:20:00',38,49,12,56,1403,0.076),
    (309,15,'2018-04-23 4:30:00',49,53,10,238,1412,0.053),
    (310,9,'2018-04-23 4:40:00',28,58,28,156,1333,0.052),
    (311,8,'2018-04-23 4:50:00',46,36,14,195,1368,0.039),
    (312,8,'2018-04-23 5:00:00',20,53,15,184,1396,0.089),
    (313,10,'2018-04-23 5:10:00',33,76,15,232,1405,0.079),
    (314,3,'2018-04-23 5:20:00',32,53,19,337,1413,0.098),
    (315,15,'2018-04-23 5:30:00',20,33,27,144,1328,0.083),
    (316,6,'2018-04-23 5:40:00',25,54,15,119,1370,0.074),
    (317,5,'2018-04-23 5:50:00',34,35,12,176,1338,0.035),
    (318,7,'2018-04-23 6:00:00',46,76,23,318,1324,0.074),
    (319,9,'2018-04-23 6:10:00',50,44,19,222,1411,0.045),
    (320,8,'2018-04-23 6:20:00',34,45,25,346,1342,0.067),
    (321,11,'2018-04-23 6:30:00',34,64,23,306,1324,0.041),
    (322,1,'2018-04-23 6:40:00',37,50,23,212,1402,0.033),
    (323,10,'2018-04-23 6:50:00',25,80,27,22,1385,0.081),
    (324,2,'2018-04-23 7:00:00',25,52,15,129,1402,0.026),
    (325,11,'2018-04-23 7:10:00',27,50,28,339,1357,0.05),
    (326,5,'2018-04-23 7:20:00',40,50,29,160,1387,0.097),
    (327,13,'2018-04-23 7:30:00',43,65,8,121,1334,0.026),
    (328,7,'2018-04-23 7:40:00',29,43,22,295,1336,0.036),
    (329,5,'2018-04-23 7:50:00',41,70,11,73,1341,0.054),
    (330,15,'2018-04-23 8:00:00',24,73,22,112,1389,0.031),
    (331,2,'2018-04-23 8:10:00',23,59,11,23,1329,0.051),
    (332,9,'2018-04-23 8:20:00',36,75,19,50,1401,0.054),
    (333,1,'2018-04-23 8:30:00',28,67,30,206,1380,0.078),
    (334,6,'2018-04-23 8:40:00',45,37,30,186,1340,0.053),
    (335,7,'2018-04-23 8:50:00',29,32,12,290,1395,0.026),
    (336,15,'2018-04-23 9:00:00',36,38,12,213,1389,0.029),
    (337,9,'2018-04-23 9:10:00',48,36,9,88,1386,0.09),
    (338,14,'2018-04-23 9:20:00',49,30,19,237,1329,0.029),
    (339,11,'2018-04-23 9:30:00',46,64,22,153,1342,0.025),
    (340,15,'2018-04-23 9:40:00',33,47,11,196,1324,0.09),
    (341,5,'2018-04-23 9:50:00',37,56,12,113,1394,0.088),
    (342,1,'2018-04-23 10:00:00',43,72,29,185,1362,0.028),
    (343,2,'2018-04-23 10:10:00',49,39,9,303,1367,0.088),
    (344,11,'2018-04-23 10:20:00',29,47,22,242,1388,0.086),
    (345,15,'2018-04-23 10:30:00',24,69,29,120,1327,0.053),
    (346,4,'2018-04-23 10:40:00',26,51,29,103,1334,0.031),
    (347,10,'2018-04-23 10:50:00',21,66,30,60,1372,0.052),
    (348,4,'2018-04-23 11:00:00',30,64,7,34,1355,0.099),
    (349,10,'2018-04-23 11:10:00',41,47,12,116,1387,0.083),
    (350,11,'2018-04-23 11:20:00',20,34,7,199,1338,0.066),
    (351,7,'2018-04-23 11:30:00',37,32,11,116,1357,0.083),
    (352,4,'2018-04-23 11:40:00',48,32,14,133,1409,0.053),
    (353,2,'2018-04-23 11:50:00',46,55,16,188,1387,0.066),
    (354,7,'2018-04-23 12:00:00',36,69,23,80,1377,0.047),
    (355,3,'2018-04-23 12:10:00',31,65,8,47,1396,0.063),
    (356,5,'2018-04-23 12:20:00',47,31,8,163,1393,0.065),
    (357,14,'2018-04-23 12:30:00',40,73,7,87,1337,0.074),
    (358,8,'2018-04-23 12:40:00',20,64,19,131,1346,0.096),
    (359,4,'2018-04-23 12:50:00',49,77,10,312,1408,0.028),
    (360,12,'2018-04-23 13:00:00',32,32,17,92,1391,0.096),
    (361,1,'2018-04-23 13:10:00',41,59,23,36,1351,0.025),
    (362,15,'2018-04-23 13:20:00',28,41,12,272,1330,0.067),
    (363,7,'2018-04-23 13:30:00',39,36,25,144,1390,0.066),
    (364,6,'2018-04-23 13:40:00',27,78,28,298,1362,0.083),
    (365,4,'2018-04-23 13:50:00',32,68,29,261,1329,0.091),
    (366,1,'2018-04-23 14:00:00',25,37,18,30,1385,0.055),
    (367,4,'2018-04-23 14:10:00',30,79,30,295,1383,0.038),
    (368,3,'2018-04-23 14:20:00',30,52,10,294,1338,0.065),
    (369,8,'2018-04-23 14:30:00',26,36,16,308,1370,0.083),
    (370,4,'2018-04-23 14:40:00',27,71,29,192,1393,0.091),
    (371,8,'2018-04-23 14:50:00',26,69,9,37,1358,0.032),
    (372,11,'2018-04-23 15:00:00',30,59,13,235,1357,0.095),
    (373,9,'2018-04-23 15:10:00',50,48,19,337,1334,0.044),
    (374,6,'2018-04-23 15:20:00',50,68,12,120,1385,0.028),
    (375,4,'2018-04-23 15:30:00',27,72,25,42,1364,0.079),
    (376,2,'2018-04-23 15:40:00',50,33,18,125,1375,0.097),
    (377,8,'2018-04-23 15:50:00',42,66,6,233,1332,0.067),
    (378,12,'2018-04-23 16:00:00',23,52,26,303,1394,0.042),
    (379,11,'2018-04-23 16:10:00',39,44,15,162,1356,0.052),
    (380,11,'2018-04-23 16:20:00',22,30,11,69,1397,0.095),
    (381,9,'2018-04-23 16:30:00',50,44,22,187,1325,0.033),
    (382,3,'2018-04-23 16:40:00',34,47,23,315,1322,0.045),
    (383,11,'2018-04-23 16:50:00',45,79,30,182,1410,0.083),
    (384,4,'2018-04-23 17:00:00',46,43,7,123,1350,0.04),
    (385,10,'2018-04-23 17:10:00',21,59,9,294,1341,0.041),
    (386,5,'2018-04-23 17:20:00',29,61,25,67,1326,0.045),
    (387,15,'2018-04-23 17:30:00',36,71,29,32,1402,0.06),
    (388,6,'2018-04-23 17:40:00',45,62,12,76,1370,0.073),
    (389,15,'2018-04-23 17:50:00',30,35,29,89,1331,0.089),
    (390,9,'2018-04-23 18:00:00',21,43,14,69,1391,0.028),
    (391,3,'2018-04-23 18:10:00',38,41,26,61,1336,0.039),
    (392,9,'2018-04-23 18:20:00',47,43,23,56,1343,0.06),
    (393,10,'2018-04-23 18:30:00',46,61,7,195,1382,0.073),
    (394,9,'2018-04-23 18:40:00',40,72,8,278,1339,0.026),
    (395,10,'2018-04-23 18:50:00',38,76,30,189,1394,0.036),
    (396,3,'2018-04-23 19:00:00',45,44,20,37,1389,0.057),
    (397,9,'2018-04-23 19:10:00',31,52,21,146,1378,0.099),
    (398,9,'2018-04-23 19:20:00',26,30,14,73,1366,0.038),
    (399,13,'2018-04-23 19:30:00',27,57,9,161,1351,0.045),
    (400,4,'2018-04-23 19:40:00',39,32,14,144,1409,0.084),
    (401,9,'2018-04-23 19:50:00',30,59,14,230,1364,0.072),
    (402,13,'2018-04-23 20:00:00',31,53,6,239,1408,0.081),
    (403,11,'2018-04-23 20:10:00',30,35,23,114,1387,0.052),
    (404,1,'2018-04-23 20:20:00',29,30,18,288,1389,0.034),
    (405,6,'2018-04-23 20:30:00',40,68,16,57,1342,0.09),
    (406,4,'2018-04-23 20:40:00',39,73,17,70,1341,0.098),
    (407,15,'2018-04-23 20:50:00',31,71,10,136,1370,0.078),
    (408,13,'2018-04-23 21:00:00',49,77,7,248,1330,0.086),
    (409,8,'2018-04-23 21:10:00',43,44,28,335,1351,0.073),
    (410,14,'2018-04-23 21:20:00',23,59,29,145,1350,0.062),
    (411,13,'2018-04-23 21:30:00',32,71,25,197,1329,0.085),
    (412,9,'2018-04-23 21:40:00',46,54,16,291,1343,0.084),
    (413,1,'2018-04-23 21:50:00',20,78,14,335,1346,0.084),
    (414,12,'2018-04-23 22:00:00',43,68,27,328,1347,0.035),
    (415,4,'2018-04-23 22:10:00',22,53,16,271,1407,0.051),
    (416,11,'2018-04-23 22:20:00',44,59,12,144,1413,0.09),
    (417,2,'2018-04-23 22:30:00',29,74,10,109,1412,0.032),
    (418,4,'2018-04-23 22:40:00',20,58,19,181,1355,0.029),
    (419,11,'2018-04-23 22:50:00',32,79,20,28,1352,0.087),
    (420,14,'2018-04-23 23:00:00',28,58,28,318,1370,0.03),
    (421,12,'2018-04-23 23:10:00',28,38,24,274,1330,0.05),
    (422,5,'2018-04-23 23:20:00',49,36,26,17,1386,0.073),
    (423,14,'2018-04-23 23:30:00',40,56,23,215,1357,0.072),
    (424,6,'2018-04-23 23:40:00',37,38,19,289,1377,0.025),
    (425,8,'2018-04-23 23:50:00',21,45,28,332,1340,0.032),
    (426,14,'2018-04-24 1037136:00:00',46,70,10,273,1404,0.056),
    (427,13,'2018-04-24 1037136:10:00',28,52,25,28,1341,0.031),
    (428,11,'2018-04-24 1037136:20:00',49,72,14,241,1322,0.076),
    (429,13,'2018-04-24 1037136:30:00',48,32,15,20,1329,0.098),
    (430,11,'2018-04-24 1037136:40:00',26,80,21,94,1358,0.026),
    (431,8,'2018-04-24 1037136:50:00',46,30,17,183,1378,0.098),
    (432,8,'2018-04-24 1037137:00:00',33,66,16,93,1324,0.072),
    (433,11,'2018-04-24 1:10:00',42,70,17,175,1382,0.052),
    (434,7,'2018-04-24 1:20:00',28,30,25,28,1361,0.044),
    (435,13,'2018-04-24 1:30:00',50,75,29,250,1342,0.064),
    (436,10,'2018-04-24 1:40:00',30,59,18,51,1410,0.092),
    (437,5,'2018-04-24 1:50:00',21,77,26,26,1349,0.05),
    (438,9,'2018-04-24 2:00:00',28,76,28,240,1409,0.047),
    (439,3,'2018-04-24 2:10:00',43,46,8,271,1377,0.078),
    (440,4,'2018-04-24 2:20:00',50,39,13,321,1380,0.093),
    (441,14,'2018-04-24 2:30:00',22,36,21,216,1368,0.091),
    (442,4,'2018-04-24 2:40:00',42,50,22,199,1386,0.094),
    (443,2,'2018-04-24 2:50:00',43,77,6,272,1390,0.064),
    (444,6,'2018-04-24 3:00:00',41,55,25,29,1341,0.061),
    (445,8,'2018-04-24 3:10:00',40,50,10,293,1382,0.096),
    (446,8,'2018-04-24 3:20:00',23,44,17,203,1332,0.029),
    (447,14,'2018-04-24 3:30:00',46,57,18,194,1370,0.098),
    (448,8,'2018-04-24 3:40:00',29,59,24,134,1328,0.033),
    (449,13,'2018-04-24 3:50:00',30,31,10,294,1397,0.053),
    (450,5,'2018-04-24 4:00:00',44,67,25,24,1336,0.036),
    (451,8,'2018-04-24 4:10:00',48,34,27,271,1393,0.048),
    (452,2,'2018-04-24 4:20:00',39,30,20,290,1350,0.075),
    (453,8,'2018-04-24 4:30:00',21,62,12,140,1337,0.047),
    (454,13,'2018-04-24 4:40:00',48,74,18,131,1338,0.031),
    (455,3,'2018-04-24 4:50:00',47,76,16,88,1323,0.083),
    (456,8,'2018-04-24 5:00:00',49,36,20,157,1345,0.075),
    (457,1,'2018-04-24 5:10:00',32,76,24,181,1324,0.05),
    (458,4,'2018-04-24 5:20:00',47,63,23,287,1408,0.047),
    (459,9,'2018-04-24 5:30:00',40,52,12,290,1333,0.068),
    (460,7,'2018-04-24 5:40:00',42,42,18,242,1341,0.093),
    (461,4,'2018-04-24 5:50:00',31,63,22,301,1386,0.035),
    (462,8,'2018-04-24 6:00:00',20,33,8,135,1321,0.063),
    (463,5,'2018-04-24 6:10:00',33,63,16,348,1381,0.081),
    (464,7,'2018-04-24 6:20:00',40,51,26,346,1397,0.068),
    (465,1,'2018-04-24 6:30:00',21,34,9,287,1355,0.056),
    (466,9,'2018-04-24 6:40:00',42,48,22,245,1372,0.028),
    (467,10,'2018-04-24 6:50:00',36,57,8,284,1342,0.062),
    (468,1,'2018-04-24 7:00:00',45,61,18,211,1365,0.07),
    (469,10,'2018-04-24 7:10:00',36,69,18,282,1398,0.078),
    (470,1,'2018-04-24 7:20:00',43,49,15,237,1376,0.075),
    (471,13,'2018-04-24 7:30:00',49,47,9,100,1396,0.073),
    (472,6,'2018-04-24 7:40:00',25,62,13,41,1334,0.027),
    (473,4,'2018-04-24 7:50:00',49,30,17,50,1389,0.063),
    (474,1,'2018-04-24 8:00:00',43,55,14,156,1350,0.088),
    (475,5,'2018-04-24 8:10:00',20,39,10,66,1377,0.059),
    (476,9,'2018-04-24 8:20:00',30,31,7,147,1351,0.063),
    (477,1,'2018-04-24 8:30:00',46,50,28,80,1391,0.087),
    (478,7,'2018-04-24 8:40:00',47,63,25,270,1338,0.094),
    (479,15,'2018-04-24 8:50:00',36,70,22,329,1372,0.085),
    (480,9,'2018-04-24 9:00:00',28,64,23,27,1341,0.042),
    (481,2,'2018-04-24 9:10:00',29,47,19,212,1362,0.083),
    (482,6,'2018-04-24 9:20:00',32,77,25,340,1357,0.034),
    (483,10,'2018-04-24 9:30:00',44,33,7,165,1394,0.068),
    (484,10,'2018-04-24 9:40:00',44,38,14,103,1330,0.084),
    (485,9,'2018-04-24 9:50:00',35,48,23,17,1386,0.043),
    (486,4,'2018-04-24 10:00:00',48,64,10,150,1369,0.028),
    (487,2,'2018-04-24 10:10:00',47,47,9,338,1334,0.075),
    (488,13,'2018-04-24 10:20:00',48,47,19,175,1334,0.085),
    (489,15,'2018-04-24 10:30:00',41,55,21,126,1411,0.046),
    (490,7,'2018-04-24 10:40:00',32,65,29,287,1390,0.058),
    (491,3,'2018-04-24 10:50:00',50,49,9,94,1339,0.077),
    (492,15,'2018-04-24 11:00:00',43,36,7,114,1392,0.072),
    (493,4,'2018-04-24 11:10:00',44,38,24,121,1337,0.056),
    (494,10,'2018-04-24 11:20:00',38,57,10,80,1334,0.068),
    (495,5,'2018-04-24 11:30:00',28,79,8,180,1390,0.03),
    (496,1,'2018-04-24 11:40:00',26,72,6,275,1352,0.067),
    (497,13,'2018-04-24 11:50:00',37,56,18,341,1327,0.093),
    (498,7,'2018-04-24 12:00:00',25,33,30,288,1407,0.059),
    (499,12,'2018-04-24 12:10:00',44,43,29,99,1398,0.058),
    (500,1,'2018-04-24 12:20:00',42,68,12,113,1367,0.035);
INSERT INTO Weather_Readings VALUES
    (501,6,'2018-04-24 12:30:00',29,37,14,161,1366,0.041),
    (502,7,'2018-04-24 12:40:00',40,45,7,281,1381,0.074),
    (503,4,'2018-04-24 12:50:00',32,44,9,258,1408,0.027),
    (504,9,'2018-04-24 13:00:00',35,32,18,152,1363,0.069),
    (505,13,'2018-04-24 13:10:00',27,75,13,180,1369,0.049),
    (506,4,'2018-04-24 13:20:00',20,51,26,234,1350,0.037),
    (507,6,'2018-04-24 13:30:00',34,36,9,283,1353,0.037),
    (508,7,'2018-04-24 13:40:00',37,78,25,217,1368,0.095),
    (509,13,'2018-04-24 13:50:00',24,46,20,220,1368,0.042),
    (510,11,'2018-04-24 14:00:00',20,58,20,11,1343,0.031),
    (511,11,'2018-04-24 14:10:00',36,43,28,131,1410,0.069),
    (512,8,'2018-04-24 14:20:00',25,33,28,116,1385,0.058),
    (513,12,'2018-04-24 14:30:00',41,39,22,45,1330,0.071),
    (514,15,'2018-04-24 14:40:00',23,79,7,28,1326,0.054),
    (515,11,'2018-04-24 14:50:00',32,57,12,339,1325,0.054),
    (516,2,'2018-04-24 15:00:00',43,52,23,171,1376,0.058),
    (517,7,'2018-04-24 15:10:00',21,39,25,68,1412,0.037),
    (518,10,'2018-04-24 15:20:00',37,49,20,123,1333,0.027),
    (519,10,'2018-04-24 15:30:00',37,49,21,129,1381,0.032),
    (520,5,'2018-04-24 15:40:00',46,74,19,277,1387,0.06),
    (521,3,'2018-04-24 15:50:00',30,47,20,320,1344,0.071),
    (522,9,'2018-04-24 16:00:00',22,70,6,24,1381,0.065),
    (523,13,'2018-04-24 16:10:00',36,33,7,40,1335,0.075),
    (524,6,'2018-04-24 16:20:00',21,63,19,329,1334,0.056),
    (525,7,'2018-04-24 16:30:00',22,60,27,32,1406,0.078),
    (526,6,'2018-04-24 16:40:00',33,57,15,46,1367,0.038),
    (527,13,'2018-04-24 16:50:00',25,46,11,114,1411,0.037),
    (528,10,'2018-04-24 17:00:00',26,48,10,128,1370,0.065),
    (529,10,'2018-04-24 17:10:00',37,78,7,216,1375,0.05),
    (530,7,'2018-04-24 17:20:00',23,54,15,345,1340,0.032),
    (531,8,'2018-04-24 17:30:00',36,43,26,180,1413,0.031),
    (532,10,'2018-04-24 17:40:00',27,30,20,287,1360,0.06),
    (533,15,'2018-04-24 17:50:00',39,62,14,17,1351,0.03),
    (534,10,'2018-04-24 18:00:00',41,34,23,306,1411,0.066),
    (535,15,'2018-04-24 18:10:00',38,45,30,220,1405,0.091),
    (536,12,'2018-04-24 18:20:00',28,74,7,261,1347,0.057),
    (537,13,'2018-04-24 18:30:00',40,72,17,254,1379,0.026),
    (538,13,'2018-04-24 18:40:00',28,51,16,203,1373,0.078),
    (539,11,'2018-04-24 18:50:00',30,32,22,228,1401,0.084),
    (540,8,'2018-04-24 19:00:00',45,58,9,189,1368,0.029),
    (541,10,'2018-04-24 19:10:00',29,72,29,21,1394,0.032),
    (542,5,'2018-04-24 19:20:00',31,75,27,34,1409,0.062),
    (543,7,'2018-04-24 19:30:00',46,36,27,260,1345,0.065),
    (544,7,'2018-04-24 19:40:00',26,57,14,188,1390,0.065),
    (545,14,'2018-04-24 19:50:00',24,41,10,47,1363,0.038),
    (546,2,'2018-04-24 20:00:00',29,66,23,54,1369,0.08),
    (547,12,'2018-04-24 20:10:00',28,31,26,78,1374,0.032),
    (548,5,'2018-04-24 20:20:00',25,55,23,264,1388,0.071),
    (549,10,'2018-04-24 20:30:00',29,54,17,106,1411,0.057),
    (550,7,'2018-04-24 20:40:00',28,51,10,108,1391,0.041),
    (551,14,'2018-04-24 20:50:00',45,50,20,193,1362,0.094),
    (552,6,'2018-04-24 21:00:00',41,32,24,245,1372,0.061),
    (553,4,'2018-04-24 21:10:00',30,58,20,307,1352,0.06),
    (554,12,'2018-04-24 21:20:00',22,31,29,327,1331,0.027),
    (555,2,'2018-04-24 21:30:00',35,67,7,191,1376,0.083),
    (556,8,'2018-04-24 21:40:00',38,57,27,97,1350,0.054),
    (557,5,'2018-04-24 21:50:00',21,62,21,63,1338,0.057),
    (558,13,'2018-04-24 22:00:00',23,80,30,37,1321,0.098),
    (559,4,'2018-04-24 22:10:00',30,56,29,316,1344,0.046),
    (560,7,'2018-04-24 22:20:00',43,31,21,63,1335,0.075),
    (561,8,'2018-04-24 22:30:00',35,62,29,61,1374,0.045),
    (562,4,'2018-04-24 22:40:00',37,43,26,223,1371,0.047),
    (563,15,'2018-04-24 22:50:00',44,63,22,266,1379,0.06),
    (564,10,'2018-04-24 23:00:00',36,32,28,93,1410,0.061),
    (565,11,'2018-04-24 23:10:00',39,61,16,129,1321,0.095),
    (566,14,'2018-04-24 23:20:00',40,69,8,220,1321,0.088),
    (567,14,'2018-04-24 23:30:00',44,41,20,109,1355,0.035),
    (568,10,'2018-04-24 23:40:00',24,74,7,123,1370,0.067),
    (569,15,'2018-04-24 23:50:00',26,34,21,122,1355,0.033),
    (570,4,'2018-04-25 1037160:00:00',24,69,29,247,1336,0.055),
    (571,14,'2018-04-25 1037160:10:00',36,42,14,203,1373,0.054),
    (572,12,'2018-04-25 1037160:20:00',47,47,20,230,1335,0.078),
    (573,6,'2018-04-25 1037160:30:00',38,49,22,11,1382,0.032),
    (574,11,'2018-04-25 1037160:40:00',33,65,11,146,1406,0.076),
    (575,15,'2018-04-25 1037160:50:00',48,65,20,139,1366,0.032),
    (576,14,'2018-04-25 1037161:00:00',45,50,15,347,1367,0.062),
    (577,4,'2018-04-25 1:10:00',32,64,20,130,1359,0.055),
    (578,14,'2018-04-25 1:20:00',48,60,19,329,1378,0.092),
    (579,7,'2018-04-25 1:30:00',23,69,7,82,1335,0.077),
    (580,12,'2018-04-25 1:40:00',43,60,30,178,1361,0.053),
    (581,11,'2018-04-25 1:50:00',33,55,18,328,1359,0.069),
    (582,15,'2018-04-25 2:00:00',40,35,15,135,1328,0.05),
    (583,2,'2018-04-25 2:10:00',25,66,9,296,1408,0.064),
    (584,14,'2018-04-25 2:20:00',48,73,6,241,1380,0.078),
    (585,5,'2018-04-25 2:30:00',32,70,13,302,1361,0.056),
    (586,4,'2018-04-25 2:40:00',27,54,12,34,1324,0.031),
    (587,4,'2018-04-25 2:50:00',40,54,25,132,1348,0.094),
    (588,13,'2018-04-25 3:00:00',49,54,14,284,1325,0.049),
    (589,4,'2018-04-25 3:10:00',27,47,14,328,1370,0.062),
    (590,6,'2018-04-25 3:20:00',37,55,24,146,1368,0.04),
    (591,11,'2018-04-25 3:30:00',47,57,13,115,1365,0.066),
    (592,11,'2018-04-25 3:40:00',25,42,27,15,1367,0.057),
    (593,11,'2018-04-25 3:50:00',24,38,12,334,1385,0.084),
    (594,4,'2018-04-25 4:00:00',42,39,6,293,1413,0.037),
    (595,6,'2018-04-25 4:10:00',29,70,17,48,1355,0.094),
    (596,15,'2018-04-25 4:20:00',24,51,28,284,1332,0.097),
    (597,6,'2018-04-25 4:30:00',29,79,11,18,1370,0.028),
    (598,13,'2018-04-25 4:40:00',22,50,25,303,1393,0.086),
    (599,8,'2018-04-25 4:50:00',33,50,23,134,1383,0.07),
    (600,12,'2018-04-25 5:00:00',44,55,9,276,1368,0.037),
    (601,1,'2018-04-25 5:10:00',39,50,7,32,1396,0.085),
    (602,8,'2018-04-25 5:20:00',44,49,24,86,1381,0.064),
    (603,7,'2018-04-25 5:30:00',49,41,20,56,1370,0.079),
    (604,5,'2018-04-25 5:40:00',46,52,21,247,1324,0.076),
    (605,1,'2018-04-25 5:50:00',42,59,15,42,1333,0.043),
    (606,13,'2018-04-25 6:00:00',40,68,24,203,1382,0.082),
    (607,6,'2018-04-25 6:10:00',34,35,13,153,1403,0.07),
    (608,10,'2018-04-25 6:20:00',32,76,23,171,1358,0.096),
    (609,3,'2018-04-25 6:30:00',37,42,24,221,1407,0.078),
    (610,6,'2018-04-25 6:40:00',36,37,29,130,1322,0.063),
    (611,10,'2018-04-25 6:50:00',39,62,14,16,1365,0.099),
    (612,11,'2018-04-25 7:00:00',50,76,9,86,1355,0.094),
    (613,14,'2018-04-25 7:10:00',42,44,15,142,1350,0.083),
    (614,14,'2018-04-25 7:20:00',45,31,19,253,1370,0.078),
    (615,1,'2018-04-25 7:30:00',25,41,28,138,1351,0.068),
    (616,11,'2018-04-25 7:40:00',47,71,10,119,1383,0.074),
    (617,9,'2018-04-25 7:50:00',29,38,26,282,1396,0.042),
    (618,1,'2018-04-25 8:00:00',50,62,14,34,1392,0.094),
    (619,13,'2018-04-25 8:10:00',31,53,12,338,1348,0.031),
    (620,8,'2018-04-25 8:20:00',43,43,25,104,1335,0.049),
    (621,1,'2018-04-25 8:30:00',47,42,8,96,1379,0.074),
    (622,14,'2018-04-25 8:40:00',49,69,30,269,1389,0.072),
    (623,12,'2018-04-25 8:50:00',40,40,24,234,1339,0.04),
    (624,10,'2018-04-25 9:00:00',25,61,21,159,1407,0.076),
    (625,6,'2018-04-25 9:10:00',34,62,25,164,1385,0.032),
    (626,6,'2018-04-25 9:20:00',25,38,11,301,1360,0.097),
    (627,14,'2018-04-25 9:30:00',36,46,28,251,1370,0.03),
    (628,15,'2018-04-25 9:40:00',50,56,17,230,1373,0.05),
    (629,2,'2018-04-25 9:50:00',43,48,14,298,1392,0.098),
    (630,11,'2018-04-25 10:00:00',46,40,23,348,1341,0.068),
    (631,4,'2018-04-25 10:10:00',41,30,22,237,1350,0.06),
    (632,11,'2018-04-25 10:20:00',30,35,11,195,1323,0.073),
    (633,3,'2018-04-25 10:30:00',26,42,12,176,1335,0.06),
    (634,11,'2018-04-25 10:40:00',47,50,14,28,1390,0.06),
    (635,7,'2018-04-25 10:50:00',49,62,18,29,1392,0.061),
    (636,11,'2018-04-25 11:00:00',36,36,29,52,1342,0.065),
    (637,12,'2018-04-25 11:10:00',50,78,25,340,1387,0.078),
    (638,3,'2018-04-25 11:20:00',48,62,14,131,1388,0.035),
    (639,2,'2018-04-25 11:30:00',24,30,16,246,1402,0.079),
    (640,12,'2018-04-25 11:40:00',26,39,22,143,1381,0.096),
    (641,11,'2018-04-25 11:50:00',40,59,27,112,1351,0.098),
    (642,10,'2018-04-25 12:00:00',45,78,14,139,1400,0.052),
    (643,4,'2018-04-25 12:10:00',29,55,22,223,1406,0.09),
    (644,10,'2018-04-25 12:20:00',27,74,11,113,1345,0.028),
    (645,10,'2018-04-25 12:30:00',40,52,25,262,1339,0.029),
    (646,9,'2018-04-25 12:40:00',39,57,25,70,1413,0.032),
    (647,14,'2018-04-25 12:50:00',48,71,18,298,1364,0.08),
    (648,5,'2018-04-25 13:00:00',47,62,21,272,1385,0.082),
    (649,7,'2018-04-25 13:10:00',45,43,12,229,1379,0.058),
    (650,10,'2018-04-25 13:20:00',40,45,11,31,1372,0.068),
    (651,13,'2018-04-25 13:30:00',45,67,9,142,1407,0.059),
    (652,11,'2018-04-25 13:40:00',34,73,10,305,1395,0.097),
    (653,13,'2018-04-25 13:50:00',27,80,9,236,1399,0.046),
    (654,6,'2018-04-25 14:00:00',23,61,24,185,1373,0.057),
    (655,5,'2018-04-25 14:10:00',47,33,26,33,1346,0.045),
    (656,15,'2018-04-25 14:20:00',40,39,28,280,1387,0.051),
    (657,13,'2018-04-25 14:30:00',33,49,14,233,1323,0.047),
    (658,11,'2018-04-25 14:40:00',40,80,11,123,1325,0.092),
    (659,4,'2018-04-25 14:50:00',47,43,22,279,1409,0.081),
    (660,2,'2018-04-25 15:00:00',21,70,18,29,1374,0.072),
    (661,13,'2018-04-25 15:10:00',41,73,17,20,1369,0.046),
    (662,12,'2018-04-25 15:20:00',26,62,13,63,1353,0.081),
    (663,12,'2018-04-25 15:30:00',43,54,10,231,1372,0.083),
    (664,5,'2018-04-25 15:40:00',41,65,9,300,1343,0.056),
    (665,7,'2018-04-25 15:50:00',30,52,16,168,1395,0.035),
    (666,7,'2018-04-25 16:00:00',38,74,7,35,1349,0.066),
    (667,3,'2018-04-25 16:10:00',23,38,23,284,1369,0.072),
    (668,2,'2018-04-25 16:20:00',30,53,29,90,1333,0.083),
    (669,5,'2018-04-25 16:30:00',29,79,28,280,1376,0.089),
    (670,13,'2018-04-25 16:40:00',37,78,9,23,1382,0.074),
    (671,7,'2018-04-25 16:50:00',29,35,28,185,1388,0.034),
    (672,1,'2018-04-25 17:00:00',41,40,26,315,1381,0.043),
    (673,7,'2018-04-25 17:10:00',46,79,14,203,1401,0.082),
    (674,12,'2018-04-25 17:20:00',23,71,23,17,1331,0.063),
    (675,3,'2018-04-25 17:30:00',46,62,20,181,1352,0.093),
    (676,4,'2018-04-25 17:40:00',50,72,10,162,1406,0.058),
    (677,1,'2018-04-25 17:50:00',43,46,18,268,1370,0.09),
    (678,1,'2018-04-25 18:00:00',47,65,22,300,1333,0.062),
    (679,5,'2018-04-25 18:10:00',38,41,20,317,1404,0.083),
    (680,15,'2018-04-25 18:20:00',23,80,17,157,1387,0.07),
    (681,6,'2018-04-25 18:30:00',50,74,11,104,1334,0.093),
    (682,9,'2018-04-25 18:40:00',46,80,13,44,1343,0.098),
    (683,4,'2018-04-25 18:50:00',41,73,21,124,1354,0.1),
    (684,2,'2018-04-25 19:00:00',36,47,12,275,1384,0.097),
    (685,3,'2018-04-25 19:10:00',42,44,21,124,1351,0.08),
    (686,8,'2018-04-25 19:20:00',26,49,20,260,1338,0.097),
    (687,12,'2018-04-25 19:30:00',29,32,10,343,1327,0.055),
    (688,1,'2018-04-25 19:40:00',41,75,21,71,1341,0.058),
    (689,3,'2018-04-25 19:50:00',37,64,16,344,1367,0.09),
    (690,7,'2018-04-25 20:00:00',47,50,16,121,1360,0.042),
    (691,5,'2018-04-25 20:10:00',34,68,26,221,1345,0.039),
    (692,3,'2018-04-25 20:20:00',37,48,11,218,1382,0.083),
    (693,10,'2018-04-25 20:30:00',45,47,23,158,1383,0.086),
    (694,7,'2018-04-25 20:40:00',47,52,17,327,1361,0.057),
    (695,2,'2018-04-25 20:50:00',26,51,7,12,1388,0.057),
    (696,8,'2018-04-25 21:00:00',38,54,29,55,1368,0.057),
    (697,9,'2018-04-25 21:10:00',24,71,30,321,1404,0.075),
    (698,6,'2018-04-25 21:20:00',44,57,6,26,1361,0.085),
    (699,3,'2018-04-25 21:30:00',44,76,6,215,1389,0.039),
    (700,6,'2018-04-25 21:40:00',22,31,14,15,1401,0.027),
    (701,6,'2018-04-25 21:50:00',49,69,19,319,1379,0.099),
    (702,14,'2018-04-25 22:00:00',38,36,13,75,1329,0.034),
    (703,7,'2018-04-25 22:10:00',45,78,22,11,1347,0.1),
    (704,13,'2018-04-25 22:20:00',20,74,30,342,1331,0.048),
    (705,7,'2018-04-25 22:30:00',35,37,16,77,1385,0.028),
    (706,10,'2018-04-25 22:40:00',24,48,28,278,1402,0.066),
    (707,9,'2018-04-25 22:50:00',31,46,27,29,1323,0.027),
    (708,4,'2018-04-25 23:00:00',24,46,19,306,1401,0.054),
    (709,1,'2018-04-25 23:10:00',34,80,6,165,1365,0.059),
    (710,1,'2018-04-25 23:20:00',21,31,19,232,1357,0.027),
    (711,13,'2018-04-25 23:30:00',38,62,21,84,1351,0.063),
    (712,14,'2018-04-25 23:40:00',31,40,18,280,1335,0.07),
    (713,11,'2018-04-25 23:50:00',41,46,29,290,1325,0.096),
    (714,15,'2018-04-26 1037184:00:00',36,80,18,104,1359,0.078),
    (715,8,'2018-04-26 1037184:10:00',43,55,18,333,1325,0.048),
    (716,1,'2018-04-26 1037184:20:00',28,47,28,314,1325,0.026),
    (717,7,'2018-04-26 1037184:30:00',26,58,19,30,1398,0.051),
    (718,10,'2018-04-26 1037184:40:00',23,67,16,328,1391,0.045),
    (719,3,'2018-04-26 1037184:50:00',29,56,19,262,1382,0.03),
    (720,8,'2018-04-26 1037185:00:00',31,35,19,185,1328,0.055),
    (721,5,'2018-04-26 1:10:00',28,62,25,28,1389,0.04),
    (722,14,'2018-04-26 1:20:00',22,38,12,228,1381,0.078),
    (723,6,'2018-04-26 1:30:00',49,32,10,344,1331,0.029),
    (724,4,'2018-04-26 1:40:00',29,57,7,138,1345,0.049),
    (725,2,'2018-04-26 1:50:00',33,32,10,260,1329,0.096),
    (726,4,'2018-04-26 2:00:00',47,31,13,14,1343,0.075),
    (727,5,'2018-04-26 2:10:00',46,56,29,189,1325,0.034),
    (728,3,'2018-04-26 2:20:00',45,40,30,280,1333,0.035),
    (729,2,'2018-04-26 2:30:00',42,71,7,283,1386,0.07),
    (730,12,'2018-04-26 2:40:00',43,56,23,61,1400,0.08),
    (731,8,'2018-04-26 2:50:00',39,35,26,66,1408,0.043),
    (732,13,'2018-04-26 3:00:00',40,67,11,210,1337,0.069),
    (733,10,'2018-04-26 3:10:00',31,45,19,312,1348,0.081),
    (734,10,'2018-04-26 3:20:00',21,68,20,93,1410,0.093),
    (735,5,'2018-04-26 3:30:00',48,61,17,80,1386,0.036),
    (736,9,'2018-04-26 3:40:00',29,78,29,24,1348,0.033),
    (737,7,'2018-04-26 3:50:00',28,40,10,120,1335,0.093),
    (738,7,'2018-04-26 4:00:00',27,41,26,190,1334,0.071),
    (739,7,'2018-04-26 4:10:00',30,78,6,252,1329,0.069),
    (740,9,'2018-04-26 4:20:00',47,65,13,232,1379,0.065),
    (741,14,'2018-04-26 4:30:00',45,42,6,348,1354,0.06),
    (742,13,'2018-04-26 4:40:00',37,43,16,165,1363,0.037),
    (743,5,'2018-04-26 4:50:00',46,69,16,109,1366,0.033),
    (744,9,'2018-04-26 5:00:00',50,61,10,302,1365,0.042),
    (745,2,'2018-04-26 5:10:00',45,34,28,247,1324,0.025),
    (746,4,'2018-04-26 5:20:00',50,41,16,230,1384,0.04),
    (747,8,'2018-04-26 5:30:00',30,75,27,230,1407,0.076),
    (748,8,'2018-04-26 5:40:00',20,33,26,340,1391,0.055),
    (749,8,'2018-04-26 5:50:00',28,48,27,339,1410,0.039),
    (750,15,'2018-04-26 6:00:00',41,31,10,339,1371,0.025);
INSERT INTO Weather_Readings VALUES
    (751,15,'2018-04-26 6:10:00',24,75,28,223,1388,0.058),
    (752,1,'2018-04-26 6:20:00',27,54,20,322,1330,0.086),
    (753,9,'2018-04-26 6:30:00',30,32,19,53,1353,0.05),
    (754,11,'2018-04-26 6:40:00',48,70,10,196,1342,0.042),
    (755,2,'2018-04-26 6:50:00',36,56,14,95,1397,0.072),
    (756,8,'2018-04-26 7:00:00',50,63,28,187,1386,0.097),
    (757,6,'2018-04-26 7:10:00',22,57,17,85,1335,0.054),
    (758,11,'2018-04-26 7:20:00',23,57,19,140,1343,0.061),
    (759,3,'2018-04-26 7:30:00',45,40,29,172,1386,0.032),
    (760,6,'2018-04-26 7:40:00',48,54,14,94,1389,0.096),
    (761,7,'2018-04-26 7:50:00',23,49,8,312,1345,0.086),
    (762,15,'2018-04-26 8:00:00',44,64,28,18,1358,0.063),
    (763,12,'2018-04-26 8:10:00',31,30,13,82,1388,0.059),
    (764,3,'2018-04-26 8:20:00',46,68,19,36,1388,0.068),
    (765,10,'2018-04-26 8:30:00',40,52,16,293,1385,0.046),
    (766,9,'2018-04-26 8:40:00',37,53,12,110,1387,0.081),
    (767,8,'2018-04-26 8:50:00',40,56,18,301,1341,0.077),
    (768,15,'2018-04-26 9:00:00',50,59,26,79,1388,0.048),
    (769,3,'2018-04-26 9:10:00',26,34,9,104,1377,0.082),
    (770,4,'2018-04-26 9:20:00',47,70,28,275,1338,0.097),
    (771,12,'2018-04-26 9:30:00',50,52,21,136,1345,0.091),
    (772,6,'2018-04-26 9:40:00',25,58,6,248,1400,0.067),
    (773,8,'2018-04-26 9:50:00',22,36,11,219,1394,0.098),
    (774,6,'2018-04-26 10:00:00',33,58,10,319,1343,0.066),
    (775,4,'2018-04-26 10:10:00',46,53,17,302,1345,0.048),
    (776,7,'2018-04-26 10:20:00',37,52,27,152,1330,0.046),
    (777,6,'2018-04-26 10:30:00',27,72,22,92,1400,0.065),
    (778,1,'2018-04-26 10:40:00',39,47,18,115,1343,0.088),
    (779,2,'2018-04-26 10:50:00',42,35,17,89,1358,0.04),
    (780,6,'2018-04-26 11:00:00',41,30,20,228,1337,0.033),
    (781,13,'2018-04-26 11:10:00',30,65,7,49,1345,0.034),
    (782,14,'2018-04-26 11:20:00',34,49,10,335,1376,0.04),
    (783,14,'2018-04-26 11:30:00',30,41,24,49,1404,0.051),
    (784,14,'2018-04-26 11:40:00',29,45,30,335,1409,0.084),
    (785,14,'2018-04-26 11:50:00',48,64,12,142,1358,0.059),
    (786,9,'2018-04-26 12:00:00',41,41,19,100,1327,0.095),
    (787,5,'2018-04-26 12:10:00',28,44,7,325,1358,0.032),
    (788,13,'2018-04-26 12:20:00',22,67,26,80,1329,0.076),
    (789,2,'2018-04-26 12:30:00',34,76,30,140,1372,0.076),
    (790,7,'2018-04-26 12:40:00',35,43,23,281,1330,0.037),
    (791,4,'2018-04-26 12:50:00',43,64,14,198,1395,0.047),
    (792,7,'2018-04-26 13:00:00',22,76,27,32,1348,0.046),
    (793,13,'2018-04-26 13:10:00',20,30,29,186,1375,0.052),
    (794,5,'2018-04-26 13:20:00',48,39,10,208,1379,0.062),
    (795,5,'2018-04-26 13:30:00',35,77,19,293,1341,0.06),
    (796,10,'2018-04-26 13:40:00',49,58,10,229,1405,0.075),
    (797,3,'2018-04-26 13:50:00',26,69,12,155,1368,0.092),
    (798,7,'2018-04-26 14:00:00',49,45,29,194,1360,0.087),
    (799,11,'2018-04-26 14:10:00',25,79,9,111,1412,0.047),
    (800,10,'2018-04-26 14:20:00',39,36,27,32,1390,0.084),
    (801,8,'2018-04-26 14:30:00',33,44,13,132,1393,0.037),
    (802,6,'2018-04-26 14:40:00',38,51,6,215,1367,0.048),
    (803,9,'2018-04-26 14:50:00',50,54,15,309,1352,0.031),
    (804,2,'2018-04-26 15:00:00',20,55,23,186,1356,0.035),
    (805,14,'2018-04-26 15:10:00',43,64,18,155,1387,0.093),
    (806,6,'2018-04-26 15:20:00',31,75,10,169,1413,0.034),
    (807,15,'2018-04-26 15:30:00',36,73,7,318,1347,0.072),
    (808,14,'2018-04-26 15:40:00',50,58,28,183,1382,0.087),
    (809,13,'2018-04-26 15:50:00',23,56,30,61,1360,0.06),
    (810,1,'2018-04-26 16:00:00',50,36,27,342,1405,0.031),
    (811,11,'2018-04-26 16:10:00',38,32,26,18,1387,0.059),
    (812,10,'2018-04-26 16:20:00',26,54,6,156,1366,0.031),
    (813,3,'2018-04-26 16:30:00',28,61,10,233,1408,0.1),
    (814,3,'2018-04-26 16:40:00',36,31,14,340,1333,0.051),
    (815,14,'2018-04-26 16:50:00',38,62,15,165,1348,0.065),
    (816,14,'2018-04-26 17:00:00',37,52,18,226,1348,0.055),
    (817,11,'2018-04-26 17:10:00',25,46,23,106,1359,0.081),
    (818,9,'2018-04-26 17:20:00',42,76,30,270,1388,0.076),
    (819,6,'2018-04-26 17:30:00',21,45,19,206,1327,0.073),
    (820,9,'2018-04-26 17:40:00',21,42,21,81,1384,0.031),
    (821,14,'2018-04-26 17:50:00',50,61,16,297,1376,0.086),
    (822,12,'2018-04-26 18:00:00',45,72,16,12,1381,0.061),
    (823,8,'2018-04-26 18:10:00',45,77,28,168,1395,0.077),
    (824,14,'2018-04-26 18:20:00',32,46,19,254,1394,0.081),
    (825,6,'2018-04-26 18:30:00',39,62,26,119,1380,0.088),
    (826,4,'2018-04-26 18:40:00',32,68,14,243,1367,0.068),
    (827,11,'2018-04-26 18:50:00',27,72,13,303,1378,0.08),
    (828,11,'2018-04-26 19:00:00',20,31,21,109,1325,0.072),
    (829,10,'2018-04-26 19:10:00',43,48,12,97,1371,0.074),
    (830,11,'2018-04-26 19:20:00',21,45,18,128,1331,0.049),
    (831,2,'2018-04-26 19:30:00',26,30,23,88,1336,0.029),
    (832,8,'2018-04-26 19:40:00',31,59,10,236,1398,0.08),
    (833,7,'2018-04-26 19:50:00',23,59,27,60,1413,0.026),
    (834,4,'2018-04-26 20:00:00',30,56,25,96,1401,0.084),
    (835,9,'2018-04-26 20:10:00',29,62,20,128,1368,0.042),
    (836,6,'2018-04-26 20:20:00',20,75,10,64,1332,0.092),
    (837,14,'2018-04-26 20:30:00',27,30,20,114,1384,0.069),
    (838,3,'2018-04-26 20:40:00',47,47,12,151,1386,0.038),
    (839,11,'2018-04-26 20:50:00',48,65,30,317,1358,0.052),
    (840,13,'2018-04-26 21:00:00',24,72,16,332,1407,0.026),
    (841,9,'2018-04-26 21:10:00',28,63,27,113,1375,0.079),
    (842,9,'2018-04-26 21:20:00',38,62,12,18,1333,0.035),
    (843,9,'2018-04-26 21:30:00',21,37,26,308,1348,0.027),
    (844,2,'2018-04-26 21:40:00',47,47,21,25,1391,0.033),
    (845,4,'2018-04-26 21:50:00',37,79,14,122,1363,0.044),
    (846,3,'2018-04-26 22:00:00',42,55,9,92,1369,0.076),
    (847,6,'2018-04-26 22:10:00',22,51,25,102,1326,0.035),
    (848,14,'2018-04-26 22:20:00',49,52,25,82,1385,0.082),
    (849,15,'2018-04-26 22:30:00',26,32,8,117,1404,0.067),
    (850,13,'2018-04-26 22:40:00',47,37,19,63,1334,0.077),
    (851,12,'2018-04-26 22:50:00',25,79,22,253,1387,0.06),
    (852,13,'2018-04-26 23:00:00',32,67,25,22,1370,0.027),
    (853,8,'2018-04-26 23:10:00',26,52,29,104,1355,0.035),
    (854,9,'2018-04-26 23:20:00',23,59,19,37,1327,0.027),
    (855,3,'2018-04-26 23:30:00',31,39,27,141,1412,0.043),
    (856,9,'2018-04-26 23:40:00',38,38,27,224,1335,0.042),
    (857,1,'2018-04-26 23:50:00',23,41,18,139,1406,0.089),
    (858,5,'2018-04-27 1037208:00:00',49,45,29,85,1372,0.068),
    (859,11,'2018-04-27 1037208:10:00',32,73,20,297,1391,0.034),
    (860,13,'2018-04-27 1037208:20:00',35,41,6,133,1374,0.073),
    (861,11,'2018-04-27 1037208:30:00',41,40,14,136,1379,0.093),
    (862,3,'2018-04-27 1037208:40:00',44,72,8,145,1403,0.06),
    (863,12,'2018-04-27 1037208:50:00',34,80,7,216,1363,0.025),
    (864,14,'2018-04-27 1037209:00:00',21,41,18,55,1357,0.067),
    (865,2,'2018-04-27 1:10:00',37,49,13,208,1392,0.033),
    (866,14,'2018-04-27 1:20:00',32,41,30,177,1374,0.071),
    (867,7,'2018-04-27 1:30:00',41,52,29,153,1403,0.084),
    (868,3,'2018-04-27 1:40:00',45,69,6,76,1411,0.063),
    (869,5,'2018-04-27 1:50:00',27,46,28,25,1344,0.044),
    (870,14,'2018-04-27 2:00:00',23,54,17,319,1407,0.067),
    (871,2,'2018-04-27 2:10:00',26,33,26,136,1389,0.072),
    (872,9,'2018-04-27 2:20:00',40,61,10,58,1401,0.044),
    (873,13,'2018-04-27 2:30:00',38,66,6,83,1387,0.077),
    (874,3,'2018-04-27 2:40:00',24,67,14,85,1370,0.086),
    (875,4,'2018-04-27 2:50:00',33,66,7,340,1381,0.082),
    (876,4,'2018-04-27 3:00:00',33,45,7,21,1390,0.089),
    (877,5,'2018-04-27 3:10:00',24,37,10,254,1365,0.03),
    (878,15,'2018-04-27 3:20:00',44,67,17,305,1390,0.06),
    (879,14,'2018-04-27 3:30:00',46,40,19,87,1383,0.08),
    (880,13,'2018-04-27 3:40:00',31,61,14,24,1346,0.043),
    (881,7,'2018-04-27 3:50:00',47,48,13,72,1337,0.043),
    (882,8,'2018-04-27 4:00:00',49,53,29,80,1394,0.073),
    (883,3,'2018-04-27 4:10:00',26,51,14,248,1354,0.04),
    (884,13,'2018-04-27 4:20:00',42,72,17,207,1407,0.079),
    (885,14,'2018-04-27 4:30:00',37,77,24,276,1339,0.028),
    (886,11,'2018-04-27 4:40:00',26,30,24,14,1411,0.085),
    (887,13,'2018-04-27 4:50:00',31,44,21,219,1349,0.026),
    (888,10,'2018-04-27 5:00:00',35,57,29,298,1383,0.097),
    (889,3,'2018-04-27 5:10:00',47,31,29,217,1395,0.089),
    (890,7,'2018-04-27 5:20:00',35,50,27,172,1326,0.05),
    (891,5,'2018-04-27 5:30:00',22,68,29,19,1331,0.042),
    (892,9,'2018-04-27 5:40:00',44,45,26,291,1406,0.044),
    (893,2,'2018-04-27 5:50:00',34,80,25,59,1369,0.082),
    (894,5,'2018-04-27 6:00:00',33,56,8,287,1409,0.041),
    (895,6,'2018-04-27 6:10:00',40,49,18,196,1354,0.08),
    (896,2,'2018-04-27 6:20:00',36,75,17,322,1377,0.075),
    (897,2,'2018-04-27 6:30:00',20,49,28,154,1370,0.063),
    (898,6,'2018-04-27 6:40:00',47,56,8,26,1344,0.068),
    (899,6,'2018-04-27 6:50:00',22,74,21,270,1366,0.097),
    (900,14,'2018-04-27 7:00:00',33,51,25,106,1368,0.027),
    (901,11,'2018-04-27 7:10:00',50,64,14,35,1401,0.059),
    (902,5,'2018-04-27 7:20:00',20,72,11,211,1386,0.097),
    (903,10,'2018-04-27 7:30:00',20,44,15,208,1348,0.077),
    (904,1,'2018-04-27 7:40:00',23,61,6,240,1330,0.064),
    (905,5,'2018-04-27 7:50:00',38,45,22,267,1368,0.092),
    (906,9,'2018-04-27 8:00:00',39,65,9,147,1343,0.097),
    (907,4,'2018-04-27 8:10:00',32,55,27,246,1338,0.078),
    (908,12,'2018-04-27 8:20:00',24,70,15,27,1335,0.082),
    (909,10,'2018-04-27 8:30:00',26,45,29,317,1376,0.033),
    (910,12,'2018-04-27 8:40:00',46,64,22,348,1376,0.048),
    (911,1,'2018-04-27 8:50:00',26,53,29,310,1338,0.042),
    (912,4,'2018-04-27 9:00:00',32,30,10,12,1370,0.097),
    (913,5,'2018-04-27 9:10:00',34,71,11,204,1412,0.04),
    (914,7,'2018-04-27 9:20:00',21,80,9,93,1385,0.091),
    (915,8,'2018-04-27 9:30:00',32,66,17,138,1388,0.059),
    (916,4,'2018-04-27 9:40:00',34,64,17,307,1391,0.077),
    (917,4,'2018-04-27 9:50:00',31,71,21,35,1346,0.073),
    (918,13,'2018-04-27 10:00:00',47,36,15,67,1384,0.099),
    (919,2,'2018-04-27 10:10:00',37,79,15,55,1362,0.05),
    (920,15,'2018-04-27 10:20:00',22,35,28,264,1355,0.067),
    (921,12,'2018-04-27 10:30:00',29,53,28,306,1364,0.082),
    (922,14,'2018-04-27 10:40:00',48,56,24,233,1333,0.028),
    (923,1,'2018-04-27 10:50:00',30,67,30,313,1379,0.046),
    (924,10,'2018-04-27 11:00:00',45,57,16,66,1345,0.053),
    (925,15,'2018-04-27 11:10:00',27,66,13,59,1413,0.095),
    (926,4,'2018-04-27 11:20:00',47,54,9,29,1333,0.028),
    (927,12,'2018-04-27 11:30:00',45,78,25,250,1379,0.074),
    (928,15,'2018-04-27 11:40:00',46,78,18,34,1378,0.05),
    (929,2,'2018-04-27 11:50:00',37,33,8,59,1343,0.066),
    (930,9,'2018-04-27 12:00:00',45,51,14,314,1369,0.038),
    (931,6,'2018-04-27 12:10:00',37,32,24,145,1380,0.053),
    (932,10,'2018-04-27 12:20:00',38,66,19,248,1394,0.09),
    (933,10,'2018-04-27 12:30:00',21,35,22,253,1390,0.048),
    (934,8,'2018-04-27 12:40:00',29,49,30,143,1389,0.093),
    (935,9,'2018-04-27 12:50:00',44,54,10,82,1353,0.06),
    (936,8,'2018-04-27 13:00:00',42,61,26,209,1407,0.046),
    (937,12,'2018-04-27 13:10:00',34,49,19,237,1383,0.1),
    (938,13,'2018-04-27 13:20:00',31,71,17,211,1324,0.099),
    (939,13,'2018-04-27 13:30:00',47,77,27,333,1402,0.09),
    (940,2,'2018-04-27 13:40:00',26,60,15,271,1390,0.056),
    (941,4,'2018-04-27 13:50:00',28,69,21,61,1410,0.058),
    (942,4,'2018-04-27 14:00:00',34,33,29,109,1413,0.095),
    (943,7,'2018-04-27 14:10:00',21,44,14,101,1397,0.053),
    (944,11,'2018-04-27 14:20:00',23,31,23,286,1337,0.072),
    (945,14,'2018-04-27 14:30:00',24,69,16,122,1412,0.047),
    (946,11,'2018-04-27 14:40:00',38,34,29,202,1353,0.027),
    (947,14,'2018-04-27 14:50:00',21,46,25,52,1351,0.043),
    (948,12,'2018-04-27 15:00:00',44,56,18,221,1393,0.083),
    (949,4,'2018-04-27 15:10:00',41,67,9,171,1391,0.049),
    (950,11,'2018-04-27 15:20:00',44,68,15,339,1399,0.072),
    (951,12,'2018-04-27 15:30:00',22,80,26,11,1335,0.053),
    (952,7,'2018-04-27 15:40:00',43,42,19,140,1375,0.047),
    (953,9,'2018-04-27 15:50:00',32,42,13,208,1342,0.072),
    (954,10,'2018-04-27 16:00:00',49,35,16,312,1361,0.051),
    (955,9,'2018-04-27 16:10:00',32,47,28,115,1343,0.072),
    (956,7,'2018-04-27 16:20:00',41,31,30,322,1347,0.09),
    (957,5,'2018-04-27 16:30:00',44,79,19,316,1400,0.095),
    (958,9,'2018-04-27 16:40:00',24,40,11,322,1401,0.08),
    (959,6,'2018-04-27 16:50:00',35,39,21,348,1368,0.043),
    (960,5,'2018-04-27 17:00:00',47,69,9,136,1399,0.083),
    (961,4,'2018-04-27 17:10:00',22,56,10,125,1362,0.073),
    (962,13,'2018-04-27 17:20:00',32,54,19,54,1349,0.037),
    (963,7,'2018-04-27 17:30:00',21,38,8,276,1352,0.087),
    (964,11,'2018-04-27 17:40:00',31,74,20,231,1353,0.044),
    (965,14,'2018-04-27 17:50:00',49,50,30,192,1341,0.069),
    (966,8,'2018-04-27 18:00:00',37,65,23,123,1328,0.089),
    (967,5,'2018-04-27 18:10:00',44,57,7,184,1402,0.069),
    (968,8,'2018-04-27 18:20:00',44,70,17,209,1372,0.088),
    (969,13,'2018-04-27 18:30:00',37,37,8,94,1353,0.032),
    (970,5,'2018-04-27 18:40:00',43,54,10,340,1357,0.026),
    (971,15,'2018-04-27 18:50:00',31,58,21,49,1358,0.048),
    (972,11,'2018-04-27 19:00:00',42,39,24,130,1348,0.08),
    (973,2,'2018-04-27 19:10:00',42,67,21,63,1362,0.068),
    (974,15,'2018-04-27 19:20:00',48,56,15,329,1356,0.093),
    (975,10,'2018-04-27 19:30:00',35,55,15,319,1390,0.049),
    (976,15,'2018-04-27 19:40:00',30,35,21,76,1411,0.043),
    (977,14,'2018-04-27 19:50:00',46,30,7,229,1370,0.088),
    (978,5,'2018-04-27 20:00:00',42,79,7,22,1403,0.079),
    (979,8,'2018-04-27 20:10:00',50,55,19,24,1383,0.063),
    (980,11,'2018-04-27 20:20:00',37,63,18,210,1359,0.033),
    (981,13,'2018-04-27 20:30:00',36,39,20,158,1370,0.062),
    (982,2,'2018-04-27 20:40:00',48,49,8,83,1347,0.078),
    (983,9,'2018-04-27 20:50:00',24,76,7,206,1324,0.078),
    (984,7,'2018-04-27 21:00:00',48,36,25,33,1357,0.047),
    (985,5,'2018-04-27 21:10:00',33,64,25,92,1359,0.026),
    (986,8,'2018-04-27 21:20:00',28,66,13,72,1412,0.076),
    (987,12,'2018-04-27 21:30:00',35,62,24,228,1413,0.055),
    (988,15,'2018-04-27 21:40:00',38,62,15,101,1361,0.061),
    (989,14,'2018-04-27 21:50:00',25,41,27,247,1347,0.047),
    (990,10,'2018-04-27 22:00:00',45,63,22,197,1322,0.083),
    (991,15,'2018-04-27 22:10:00',42,39,25,200,1351,0.052),
    (992,8,'2018-04-27 22:20:00',25,64,11,303,1331,0.07),
    (993,13,'2018-04-27 22:30:00',24,49,19,155,1332,0.063),
    (994,1,'2018-04-27 22:40:00',42,39,23,109,1397,0.095),
    (995,3,'2018-04-27 22:50:00',36,54,8,274,1409,0.066),
    (996,3,'2018-04-27 23:00:00',21,51,25,35,1386,0.087),
    (997,15,'2018-04-27 23:10:00',34,63,22,129,1392,0.077),
    (998,4,'2018-04-27 23:20:00',24,47,13,150,1323,0.091),
    (999,12,'2018-04-27 23:30:00',24,49,12,244,1323,0.057),
    (1000,4,'2018-04-27 23:40:00',36,33,21,318,1412,0.069);
CREATE TABLE IF NOT EXISTS Weekdays (
    "day_of_the_week" VARCHAR(9) ,
    "family_id" INT,
    "work_day_start" VARCHAR(4) ,
    "work_day_end" VARCHAR(5) 
);
INSERT INTO Weekdays VALUES
    ('Monday',1,'9:00','18:00'),
    ('Tuesday',1,'7:00','16:30'),
    ('Wednesday',1,'8:30','15:30'),
    ('Thursday',1,'8:30','15:30'),
    ('Friday',1,NULL,NULL),
    ('Saturday',1,NULL,NULL),
    ('Sunday',1,'9:00','18:00'),
    ('Monday',2,'9:00','18:00'),
    ('Tuesday',2,'7:00','16:30'),
    ('Wednesday',2,'8:30','15:30'),
    ('Thursday',2,'8:30','15:30'),
    ('Friday',2,NULL,NULL),
    ('Saturday',2,NULL,NULL),
    ('Sunday',2,'9:00','18:00'),
    ('Monday',3,'9:00','18:00'),
    ('Tuesday',3,'7:00','16:30'),
    ('Wednesday',3,'8:30','15:30'),
    ('Thursday',3,'8:30','15:30'),
    ('Friday',3,NULL,NULL),
    ('Saturday',3,NULL,NULL),
    ('Sunday',3,'9:00','18:00'),
    ('Monday',4,'9:00','18:00'),
    ('Tuesday',4,'7:00','16:30'),
    ('Wednesday',4,'8:30','15:30'),
    ('Thursday',4,'8:30','15:30'),
    ('Friday',4,NULL,NULL),
    ('Saturday',4,NULL,NULL),
    ('Sunday',4,'9:00','18:00'),
    ('Monday',5,'9:00','18:00'),
    ('Tuesday',5,'7:00','16:30'),
    ('Wednesday',5,'8:30','15:30'),
    ('Thursday',5,'8:30','15:30'),
    ('Friday',5,NULL,NULL),
    ('Saturday',5,NULL,NULL),
    ('Sunday',5,'9:00','18:00'),
    ('Monday',6,'9:00','18:00'),
    ('Tuesday',6,'7:00','16:30'),
    ('Wednesday',6,'8:30','15:30'),
    ('Thursday',6,'8:30','15:30'),
    ('Friday',6,NULL,NULL),
    ('Saturday',6,NULL,NULL),
    ('Sunday',6,'9:00','18:00'),
    ('Monday',7,'9:00','18:00'),
    ('Tuesday',7,'7:00','16:30'),
    ('Wednesday',7,'8:30','15:30'),
    ('Thursday',7,'8:30','15:30'),
    ('Friday',7,NULL,NULL),
    ('Saturday',7,NULL,NULL),
    ('Sunday',7,'9:00','18:00'),
    ('Monday',8,'9:00','18:00'),
    ('Tuesday',8,'7:00','16:30'),
    ('Wednesday',8,'8:30','15:30'),
    ('Thursday',8,'8:30','15:30'),
    ('Friday',8,NULL,NULL),
    ('Saturday',8,NULL,NULL);
